module	decompile	recompile	deterministic	srcFP	bcFP	closedAt	constId	hashEq	strEq	keyEq	protos	closedConstId	byteIdentical	cfgId	cfgEq	closedCfgId	error
EE_Interface_AnchorMgr.lua_B	True	True	True	False	False	2	PASS	13	13	13	13	PASS	False	PASS	13	PASS	
EE_Interface_Components_DragScroll.lua_B	True	True	True	False	False	2	PASS	6	6	6	6	PASS	False	PASS	6	PASS	
EE_Interface_Components_DropDownMenu.lua_B	True	True	True	False	False	2	PASS	27	27	27	27	PASS	False	PASS	27	PASS	
EE_Interface_Components_Grid.lua_B	True	True	True	False	False	2	PASS	44	44	44	44	PASS	False	PASS	44	PASS	
EE_Interface_Components_ImageSlideShow.lua_B	True	True	True	False	False	2	PASS	52	52	52	52	PASS	False	PASS	52	PASS	
EE_Interface_Components_List.lua_B	True	True	True	False	False	3	PASS	88	88	88	88	PASS	False	FAIL	86	FAIL	
EE_Interface_Components_ListContainer.lua_B	True	True	True	False	False	2	PASS	21	21	21	21	PASS	False	PASS	21	PASS	
EE_Interface_Components_ScrollBar.lua_B	True	True	True	False	False	2	PASS	48	48	48	48	PASS	False	PASS	48	PASS	
EE_Interface_Editor_UiInspector_UiInspector.lua_B	True	True	True	False	False	2	PASS	16	16	16	16	PASS	False	PASS	16	PASS	
EE_Interface_Utilities.lua_B	True	True	True	False	False	3	PASS	168	168	168	168	PASS	False	PASS	168	FAIL	
EE_Scripts_CommandExample.lua_B	False	None	None	None	None	None	None	None	None	None	None	None	None	None	None	None	decompile: decompile-mod-u44: emit problem: cfg build failed 
EE_Scripts_ImGuiCameraSettings.lua_B	False	None	None	None	None	None	None	None	None	None	None	None	None	None	None	None	decompile: decompile-mod-u44: emit problem: cfg build failed 
EE_Scripts_ImGuiCinematics.lua_B	False	None	None	None	None	None	None	None	None	None	None	None	None	None	None	None	decompile: decompile-mod-u44: emit problem: cfg build failed 
EE_Scripts_ImGuiEntityViewer.lua_B	False	None	None	None	None	None	None	None	None	None	None	None	None	None	None	None	decompile: u44 input profile: profile: unsupported opcode 86 decompile-mod-u44: walk error: not a 09 03 container 
EE_Scripts_ImGuiScriptBlackboard.lua_B	False	None	None	None	None	None	None	None	None	None	None	None	None	None	None	None	decompile: decompile-mod-u44: emit problem: cfg build failed 
EE_Scripts_ImGuiSeasonOverride.lua_B	False	None	None	None	None	None	None	None	None	None	None	None	None	None	None	None	decompile: decompile-mod-u44: emit problem: cfg build failed 
EE_Scripts_PostConfig.lua_B	True	True	True	True	True	1	PASS	2	2	2	2	None	False	PASS	2	None	
EE_Types_ScriptCommands_JSON.lua_B	True	True	True	False	False	2	PASS	23	23	23	23	PASS	False	PASS	23	PASS	
EE_Types_ScriptCommands_SetVortexWindPerZone.lua_B	False	None	None	None	None	None	None	None	None	None	None	None	None	None	None	None	decompile: decompile-mod-u44: emit problem: cfg build failed 
Lotus_Characters_Tenno_Accessory_Ephemeras_DuelistSpiritEphemera_DuelistSpiritEphemera.lua_B	True	True	True	False	False	2	PASS	15	15	15	15	PASS	False	PASS	15	PASS	
Lotus_Characters_Tenno_Accessory_Ephemeras_QorvexDeluxeEphemera_QorvexDeluxeEphemeraBat.lua_B	True	True	True	False	False	None	PASS	16	16	16	16	None	False	FAIL	15	None	
Lotus_Characters_Tenno_Infestation_Cyst_InfestationCyst.lua_B	True	True	True	False	False	2	PASS	7	7	7	7	PASS	False	FAIL	6	FAIL	
Lotus_Docs_Loadouts.lua_B	True	True	True	False	False	2	PASS	6	6	6	6	PASS	False	PASS	6	PASS	
Lotus_Fx_Enemies_Tau_Drone_TauDroneEffects.lua_B	True	True	True	True	True	1	PASS	3	3	3	3	None	False	PASS	3	None	
Lotus_Fx_Gameplay_Nightwave_SeasonTwo_CarryLamp.lua_B	True	True	True	True	True	1	PASS	3	3	3	3	None	False	PASS	3	None	
Lotus_Fx_Icebalde_IceKuvaCrystalRainRandomCrystal.lua_B	True	True	True	True	True	1	PASS	2	2	2	2	None	False	PASS	2	None	
Lotus_Fx_Levels_1999Warframe_CableEnableElectricity.lua_B	True	True	True	True	True	1	PASS	2	2	2	2	None	False	PASS	2	None	
Lotus_Fx_Levels_InfestedMicroplanet_HeartVault_HeartControl.lua_B	True	True	True	True	True	1	PASS	3	3	3	3	None	False	PASS	3	None	
Lotus_Fx_ModQuest_DroneDamageAvatarScript.lua_B	True	True	True	False	False	2	PASS	5	5	5	5	PASS	False	PASS	5	PASS	
Lotus_Fx_ModQuest_ModQuestPrecipitation.lua_B	True	True	True	False	False	2	PASS	4	4	4	4	PASS	False	FAIL	3	FAIL	
Lotus_Fx_PowersuitAbilities_Decree_PushAbility.lua_B	True	True	True	True	True	1	PASS	8	8	8	8	None	False	PASS	8	None	
Lotus_Fx_PowersuitAbilities_Lotus_CableAbilityEffects.lua_B	True	True	True	False	False	2	PASS	4	4	4	4	PASS	False	PASS	4	PASS	
Lotus_Fx_Weapons_Railjack_MegaLaser_MegaLaser.lua_B	True	True	True	True	True	1	PASS	2	2	2	2	None	False	PASS	2	None	
Lotus_Fx_Weapons_Tenno_Archwing_Primary_NokkoArchGun_NokkoArchGunRandomRotation.lua_B	True	True	True	True	True	1	PASS	2	2	2	2	None	False	PASS	2	None	
Lotus_Interface_1999_DiegeticCalendar.lua_B	True	True	True	False	False	2	PASS	7	7	7	7	PASS	False	FAIL	6	FAIL	
Lotus_Interface_1999_PasswordFloatingWords.lua_B	True	True	True	True	True	1	PASS	23	23	23	23	None	False	PASS	23	None	
Lotus_Interface_1999_ProtoframeSelection.lua_B	True	True	True	False	False	2	PASS	35	35	35	35	PASS	False	PASS	35	PASS	
Lotus_Interface_1999_QuestPassword.lua_B	True	True	True	False	False	2	PASS	16	16	16	16	PASS	False	PASS	16	PASS	
Lotus_Interface_1999_RetroMap.lua_B	True	True	True	False	False	2	PASS	111	111	111	111	PASS	False	FAIL	110	FAIL	
Lotus_Interface_1999_RetroMessenger.lua_B	True	True	True	False	False	3	FAIL	51	75	40	374	FAIL	False	FAIL	5	FAIL	
Lotus_Interface_AbilityExtractPreview.lua_B	True	True	True	True	True	1	PASS	15	15	15	15	None	False	PASS	15	None	
Lotus_Interface_AbilityReplaceSelection.lua_B	True	True	True	True	True	1	PASS	37	37	37	37	None	False	PASS	37	None	
Lotus_Interface_AcceptInvitePanel.lua_B	True	True	True	False	False	3	PASS	32	32	32	32	PASS	False	PASS	32	FAIL	
Lotus_Interface_AddIngredientsScreen.lua_B	True	True	True	False	False	3	PASS	53	53	53	53	PASS	False	FAIL	52	FAIL	
Lotus_Interface_AlignmentDisplay.lua_B	True	True	True	False	False	2	PASS	25	25	25	25	PASS	False	FAIL	24	FAIL	
Lotus_Interface_AllianceView.lua_B	True	True	True	False	False	2	PASS	111	111	111	111	PASS	False	PASS	111	PASS	
Lotus_Interface_AllPossibleEvolutions.lua_B	True	True	True	False	False	3	PASS	28	28	28	28	PASS	False	PASS	28	PASS	
Lotus_Interface_AnihilationCounter.lua_B	True	True	True	False	False	2	PASS	5	5	5	5	PASS	False	PASS	5	PASS	
Lotus_Interface_ApartmentCustomization.lua_B	True	True	True	False	False	2	PASS	36	36	36	36	PASS	False	PASS	36	PASS	
Lotus_Interface_AppearanceCustomization.lua_B	True	True	True	False	False	3	PASS	50	50	50	50	PASS	False	PASS	50	FAIL	
Lotus_Interface_AppearancePreview.lua_B	True	True	True	False	False	2	PASS	50	50	50	50	PASS	False	FAIL	49	FAIL	
Lotus_Interface_ArcadeGameSelect.lua_B	True	True	True	False	False	2	PASS	25	25	25	25	PASS	False	PASS	25	PASS	
Lotus_Interface_ArchimedeaStickerReveal.lua_B	True	True	True	False	False	2	PASS	41	41	41	41	PASS	False	PASS	41	PASS	
Lotus_Interface_ArchonIntro.lua_B	True	True	True	True	True	1	PASS	10	10	10	10	None	False	PASS	10	None	
Lotus_Interface_ArcWingHud.lua_B	True	True	True	False	False	2	PASS	26	26	26	26	PASS	False	PASS	26	PASS	
Lotus_Interface_ArenaGambling.lua_B	True	True	True	False	False	2	PASS	33	33	33	33	PASS	False	FAIL	32	FAIL	
Lotus_Interface_AttachMovie.lua_B	True	True	True	True	True	1	PASS	2	2	2	2	None	False	PASS	2	None	
Lotus_Interface_Background.lua_B	True	True	True	False	False	3	PASS	282	282	282	282	PASS	False	FAIL	275	FAIL	
Lotus_Interface_Backgrounds_Baruuk_BaruukBackground.lua_B	True	True	True	True	True	1	PASS	13	13	13	13	None	False	PASS	13	None	
Lotus_Interface_Backgrounds_Conquera_ConqueraBackground.lua_B	True	True	True	True	True	1	PASS	13	13	13	13	None	False	PASS	13	None	
Lotus_Interface_Backgrounds_Corpus_CorpusBackground.lua_B	True	True	True	True	True	1	PASS	15	15	15	15	None	False	PASS	15	None	
Lotus_Interface_Backgrounds_Deadlock_DeadlockBackground.lua_B	True	True	True	True	True	1	PASS	13	13	13	13	None	False	PASS	13	None	
Lotus_Interface_Backgrounds_Drippy_DrippyBackground.lua_B	True	True	True	False	False	2	PASS	15	15	15	15	PASS	False	PASS	15	PASS	
Lotus_Interface_Backgrounds_Fortuna_FortunaBackground.lua_B	True	True	True	True	True	1	PASS	15	15	15	15	None	False	PASS	15	None	
Lotus_Interface_Backgrounds_Grineer_GrineerBackground.lua_B	True	True	True	True	True	1	PASS	13	13	13	13	None	False	PASS	13	None	
Lotus_Interface_Backgrounds_Helminth_HelminthBackground.lua_B	True	True	True	True	True	1	PASS	14	14	14	14	None	False	PASS	14	None	
Lotus_Interface_Backgrounds_Legacy_LegacyBackground.lua_B	True	True	True	True	True	1	PASS	11	11	11	11	None	False	PASS	11	None	
Lotus_Interface_Backgrounds_Lotus_LotusBackground.lua_B	True	True	True	True	True	1	PASS	13	13	13	13	None	False	PASS	13	None	
Lotus_Interface_Backgrounds_Overlay_OverlayBackground.lua_B	True	True	True	False	False	2	PASS	19	19	19	19	PASS	False	PASS	19	PASS	
Lotus_Interface_Backgrounds_Retro_RetroBackground.lua_B	True	True	True	True	True	1	PASS	13	13	13	13	None	False	PASS	13	None	
Lotus_Interface_Backgrounds_SpringFestival_SpringFestivalBackground.lua_B	True	True	True	True	True	1	PASS	13	13	13	13	None	False	PASS	13	None	
Lotus_Interface_Backgrounds_Stalker_StalkerBackground.lua_B	True	True	True	False	False	2	PASS	13	13	13	13	PASS	False	PASS	13	PASS	
Lotus_Interface_Backgrounds_ZephyrDeluxe_ZephyrDeluxeBackground.lua_B	True	True	True	True	True	1	PASS	13	13	13	13	None	False	PASS	13	None	
Lotus_Interface_BadgeText.lua_B	True	True	True	False	False	2	PASS	9	9	9	9	PASS	False	PASS	9	PASS	
Lotus_Interface_BattleMap.lua_B	True	True	True	False	False	2	PASS	35	35	35	35	PASS	False	PASS	35	PASS	
Lotus_Interface_BeaconAccept.lua_B	True	True	True	False	False	2	PASS	20	20	20	20	PASS	False	PASS	20	PASS	
Lotus_Interface_BeaconAccepted.lua_B	True	True	True	True	True	1	PASS	16	16	16	16	None	False	FAIL	15	None	
Lotus_Interface_BeaconInProgress.lua_B	True	True	True	False	False	2	PASS	30	30	30	30	PASS	False	FAIL	29	FAIL	
Lotus_Interface_BeaconSuccess.lua_B	True	True	True	False	False	2	PASS	14	14	14	14	PASS	False	PASS	14	PASS	
Lotus_Interface_BehaviourSettingsPanel.lua_B	True	True	True	False	False	2	PASS	45	45	45	45	PASS	False	PASS	45	PASS	
Lotus_Interface_BinaryChoice.lua_B	True	True	True	False	False	2	PASS	31	31	31	31	PASS	False	PASS	31	PASS	
Lotus_Interface_BindingsUtil.lua_B	True	True	True	False	False	3	PASS	19	19	19	19	PASS	False	FAIL	18	FAIL	
Lotus_Interface_BlessingSelection.lua_B	True	True	True	False	False	2	PASS	32	32	32	32	PASS	False	PASS	32	PASS	
Lotus_Interface_Boardgame.lua_B	True	True	True	False	False	2	PASS	37	37	37	37	PASS	False	PASS	37	PASS	
Lotus_Interface_BoonNotification.lua_B	True	True	True	False	False	2	PASS	11	11	11	11	PASS	False	PASS	11	PASS	
Lotus_Interface_BoonsActive.lua_B	True	True	True	False	False	3	PASS	33	33	33	33	PASS	False	FAIL	32	FAIL	
Lotus_Interface_BoonSelection.lua_B	True	True	True	False	False	3	FAIL	10	12	8	71	FAIL	False	FAIL	6	FAIL	
Lotus_Interface_BootUpGlitch.lua_B	True	True	True	True	True	1	PASS	3	3	3	3	None	False	PASS	3	None	
Lotus_Interface_Bumper.lua_B	True	True	True	False	False	2	PASS	14	14	14	14	PASS	False	PASS	14	PASS	
Lotus_Interface_CaliberChicks_Minigames_CaliberChicksArcadeFrame.lua_B	True	True	True	False	False	2	PASS	7	7	7	7	PASS	False	PASS	7	PASS	
Lotus_Interface_CaliberChicks_Minigames_CaliberChicksCharacterSelect.lua_B	True	True	True	False	False	2	PASS	23	23	23	23	PASS	False	PASS	23	PASS	
Lotus_Interface_CaliberChicks_Minigames_CaliberChicksControlsScreen.lua_B	True	True	True	False	False	2	PASS	29	29	29	29	PASS	False	FAIL	28	FAIL	
Lotus_Interface_CaliberChicks_Minigames_CaliberChicksControlsScreenText.lua_B	True	True	True	False	False	2	PASS	15	15	15	15	PASS	False	FAIL	14	FAIL	
Lotus_Interface_CaliberChicks_Minigames_CaliberChicksCreditsScreen.lua_B	True	True	True	False	False	2	PASS	15	15	15	15	PASS	False	PASS	15	PASS	
Lotus_Interface_CaliberChicks_Minigames_CaliberChicksEndLevelResults.lua_B	True	True	True	False	False	2	PASS	17	17	17	17	PASS	False	PASS	17	PASS	
Lotus_Interface_CaliberChicks_Minigames_CaliberChicksFinalResults.lua_B	True	True	True	False	False	2	PASS	17	17	17	17	PASS	False	FAIL	16	FAIL	
Lotus_Interface_CaliberChicks_Minigames_CaliberChicksForeground.lua_B	True	True	True	False	False	2	PASS	9	9	9	9	PASS	False	PASS	9	PASS	
Lotus_Interface_CaliberChicks_Minigames_CaliberChicksGameOver.lua_B	True	True	True	False	False	2	PASS	27	27	27	27	PASS	False	PASS	27	PASS	
Lotus_Interface_CaliberChicks_Minigames_CaliberChicksHUD.lua_B	True	True	True	False	False	2	PASS	37	37	37	37	PASS	False	FAIL	36	FAIL	
Lotus_Interface_CaliberChicks_Minigames_CaliberChicksInterfaceUtil.lua_B	True	True	True	False	False	3	PASS	50	50	50	50	PASS	False	PASS	50	PASS	
Lotus_Interface_CaliberChicks_Minigames_CaliberChicksIntroCutscene.lua_B	True	True	True	False	False	2	PASS	17	17	17	17	PASS	False	PASS	17	PASS	
Lotus_Interface_CaliberChicks_Minigames_CaliberChicksOutroCutscene.lua_B	True	True	True	False	False	2	PASS	15	15	15	15	PASS	False	PASS	15	PASS	
Lotus_Interface_CaliberChicks_Minigames_CaliberChicksPauseMenu.lua_B	True	True	True	False	False	2	PASS	29	29	29	29	PASS	False	PASS	29	PASS	
Lotus_Interface_CaliberChicks_Minigames_CaliberChicksScreenFade.lua_B	True	True	True	True	True	1	PASS	5	5	5	5	None	False	PASS	5	None	
Lotus_Interface_CaliberChicks_Minigames_CaliberChicksTitleScreen.lua_B	True	True	True	False	False	2	PASS	32	32	32	32	PASS	False	PASS	32	PASS	
Lotus_Interface_CardUtilitiesRedux.lua_B	True	True	True	False	False	3	PASS	126	126	126	126	PASS	False	FAIL	120	FAIL	
Lotus_Interface_CaviaVitruvian.lua_B	True	True	True	False	False	2	PASS	23	23	23	23	PASS	False	PASS	23	PASS	
Lotus_Interface_CephalonFragmentMessage.lua_B	True	True	True	False	False	2	PASS	14	14	14	14	PASS	False	PASS	14	PASS	
Lotus_Interface_ChallengePopUp.lua_B	True	True	True	False	False	2	PASS	46	46	46	46	PASS	False	FAIL	44	FAIL	
Lotus_Interface_ChallengesProgress.lua_B	True	True	True	False	False	2	PASS	37	37	37	37	PASS	False	PASS	37	PASS	
Lotus_Interface_ChallengeUtilities.lua_B	True	True	True	False	False	2	PASS	12	12	12	12	PASS	False	FAIL	11	FAIL	
Lotus_Interface_CharacterIntro.lua_B	True	True	True	False	False	2	PASS	10	10	10	10	PASS	False	PASS	10	PASS	
Lotus_Interface_ChatFilterManager.lua_B	True	True	True	False	False	2	PASS	43	43	43	43	PASS	False	PASS	43	PASS	
Lotus_Interface_ChatRedux.lua_B	True	True	True	False	False	3	PASS	594	594	594	594	PASS	False	FAIL	311	FAIL	
Lotus_Interface_CheckpointSpinner.lua_B	True	True	True	False	False	2	PASS	10	10	10	10	PASS	False	PASS	10	PASS	
Lotus_Interface_ChooseMovementStylePanel.lua_B	True	True	True	False	False	2	PASS	13	13	13	13	PASS	False	PASS	13	PASS	
Lotus_Interface_Cinematic_Auction.lua_B	True	True	True	True	True	1	PASS	14	14	14	14	None	False	PASS	14	None	
Lotus_Interface_CinematicTransmission.lua_B	True	True	True	True	True	1	PASS	5	5	5	5	None	False	PASS	5	None	
Lotus_Interface_Cipher.lua_B	True	True	True	False	False	2	PASS	61	61	61	61	PASS	False	PASS	61	PASS	
Lotus_Interface_ClaimCompanion.lua_B	True	True	True	False	False	2	PASS	17	17	17	17	PASS	False	PASS	17	PASS	
Lotus_Interface_Clan.lua_B	True	True	True	False	False	3	PASS	273	273	273	273	PASS	False	FAIL	269	FAIL	
Lotus_Interface_ClanAdUtilities.lua_B	True	True	True	False	False	2	PASS	3	3	3	3	PASS	False	PASS	3	PASS	
Lotus_Interface_ClanAdvertisement.lua_B	True	True	True	False	False	2	PASS	52	52	52	52	PASS	False	PASS	52	PASS	
Lotus_Interface_ClanMemberRole.lua_B	True	True	True	False	False	2	PASS	63	63	63	63	PASS	False	PASS	63	PASS	
Lotus_Interface_ClanSearch.lua_B	True	True	True	False	False	2	PASS	96	96	96	96	PASS	False	FAIL	95	FAIL	
Lotus_Interface_ClanUtilities.lua_B	True	True	True	False	False	2	PASS	7	7	7	7	PASS	False	PASS	7	PASS	
Lotus_Interface_Codex.lua_B	True	True	True	False	False	None	FAIL	50	54	40	274	None	False	FAIL	14	None	
Lotus_Interface_CodexLite.lua_B	True	True	True	False	False	2	PASS	15	15	15	15	PASS	False	FAIL	14	FAIL	
Lotus_Interface_CodexUtilities.lua_B	True	True	True	False	False	2	PASS	14	14	14	14	PASS	False	FAIL	12	FAIL	
Lotus_Interface_CoHBuffSelection.lua_B	True	True	True	False	False	2	FAIL	8	6	6	41	FAIL	False	FAIL	4	FAIL	
Lotus_Interface_CoHTitleCard.lua_B	True	True	True	False	False	2	PASS	7	7	7	7	PASS	False	PASS	7	PASS	
Lotus_Interface_CollectibleCard.lua_B	True	True	True	True	True	1	PASS	14	14	14	14	None	False	PASS	14	None	
Lotus_Interface_CollectorStatus.lua_B	True	True	True	False	False	2	PASS	19	19	19	19	PASS	False	PASS	19	PASS	
Lotus_Interface_ColorPicker.lua_B	True	True	True	False	False	2	PASS	109	109	109	109	PASS	False	FAIL	106	FAIL	
Lotus_Interface_ComboList.lua_B	True	True	True	False	False	2	PASS	37	37	37	37	PASS	False	PASS	37	PASS	
Lotus_Interface_CommanderMap.lua_B	True	True	True	False	False	3	PASS	141	141	141	141	PASS	False	FAIL	140	FAIL	
Lotus_Interface_CompanionAbilityProgression.lua_B	True	True	True	False	False	2	PASS	21	21	21	21	PASS	False	PASS	21	PASS	
Lotus_Interface_Components_AbilityList.lua_B	True	True	True	False	False	2	PASS	24	24	24	24	PASS	False	PASS	24	PASS	
Lotus_Interface_Components_AvatarDiorama.lua_B	True	True	True	False	False	2	FAIL	93	92	93	93	FAIL	False	FAIL	88	FAIL	
Lotus_Interface_Components_BgCameraSway.lua_B	True	True	True	True	True	1	PASS	5	5	5	5	None	False	PASS	5	None	
Lotus_Interface_Components_BoosterInfo.lua_B	True	True	True	True	True	1	PASS	5	5	5	5	None	False	FAIL	4	None	
Lotus_Interface_Components_Button.lua_B	True	True	True	False	False	2	PASS	21	21	21	21	PASS	False	PASS	21	PASS	
Lotus_Interface_Components_CategoriesMenu.lua_B	True	True	True	False	False	2	PASS	21	21	21	21	PASS	False	PASS	21	PASS	
Lotus_Interface_Components_CategorizedGrid.lua_B	True	True	True	False	False	3	PASS	68	68	68	68	PASS	False	PASS	68	PASS	
Lotus_Interface_Components_CustomizationList.lua_B	True	True	True	False	False	3	FAIL	132	134	132	134	FAIL	False	FAIL	129	FAIL	
Lotus_Interface_Components_DecoPreview.lua_B	True	True	True	False	False	3	PASS	8	8	8	8	PASS	False	PASS	8	PASS	
Lotus_Interface_Components_DiegeticHelper.lua_B	True	True	True	False	False	2	PASS	14	14	14	14	PASS	False	PASS	14	PASS	
Lotus_Interface_Components_DottedCircle.lua_B	True	True	True	True	True	1	PASS	7	7	7	7	None	False	PASS	7	None	
Lotus_Interface_Components_DropDownMenu.lua_B	True	True	True	False	False	2	PASS	24	24	24	24	PASS	False	PASS	24	PASS	
Lotus_Interface_Components_EvolutionList.lua_B	True	True	True	False	False	2	PASS	24	24	24	24	PASS	False	PASS	24	PASS	
Lotus_Interface_Components_GearList.lua_B	True	True	True	False	False	2	PASS	14	14	14	14	PASS	False	PASS	14	PASS	
Lotus_Interface_Components_GearSpiral.lua_B	True	True	True	False	False	3	PASS	31	31	31	31	PASS	False	FAIL	28	FAIL	
Lotus_Interface_Components_HealthAndShieldDisplay.lua_B	True	True	True	False	False	2	PASS	9	9	9	9	PASS	False	PASS	9	PASS	
Lotus_Interface_Components_MasteryIcon.lua_B	True	True	True	True	True	1	PASS	8	8	8	8	None	False	PASS	8	None	
Lotus_Interface_Components_MissionPanel.lua_B	True	True	True	False	False	2	PASS	13	13	13	13	PASS	False	FAIL	12	FAIL	
Lotus_Interface_Components_MultiSizedElementCategorizedGrid.lua_B	True	True	True	False	False	2	PASS	12	12	12	12	PASS	False	PASS	12	PASS	
Lotus_Interface_Components_OmegaCompatibilityPanel.lua_B	True	True	True	False	False	2	PASS	20	20	20	20	PASS	False	PASS	20	PASS	
Lotus_Interface_Components_PlayerPanelRedux.lua_B	True	True	True	False	False	2	PASS	39	39	39	39	PASS	False	FAIL	37	FAIL	
Lotus_Interface_Components_PresenceHelper.lua_B	True	True	True	True	True	1	PASS	7	7	7	7	None	False	PASS	7	None	
Lotus_Interface_Components_RadialText.lua_B	True	True	True	False	False	2	PASS	8	8	8	8	PASS	False	PASS	8	PASS	
Lotus_Interface_Components_RailjackModeButton.lua_B	True	True	True	False	False	2	PASS	27	27	27	27	PASS	False	PASS	27	PASS	
Lotus_Interface_Components_RandomMovieClipGenerator.lua_B	True	True	True	True	True	1	PASS	14	14	14	14	None	False	PASS	14	None	
Lotus_Interface_Components_ResourceLoaderQueue.lua_B	True	True	True	False	False	2	PASS	4	4	4	4	PASS	False	PASS	4	PASS	
Lotus_Interface_Components_RotationControl.lua_B	True	True	True	False	False	2	PASS	13	13	13	13	PASS	False	PASS	13	PASS	
Lotus_Interface_Components_SearchBox.lua_B	True	True	True	False	False	2	PASS	25	25	25	25	PASS	False	PASS	25	PASS	
Lotus_Interface_Components_StatCompare.lua_B	True	True	True	False	False	3	FAIL	56	55	56	56	FAIL	False	FAIL	54	FAIL	
Lotus_Interface_Components_StatsUtil.lua_B	True	True	True	False	False	3	PASS	28	28	28	28	PASS	False	FAIL	27	FAIL	
Lotus_Interface_Components_ThemedButton.lua_B	True	True	True	False	False	3	PASS	62	62	62	62	PASS	False	FAIL	61	FAIL	
Lotus_Interface_Components_ThemedCategoriesMenu.lua_B	True	True	True	False	False	2	PASS	19	19	19	19	PASS	False	FAIL	18	FAIL	
Lotus_Interface_Components_ThemedCheckbox.lua_B	True	True	True	False	False	2	PASS	9	9	9	9	PASS	False	PASS	9	PASS	
Lotus_Interface_Components_ThemedCustomizationButton.lua_B	True	True	True	False	False	3	PASS	61	61	61	61	PASS	False	FAIL	57	FAIL	
Lotus_Interface_Components_ThemedCustomizationList.lua_B	True	True	True	False	False	3	PASS	122	122	122	122	PASS	False	FAIL	117	FAIL	
Lotus_Interface_Components_ThemedInputField.lua_B	True	True	True	False	False	3	PASS	35	35	35	35	PASS	False	PASS	35	FAIL	
Lotus_Interface_Components_ThemedProgressBar.lua_B	True	True	True	False	False	3	PASS	12	12	12	12	PASS	False	PASS	12	FAIL	
Lotus_Interface_Components_ThemedProgressInfo.lua_B	True	True	True	False	False	2	PASS	15	15	15	15	PASS	False	PASS	15	PASS	
Lotus_Interface_Components_ThemedProgressInfoGridItem.lua_B	True	True	True	False	False	2	PASS	9	9	9	9	PASS	False	PASS	9	PASS	
Lotus_Interface_Components_ThemedSlider.lua_B	True	True	True	False	False	3	PASS	22	22	22	22	PASS	False	PASS	22	FAIL	
Lotus_Interface_Components_ThemedSpinner.lua_B	True	True	True	False	False	3	PASS	14	14	14	14	PASS	False	PASS	14	FAIL	
Lotus_Interface_Components_ThemedSquadPanel.lua_B	True	True	True	False	False	2	FAIL	70	69	69	70	FAIL	False	FAIL	68	FAIL	
Lotus_Interface_Components_ThemedStats.lua_B	True	True	True	False	False	3	PASS	31	31	31	31	PASS	False	PASS	31	FAIL	
Lotus_Interface_Components_ThemedToggle.lua_B	True	True	True	False	False	2	PASS	19	19	19	19	PASS	False	PASS	19	PASS	
Lotus_Interface_Components_TitleBar.lua_B	True	True	True	False	False	3	PASS	12	12	12	12	PASS	False	PASS	12	FAIL	
Lotus_Interface_Components_UseCipherPanel.lua_B	True	True	True	False	True	2	PASS	17	17	17	17	PASS	False	PASS	17	PASS	
Lotus_Interface_Components_UserList.lua_B	True	True	True	False	False	3	PASS	56	56	56	56	PASS	False	FAIL	54	FAIL	
Lotus_Interface_ConclaveLite.lua_B	True	True	True	True	True	1	PASS	10	10	10	10	None	False	PASS	10	None	
Lotus_Interface_ConclaveModeSelection.lua_B	True	True	True	False	False	2	PASS	71	71	71	71	PASS	False	PASS	71	PASS	
Lotus_Interface_ConnectionError.lua_B	True	True	True	True	True	1	PASS	3	3	3	3	None	False	PASS	3	None	
Lotus_Interface_ConquestSetup.lua_B	True	True	True	False	False	2	FAIL	11	25	11	86	FAIL	False	FAIL	9	FAIL	
Lotus_Interface_ConquestStickerSelect.lua_B	True	True	True	False	False	2	PASS	78	78	78	78	PASS	False	FAIL	76	FAIL	
Lotus_Interface_ConservationHud.lua_B	True	True	True	False	False	3	PASS	24	24	24	24	PASS	False	FAIL	23	FAIL	
Lotus_Interface_ConsumablesOverlay.lua_B	True	True	True	False	False	3	PASS	146	146	146	146	PASS	False	FAIL	144	FAIL	
Lotus_Interface_ContextAction.lua_B	True	True	True	False	False	3	PASS	20	20	20	20	PASS	False	FAIL	19	FAIL	
Lotus_Interface_ControllerLayout.lua_B	True	True	True	False	False	2	FAIL	62	61	62	62	FAIL	False	FAIL	60	FAIL	
Lotus_Interface_ControllerLayoutiOS.lua_B	True	True	True	False	False	2	PASS	32	32	32	32	PASS	False	PASS	32	PASS	
Lotus_Interface_CouponUtilities.lua_B	True	True	True	False	False	2	PASS	3	3	3	3	PASS	False	FAIL	2	FAIL	
Lotus_Interface_Credits.lua_B	True	True	True	False	False	2	FAIL	10	9	10	10	FAIL	False	FAIL	9	FAIL	
Lotus_Interface_CrossPlatformUtilities.lua_B	True	True	True	False	False	2	PASS	8	8	8	8	PASS	False	PASS	8	PASS	
Lotus_Interface_CyTransmission.lua_B	True	True	True	True	True	1	PASS	2	2	2	2	None	False	PASS	2	None	
Lotus_Interface_DailyTribute.lua_B	True	True	True	False	False	3	PASS	91	91	91	91	PASS	False	FAIL	88	FAIL	
Lotus_Interface_DarvoDeal.lua_B	True	True	True	False	False	2	PASS	22	22	22	22	PASS	False	PASS	22	PASS	
Lotus_Interface_DecorationsHud.lua_B	True	True	True	False	False	2	PASS	34	34	34	34	PASS	False	FAIL	33	FAIL	
Lotus_Interface_DecoTemplate.lua_B	True	True	True	False	False	2	PASS	72	72	72	72	PASS	False	FAIL	71	FAIL	
Lotus_Interface_DefenseReward.lua_B	True	True	True	False	False	2	PASS	58	58	58	58	PASS	False	FAIL	57	FAIL	
Lotus_Interface_DeimosIntro.lua_B	True	True	True	True	True	1	PASS	10	10	10	10	None	False	PASS	10	None	
Lotus_Interface_DeimosVitruvian.lua_B	True	True	True	False	False	2	PASS	23	23	23	23	PASS	False	PASS	23	PASS	
Lotus_Interface_Demo1999ShipConsole.lua_B	True	True	True	True	True	1	PASS	8	8	8	8	None	False	PASS	8	None	
Lotus_Interface_DemoWhispersEndScreen.lua_B	True	True	True	True	True	1	PASS	16	16	16	16	None	False	PASS	16	None	
Lotus_Interface_Dialog.lua_B	True	True	True	False	False	3	PASS	87	87	87	87	PASS	False	FAIL	84	FAIL	
Lotus_Interface_DialogWithCards.lua_B	True	True	True	False	False	2	PASS	62	62	62	62	PASS	False	FAIL	61	FAIL	
Lotus_Interface_DiegeticArtifactCards.lua_B	True	True	True	False	False	2	FAIL	244	255	243	294	FAIL	False	FAIL	234	FAIL	
Lotus_Interface_DiegeticFoundry.lua_B	True	True	True	False	False	2	PASS	199	199	199	199	PASS	False	FAIL	196	FAIL	
Lotus_Interface_DiegeticNews.lua_B	True	True	True	False	False	2	PASS	50	50	50	50	PASS	False	PASS	50	PASS	
Lotus_Interface_DiegeticUpgradeCards.lua_B	True	True	True	False	False	3	FAIL	411	410	411	411	FAIL	False	FAIL	401	FAIL	
Lotus_Interface_DioramaViewer.lua_B	True	True	True	False	False	2	PASS	15	15	15	15	PASS	False	PASS	15	PASS	
Lotus_Interface_Dojo_DojoColorResearchStatus.lua_B	True	True	True	False	False	2	PASS	14	14	14	14	PASS	False	FAIL	13	FAIL	
Lotus_Interface_Dojo_DojoMessage.lua_B	True	True	True	False	False	2	PASS	13	13	13	13	PASS	False	PASS	13	PASS	
Lotus_Interface_Dojo_DojoRoomConstructionStatus.lua_B	True	True	True	False	False	3	PASS	53	53	53	53	PASS	False	FAIL	52	FAIL	
Lotus_Interface_Dojo_DojoRoomSelection.lua_B	True	True	True	False	False	2	PASS	116	116	116	116	PASS	False	FAIL	114	FAIL	
Lotus_Interface_Dojo_DojoRoomUpgradesAndDestruction.lua_B	True	True	True	False	False	2	PASS	118	118	118	118	PASS	False	PASS	118	PASS	
Lotus_Interface_Dojo_DojoScreenLauncher.lua_B	True	True	True	False	False	2	PASS	12	12	12	12	PASS	False	PASS	12	PASS	
Lotus_Interface_Dojo_InWorldTransmissionController.lua_B	True	True	True	False	False	2	PASS	24	24	24	24	PASS	False	PASS	24	PASS	
Lotus_Interface_Dojo_ResearchContribution.lua_B	True	True	True	False	False	2	PASS	90	90	90	90	PASS	False	FAIL	88	FAIL	
Lotus_Interface_Dojo_ResearchSelection.lua_B	True	True	True	False	False	3	PASS	119	119	119	119	PASS	False	FAIL	117	FAIL	
Lotus_Interface_Dojo_ThemedDojoColorPicker.lua_B	True	True	True	False	False	2	PASS	53	53	53	53	PASS	False	PASS	53	PASS	
Lotus_Interface_Dojo_Trade.lua_B	True	True	True	False	False	2	PASS	133	133	133	133	PASS	False	FAIL	132	FAIL	
Lotus_Interface_Dojo_TradingPost.lua_B	True	True	True	False	False	2	PASS	54	54	54	54	PASS	False	PASS	54	PASS	
Lotus_Interface_Dojo_TradingPostScreenLauncher.lua_B	True	True	True	False	False	2	PASS	5	5	5	5	PASS	False	PASS	5	PASS	
Lotus_Interface_Dojo_VaultContribution.lua_B	True	True	True	False	False	2	FAIL	17	17	17	27	FAIL	False	FAIL	16	FAIL	
Lotus_Interface_DojoGate.lua_B	True	True	True	False	False	2	PASS	14	14	14	14	PASS	False	PASS	14	PASS	
Lotus_Interface_DrifterIntrinsics.lua_B	True	True	True	False	False	2	PASS	70	70	70	70	PASS	False	PASS	70	PASS	
Lotus_Interface_DuviriBuildConfig.lua_B	True	True	True	False	False	2	PASS	59	59	59	59	PASS	False	PASS	59	PASS	
Lotus_Interface_DuviriBuildSelection.lua_B	True	True	True	False	False	2	PASS	16	16	16	16	PASS	False	PASS	16	PASS	
Lotus_Interface_DuviriEndlessSetup.lua_B	True	True	True	False	False	2	FAIL	26	29	26	113	FAIL	False	FAIL	23	FAIL	
Lotus_Interface_DuviriEquipmentPreview.lua_B	True	True	True	False	False	3	PASS	14	14	14	14	PASS	False	PASS	14	PASS	
Lotus_Interface_DuviriMissionComplete.lua_B	True	True	True	False	False	2	FAIL	10	9	10	21	FAIL	False	FAIL	9	FAIL	
Lotus_Interface_DuviriQuestEndChoice.lua_B	True	True	True	False	False	2	PASS	19	19	19	19	PASS	False	PASS	19	PASS	
Lotus_Interface_DuviriTitleCard.lua_B	True	True	True	False	False	2	FAIL	10	10	10	15	FAIL	False	FAIL	10	FAIL	
Lotus_Interface_DuviriWeaponControls.lua_B	True	True	True	False	False	2	PASS	13	13	13	13	PASS	False	FAIL	12	FAIL	
Lotus_Interface_DuviriWeaponPurchase.lua_B	True	True	True	True	True	1	PASS	14	14	14	14	None	False	PASS	14	None	
Lotus_Interface_EidolonIntro.lua_B	True	True	True	True	True	1	PASS	12	12	12	12	None	False	PASS	12	None	
Lotus_Interface_EidolonJobBoard.lua_B	True	True	True	False	False	2	PASS	94	94	94	94	PASS	False	FAIL	93	FAIL	
Lotus_Interface_EidolonMissionComplete.lua_B	True	True	True	False	False	2	FAIL	22	22	22	31	FAIL	False	FAIL	21	FAIL	
Lotus_Interface_EidolonPoweredObject.lua_B	True	True	True	False	False	2	PASS	6	6	6	6	PASS	False	PASS	6	PASS	
Lotus_Interface_EmotionChoice.lua_B	True	True	True	False	False	2	PASS	77	77	77	77	PASS	False	PASS	77	PASS	
Lotus_Interface_EmplacementHud.lua_B	True	True	True	True	True	1	PASS	10	10	10	10	None	False	PASS	10	None	
Lotus_Interface_EndOfMatch.lua_B	True	True	True	False	False	3	FAIL	161	149	152	286	FAIL	False	FAIL	43	FAIL	
Lotus_Interface_EndOfMatchKahl.lua_B	True	True	True	False	False	2	PASS	43	43	43	43	PASS	False	PASS	43	PASS	
Lotus_Interface_EndOfMatchPvp.lua_B	True	True	True	False	False	2	PASS	45	45	45	45	PASS	False	PASS	45	PASS	
Lotus_Interface_EndOfQuest.lua_B	True	True	True	False	False	3	FAIL	24	23	24	48	FAIL	False	FAIL	22	FAIL	
Lotus_Interface_EndSynthesisTutorial.lua_B	True	True	True	True	True	1	PASS	12	12	12	12	None	False	PASS	12	None	
Lotus_Interface_EntratiVendorCust.lua_B	True	True	True	True	True	1	PASS	16	16	16	16	None	False	PASS	16	None	
Lotus_Interface_EntratiVoidVault.lua_B	True	True	True	True	True	1	PASS	36	36	36	36	None	False	PASS	36	None	
Lotus_Interface_EntratiVoidVaultsBurdenDiegetic.lua_B	True	True	True	False	False	2	PASS	9	9	9	9	PASS	False	PASS	9	PASS	
Lotus_Interface_EntratiVoidVaultsTarot.lua_B	True	True	True	False	False	2	PASS	10	10	10	10	PASS	False	PASS	10	PASS	
Lotus_Interface_EpisodeAnnouncement.lua_B	True	True	True	False	False	2	PASS	35	35	35	35	PASS	False	PASS	35	PASS	
Lotus_Interface_EpisodeChallenges.lua_B	True	True	True	False	False	2	PASS	124	124	124	124	PASS	False	FAIL	123	FAIL	
Lotus_Interface_EpisodeEvidencePopup.lua_B	True	True	True	False	False	2	PASS	20	20	20	20	PASS	False	PASS	20	PASS	
Lotus_Interface_EpisodeStatus.lua_B	True	True	True	False	False	2	PASS	46	46	46	46	PASS	False	FAIL	45	FAIL	
Lotus_Interface_ExitGameSurvey.lua_B	True	True	True	False	False	2	PASS	40	40	40	40	PASS	False	PASS	40	PASS	
Lotus_Interface_FastTravelUtilities.lua_B	True	True	True	False	False	3	PASS	33	33	33	33	PASS	False	FAIL	32	FAIL	
Lotus_Interface_FighterSelect.lua_B	True	True	True	False	False	2	PASS	36	36	36	36	PASS	False	FAIL	28	FAIL	
Lotus_Interface_FishInfo.lua_B	True	True	True	False	False	2	PASS	46	46	46	46	PASS	False	PASS	46	PASS	
Lotus_Interface_FishingHud.lua_B	True	True	True	False	False	2	PASS	10	10	10	10	PASS	False	FAIL	9	FAIL	
Lotus_Interface_Flotilla.lua_B	True	True	True	False	False	3	PASS	17	17	17	17	PASS	False	PASS	17	PASS	
Lotus_Interface_FocusActivation.lua_B	True	True	True	False	False	2	PASS	44	44	44	44	PASS	False	FAIL	43	FAIL	
Lotus_Interface_FocusGainMessage.lua_B	True	True	True	False	False	3	PASS	12	12	12	12	PASS	False	PASS	12	FAIL	
Lotus_Interface_FocusManager.lua_B	True	True	True	False	False	3	PASS	110	110	110	110	PASS	False	FAIL	109	FAIL	
Lotus_Interface_FocusUtilities.lua_B	True	True	True	True	True	1	PASS	8	8	8	8	None	False	PASS	8	None	
Lotus_Interface_FortressUtilities.lua_B	True	True	True	True	True	1	PASS	5	5	5	5	None	False	FAIL	4	None	
Lotus_Interface_FortunaIntro.lua_B	True	True	True	True	True	1	PASS	17	17	17	17	None	False	PASS	17	None	
Lotus_Interface_Founders.lua_B	True	True	True	True	True	1	PASS	6	6	6	6	None	False	FAIL	5	None	
Lotus_Interface_FoundryConfirmDialog.lua_B	True	True	True	False	False	3	PASS	82	82	82	82	PASS	False	FAIL	80	FAIL	
Lotus_Interface_Friends.lua_B	True	True	True	False	False	3	FAIL	72	91	70	172	FAIL	False	FAIL	64	FAIL	
Lotus_Interface_FullScreenQuad.lua_B	True	True	True	False	False	2	PASS	16	16	16	16	PASS	False	PASS	16	PASS	
Lotus_Interface_FusionTreasureManager.lua_B	True	True	True	False	False	3	PASS	81	81	81	81	PASS	False	PASS	81	PASS	
Lotus_Interface_GenericActionsMenu.lua_B	True	True	True	False	False	2	PASS	28	28	28	28	PASS	False	PASS	28	PASS	
Lotus_Interface_GenericMenu.lua_B	True	True	True	False	False	2	FAIL	51	62	51	102	FAIL	False	FAIL	40	FAIL	
Lotus_Interface_GenericNotification.lua_B	True	True	True	False	False	3	PASS	36	36	36	36	PASS	False	FAIL	35	FAIL	
Lotus_Interface_GenericVendor.lua_B	True	True	True	False	False	3	PASS	149	149	149	149	PASS	False	FAIL	145	FAIL	
Lotus_Interface_GeneticLab.lua_B	True	True	True	False	False	2	PASS	154	154	154	154	PASS	False	FAIL	153	FAIL	
Lotus_Interface_GiftCelebration.lua_B	True	True	True	False	False	2	PASS	23	23	23	23	PASS	False	FAIL	22	FAIL	
Lotus_Interface_GraphicManifest.lua_B	True	True	True	False	False	2	PASS	53	53	53	53	PASS	False	PASS	53	PASS	
Lotus_Interface_GreedTokenSelect.lua_B	True	True	True	False	False	2	PASS	20	20	20	20	PASS	False	PASS	20	PASS	
Lotus_Interface_HackingUtilities.lua_B	True	True	True	False	False	2	PASS	10	10	10	10	PASS	False	PASS	10	PASS	
Lotus_Interface_HeroicMomentPortrait.lua_B	True	True	True	False	False	2	PASS	6	6	6	6	PASS	False	PASS	6	PASS	
Lotus_Interface_HorseCustomization.lua_B	True	True	True	False	False	2	PASS	64	64	64	64	PASS	False	FAIL	62	FAIL	
Lotus_Interface_Hub.lua_B	True	True	True	False	False	3	FAIL	62	67	61	131	FAIL	False	FAIL	60	FAIL	
Lotus_Interface_HudCustomization.lua_B	True	True	True	False	False	2	PASS	32	32	32	32	PASS	False	FAIL	30	FAIL	
Lotus_Interface_HudFighter.lua_B	True	True	True	False	False	2	FAIL	21	22	21	49	FAIL	False	FAIL	17	FAIL	
Lotus_Interface_HudLunaro.lua_B	True	True	True	False	False	2	PASS	55	55	55	55	PASS	False	FAIL	54	FAIL	
Lotus_Interface_HudMarginAdjustment.lua_B	True	True	True	False	False	2	PASS	32	32	32	32	PASS	False	PASS	32	PASS	
Lotus_Interface_HudRedux.lua_B	True	True	True	False	False	3	FAIL	262	263	261	318	FAIL	False	FAIL	56	FAIL	
Lotus_Interface_HudReplacement.lua_B	True	True	True	False	False	2	PASS	5	5	5	5	PASS	False	PASS	5	PASS	
Lotus_Interface_HyperlinkSelection.lua_B	True	True	True	False	False	2	PASS	24	24	24	24	PASS	False	PASS	24	PASS	
Lotus_Interface_ImeTip.lua_B	True	True	True	False	False	2	PASS	13	13	13	13	PASS	False	PASS	13	PASS	
Lotus_Interface_Inbox.lua_B	True	True	True	False	False	3	PASS	140	140	140	140	PASS	False	FAIL	139	FAIL	
Lotus_Interface_InfestedNemesisIntro.lua_B	True	True	True	False	False	2	PASS	10	10	10	10	PASS	False	PASS	10	PASS	
Lotus_Interface_InkPaint.lua_B	True	True	True	False	False	3	FAIL	29	34	27	143	FAIL	False	FAIL	20	FAIL	
Lotus_Interface_InlineLoadout.lua_B	True	True	True	False	False	2	FAIL	93	91	91	93	FAIL	False	FAIL	87	FAIL	
Lotus_Interface_InputBinding.lua_B	True	True	True	False	False	3	PASS	59	59	59	59	PASS	False	PASS	59	PASS	
Lotus_Interface_InputCountDialog.lua_B	True	True	True	False	False	2	PASS	57	57	57	57	PASS	False	PASS	57	PASS	
Lotus_Interface_InputDialog.lua_B	True	True	True	False	False	3	FAIL	57	57	57	64	FAIL	False	FAIL	55	FAIL	
Lotus_Interface_InspectIngredientsCard.lua_B	True	True	True	False	False	2	PASS	19	19	19	19	PASS	False	PASS	19	PASS	
Lotus_Interface_Intrinsics.lua_B	True	True	True	False	False	2	PASS	64	64	64	64	PASS	False	PASS	64	PASS	
Lotus_Interface_IntroText.lua_B	True	True	True	False	False	2	PASS	10	10	10	10	PASS	False	PASS	10	PASS	
Lotus_Interface_InvasionSelection.lua_B	True	True	True	False	False	2	PASS	54	54	54	54	PASS	False	PASS	54	PASS	
Lotus_Interface_InventoryTest.lua_B	True	True	True	False	False	2	FAIL	225	223	223	225	FAIL	False	FAIL	216	FAIL	
Lotus_Interface_InventoryUtilities.lua_B	True	True	True	False	False	2	PASS	59	59	59	59	PASS	False	FAIL	58	FAIL	
Lotus_Interface_InvitePanel.lua_B	True	True	True	False	False	3	PASS	82	82	82	82	PASS	False	PASS	82	PASS	
Lotus_Interface_InWorldLeaderboard.lua_B	True	True	True	False	False	3	PASS	23	23	23	23	PASS	False	PASS	23	PASS	
Lotus_Interface_InWorldText.lua_B	True	True	True	False	False	2	PASS	37	37	37	37	PASS	False	PASS	37	PASS	
Lotus_Interface_ItemBrowsing.lua_B	True	True	True	False	False	3	PASS	134	134	134	134	PASS	False	PASS	134	PASS	
Lotus_Interface_ItemInfoPopup.lua_B	True	True	True	False	False	3	PASS	85	85	85	85	PASS	False	FAIL	81	FAIL	
Lotus_Interface_JordasTransmission.lua_B	True	True	True	True	True	1	PASS	2	2	2	2	None	False	PASS	2	None	
Lotus_Interface_JS2TitleCard.lua_B	True	True	True	True	True	1	PASS	6	6	6	6	None	False	PASS	6	None	
Lotus_Interface_JukeBox.lua_B	True	True	True	False	False	3	PASS	75	75	75	75	PASS	False	PASS	75	PASS	
Lotus_Interface_KahlCampTransmissionController.lua_B	True	True	True	False	False	2	PASS	13	13	13	13	PASS	False	PASS	13	PASS	
Lotus_Interface_KahlCustomization.lua_B	True	True	True	False	False	2	PASS	78	78	78	78	PASS	False	FAIL	75	FAIL	
Lotus_Interface_KoumeiDivination.lua_B	True	True	True	False	False	2	PASS	27	27	27	27	PASS	False	PASS	27	PASS	
Lotus_Interface_KubrowImprint.lua_B	True	True	True	False	False	2	PASS	63	63	63	63	PASS	False	PASS	63	PASS	
Lotus_Interface_LayoutEditor.lua_B	True	True	True	False	False	3	PASS	55	55	55	55	PASS	False	PASS	55	FAIL	
Lotus_Interface_LibraryDailyTaskPreview.lua_B	True	True	True	False	False	2	PASS	13	13	13	13	PASS	False	PASS	13	PASS	
Lotus_Interface_LibraryScanMessage.lua_B	True	True	True	False	False	2	PASS	11	11	11	11	PASS	False	PASS	11	PASS	
Lotus_Interface_Libs_ActionFigureLoadoutLoader.lua_B	True	True	True	False	False	2	PASS	20	20	20	20	PASS	False	PASS	20	PASS	
Lotus_Interface_Libs_ActiveMissionGenerator.lua_B	True	True	True	False	False	2	PASS	4	4	4	4	PASS	False	FAIL	3	FAIL	
Lotus_Interface_Libs_ConversationUtilities.lua_B	True	True	True	False	False	2	PASS	7	7	7	7	PASS	False	PASS	7	PASS	
Lotus_Interface_Libs_DeepArchimedeaMissionGenerator.lua_B	True	True	True	False	False	2	PASS	32	32	32	32	PASS	False	FAIL	30	FAIL	
Lotus_Interface_Libs_DioramaLoader.lua_B	True	True	True	False	False	2	PASS	21	21	21	21	PASS	False	PASS	21	PASS	
Lotus_Interface_Libs_DojoMgr.lua_B	True	True	True	False	False	2	PASS	101	101	101	101	PASS	False	FAIL	100	FAIL	
Lotus_Interface_Libs_DojoMgrHelper.lua_B	True	True	True	False	False	2	PASS	93	93	93	93	PASS	False	PASS	93	PASS	
Lotus_Interface_Libs_DuviriResources.lua_B	True	True	True	True	True	1	PASS	2	2	2	2	None	False	PASS	2	None	
Lotus_Interface_Libs_DuviriUtil.lua_B	True	True	True	False	False	3	PASS	80	80	80	80	PASS	False	FAIL	78	FAIL	
Lotus_Interface_Libs_FlavorTextGenerator.lua_B	True	True	True	False	False	2	PASS	2	2	2	2	PASS	False	PASS	2	PASS	
Lotus_Interface_Libs_HexConquestMissionGenerator.lua_B	True	True	True	False	False	3	PASS	8	8	8	8	PASS	False	PASS	8	FAIL	
Lotus_Interface_Libs_ImGuiLib.lua_B	True	True	True	False	False	3	PASS	56	56	56	56	PASS	False	FAIL	54	FAIL	
Lotus_Interface_Libs_InvasionMissionGenerator.lua_B	True	True	True	False	False	2	PASS	10	10	10	10	PASS	False	PASS	10	PASS	
Lotus_Interface_Libs_JukeBoxMgr.lua_B	True	True	True	False	False	2	PASS	48	48	48	48	PASS	False	PASS	48	PASS	
Lotus_Interface_Libs_LabConquestMissionGenerator.lua_B	True	True	True	False	False	3	PASS	7	7	7	7	PASS	False	PASS	7	FAIL	
Lotus_Interface_Libs_MissionGeneratorUtil.lua_B	True	True	True	False	False	2	PASS	3	3	3	3	PASS	False	PASS	3	PASS	
Lotus_Interface_Libs_PreviewLinkUtilities.lua_B	True	True	True	False	False	2	PASS	21	21	21	21	PASS	False	FAIL	19	FAIL	
Lotus_Interface_Libs_SortieGenerator.lua_B	True	True	True	False	False	2	PASS	13	13	13	13	PASS	False	FAIL	10	FAIL	
Lotus_Interface_Libs_StickerLib.lua_B	True	True	True	False	False	2	PASS	5	5	5	5	PASS	False	PASS	5	PASS	
Lotus_Interface_Libs_SyndicateMissionGenerator.lua_B	True	True	True	False	False	3	PASS	10	10	10	10	PASS	False	FAIL	9	FAIL	
Lotus_Interface_Libs_TimerMgr.lua_B	True	True	True	False	False	2	PASS	13	13	13	13	PASS	False	PASS	13	PASS	
Lotus_Interface_LisetCustomization.lua_B	True	True	True	False	False	2	PASS	79	79	79	79	PASS	False	FAIL	78	FAIL	
Lotus_Interface_LoadOutRedux.lua_B	True	True	True	False	False	3	FAIL	424	416	410	587	FAIL	False	FAIL	135	FAIL	
Lotus_Interface_LoadOutSelect.lua_B	True	True	True	False	False	3	PASS	111	111	111	111	PASS	False	FAIL	108	FAIL	
Lotus_Interface_LoadoutSelection.lua_B	True	True	True	False	False	2	PASS	29	29	29	29	PASS	False	PASS	29	PASS	
Lotus_Interface_LoadoutUtilities.lua_B	True	True	True	False	False	3	PASS	92	92	92	92	PASS	False	PASS	92	PASS	
Lotus_Interface_LotusLoadOut.lua_B	True	True	True	False	False	2	PASS	44	44	44	44	PASS	False	PASS	44	PASS	
Lotus_Interface_LotusNetworkUtilities.lua_B	True	True	True	False	False	3	PASS	60	60	60	60	PASS	False	FAIL	58	FAIL	
Lotus_Interface_LotusUtilities.lua_B	True	True	True	False	False	3	FAIL	572	571	572	572	FAIL	False	FAIL	556	FAIL	
Lotus_Interface_Map.lua_B	True	True	True	False	False	3	PASS	88	88	88	88	PASS	False	PASS	88	PASS	
Lotus_Interface_Map_MapLegend.lua_B	True	True	True	False	False	2	PASS	34	34	34	34	PASS	False	FAIL	32	FAIL	
Lotus_Interface_MapNodeTipUtilities.lua_B	True	True	True	False	False	3	PASS	76	76	76	76	PASS	False	FAIL	75	FAIL	
Lotus_Interface_MapRedux.lua_B	True	True	True	False	False	3	PASS	340	340	340	340	PASS	False	FAIL	108	FAIL	
Lotus_Interface_MarketHighlight.lua_B	True	True	True	False	False	2	PASS	26	26	26	26	PASS	False	PASS	26	PASS	
Lotus_Interface_MasteryBlessingPopUp.lua_B	True	True	True	True	True	1	PASS	13	13	13	13	None	False	PASS	13	None	
Lotus_Interface_MasteryRankUp.lua_B	True	True	True	False	False	2	PASS	35	35	35	35	PASS	False	PASS	35	PASS	
Lotus_Interface_MemoriesOfTau.lua_B	True	True	True	False	False	2	PASS	10	10	10	10	PASS	False	PASS	10	PASS	
Lotus_Interface_Minigames_DuviriHack.lua_B	True	True	True	False	False	2	PASS	70	70	70	70	PASS	False	FAIL	69	FAIL	
Lotus_Interface_Minigames_JadeShadowsMinigame.lua_B	True	True	True	True	True	1	PASS	31	31	31	31	None	False	PASS	31	None	
Lotus_Interface_Minigames_NarmerHack.lua_B	True	True	True	False	False	3	PASS	46	46	46	46	PASS	False	FAIL	45	FAIL	
Lotus_Interface_Minigames_OlliesCrashCourseTimer.lua_B	True	True	True	False	False	2	FAIL	5	5	5	29	FAIL	False	FAIL	3	FAIL	
Lotus_Interface_Minigames_RetroMinigame.lua_B	True	True	True	False	False	2	FAIL	15	22	15	53	FAIL	False	FAIL	13	FAIL	
Lotus_Interface_Minigames_SnakeHack.lua_B	True	True	True	False	False	2	PASS	66	66	66	66	PASS	False	FAIL	65	FAIL	
Lotus_Interface_MinigameTitleScreen.lua_B	True	True	True	False	False	2	PASS	13	13	13	13	PASS	False	PASS	13	PASS	
Lotus_Interface_MissionIntro.lua_B	True	True	True	True	True	1	PASS	7	7	7	7	None	False	PASS	7	None	
Lotus_Interface_MissionProgressDisplay.lua_B	True	True	True	True	True	1	PASS	16	16	16	16	None	False	PASS	16	None	
Lotus_Interface_MissionRequirementUtilities.lua_B	True	True	True	False	False	2	PASS	28	28	28	28	PASS	False	FAIL	27	FAIL	
Lotus_Interface_MissionTutorial.lua_B	True	True	True	False	False	2	PASS	29	29	29	29	PASS	False	PASS	29	PASS	
Lotus_Interface_MobileUtils.lua_B	True	True	True	False	False	3	PASS	17	17	17	17	PASS	False	FAIL	16	FAIL	
Lotus_Interface_ModExplained.lua_B	True	True	True	True	True	1	PASS	6	6	6	6	None	False	PASS	6	None	
Lotus_Interface_ModFusion.lua_B	True	True	True	False	False	3	PASS	37	37	37	37	PASS	False	FAIL	35	FAIL	
Lotus_Interface_ModPreview.lua_B	True	True	True	False	False	3	PASS	52	52	52	52	PASS	False	PASS	52	FAIL	
Lotus_Interface_ModularWeaponCrafting.lua_B	True	True	True	False	False	3	PASS	130	130	130	130	PASS	False	FAIL	124	FAIL	
Lotus_Interface_ModularWeaponUtilities.lua_B	True	True	True	False	False	2	PASS	4	4	4	4	PASS	False	FAIL	3	FAIL	
Lotus_Interface_MotorcycleCustomization.lua_B	True	True	True	False	False	2	PASS	71	71	71	71	PASS	False	FAIL	70	FAIL	
Lotus_Interface_MuseumPlaque.lua_B	True	True	True	False	False	2	PASS	35	35	35	35	PASS	False	PASS	35	PASS	
Lotus_Interface_NarinBlessingPopup.lua_B	True	True	True	True	True	1	PASS	7	7	7	7	None	False	PASS	7	None	
Lotus_Interface_NecramechWireframe.lua_B	True	True	True	True	True	1	PASS	5	5	5	5	None	False	PASS	5	None	
Lotus_Interface_NemesisDamageTypePopUp.lua_B	True	True	True	False	False	2	PASS	38	38	38	38	PASS	False	PASS	38	PASS	
Lotus_Interface_NemesisPopup.lua_B	True	True	True	False	False	3	PASS	34	34	34	34	PASS	False	PASS	34	PASS	
Lotus_Interface_NewWarClassDisplay.lua_B	True	True	True	False	False	2	PASS	18	18	18	18	PASS	False	PASS	18	PASS	
Lotus_Interface_NewWarConsoleLogin.lua_B	True	True	True	True	True	1	PASS	13	13	13	13	None	False	PASS	13	None	
Lotus_Interface_NewWarQuiz.lua_B	True	True	True	False	False	2	PASS	32	32	32	32	PASS	False	FAIL	31	FAIL	
Lotus_Interface_Notifications.lua_B	True	True	True	False	False	2	FAIL	115	115	115	118	FAIL	False	FAIL	110	FAIL	
Lotus_Interface_OldPeaceHelpers.lua_B	True	True	True	False	False	2	PASS	10	10	10	10	PASS	False	PASS	10	PASS	
Lotus_Interface_OllieRacing.lua_B	True	True	True	False	False	2	PASS	26	26	26	26	PASS	False	PASS	26	PASS	
Lotus_Interface_OmegaRerollSelection.lua_B	True	True	True	False	False	2	PASS	77	77	77	77	PASS	False	PASS	77	PASS	
Lotus_Interface_OnslaughtWaveSummary.lua_B	True	True	True	True	True	1	FAIL	5	5	5	10	None	False	FAIL	5	None	
Lotus_Interface_OstronActions.lua_B	True	True	True	False	False	2	PASS	58	58	58	58	PASS	False	FAIL	55	FAIL	
Lotus_Interface_OutOfServiceScreen.lua_B	True	True	True	True	True	1	PASS	10	10	10	10	None	False	PASS	10	None	
Lotus_Interface_PaintScreenMask.lua_B	True	True	True	True	True	1	PASS	12	12	12	12	None	False	PASS	12	None	
Lotus_Interface_ParkourTutorialChoice.lua_B	True	True	True	False	False	2	PASS	71	71	71	71	PASS	False	PASS	71	PASS	
Lotus_Interface_PhotoboothUtilities.lua_B	True	True	True	False	False	2	PASS	14	14	14	14	PASS	False	PASS	14	PASS	
Lotus_Interface_PlatBrowsing.lua_B	True	True	True	False	False	2	PASS	47	47	47	47	PASS	False	PASS	47	PASS	
Lotus_Interface_Polarize.lua_B	True	True	True	False	False	2	PASS	39	39	39	39	PASS	False	PASS	39	PASS	
Lotus_Interface_PortTimerStatus.lua_B	True	True	True	False	False	2	PASS	11	11	11	11	PASS	False	PASS	11	PASS	
Lotus_Interface_PostCameraUpdateHud.lua_B	True	True	True	False	False	2	PASS	69	69	69	69	PASS	False	FAIL	66	FAIL	
Lotus_Interface_PowerSuitCustomHuds_AbilitySelector.lua_B	True	True	True	False	False	2	PASS	15	15	15	15	PASS	False	PASS	15	PASS	
Lotus_Interface_PowerSuitCustomHuds_AlchemistCustomHud.lua_B	True	True	True	False	False	2	PASS	22	22	22	22	PASS	False	FAIL	21	FAIL	
Lotus_Interface_PowerSuitCustomHuds_AshCustomHud.lua_B	True	True	True	True	True	1	PASS	6	6	6	6	None	False	PASS	6	None	
Lotus_Interface_PowerSuitCustomHuds_AtlasCustomHud.lua_B	True	True	True	True	True	1	PASS	15	15	15	15	None	False	FAIL	14	None	
Lotus_Interface_PowerSuitCustomHuds_BaruukCustomHud.lua_B	True	True	True	False	False	2	PASS	25	25	25	25	PASS	False	PASS	25	PASS	
Lotus_Interface_PowerSuitCustomHuds_BrokenFrameCustomHud.lua_B	True	True	True	True	True	1	PASS	17	17	17	17	None	False	FAIL	16	None	
Lotus_Interface_PowerSuitCustomHuds_DevourerCustomHud.lua_B	True	True	True	False	False	2	PASS	15	15	15	15	PASS	False	FAIL	13	FAIL	
Lotus_Interface_PowerSuitCustomHuds_DragonCustomHud.lua_B	True	True	True	True	True	1	PASS	12	12	12	12	None	False	FAIL	11	None	
Lotus_Interface_PowerSuitCustomHuds_DuelistCustomHud.lua_B	True	True	True	False	False	2	PASS	14	14	14	14	PASS	False	PASS	14	PASS	
Lotus_Interface_PowerSuitCustomHuds_DuviriDragonCustomHud.lua_B	True	True	True	True	True	1	PASS	9	9	9	9	None	False	PASS	9	None	
Lotus_Interface_PowerSuitCustomHuds_EmberCustomHud.lua_B	True	True	True	True	True	1	PASS	17	17	17	17	None	False	PASS	17	None	
Lotus_Interface_PowerSuitCustomHuds_FairyCustomHud.lua_B	True	True	True	False	False	2	PASS	16	16	16	16	PASS	False	FAIL	15	FAIL	
Lotus_Interface_PowerSuitCustomHuds_FocusSecondChanceMeter.lua_B	True	True	True	False	False	2	PASS	25	25	25	25	PASS	False	FAIL	23	FAIL	
Lotus_Interface_PowerSuitCustomHuds_GaraCustomHud.lua_B	True	True	True	True	True	1	PASS	16	16	16	16	None	False	FAIL	15	None	
Lotus_Interface_PowerSuitCustomHuds_GarudaCustomHud.lua_B	True	True	True	False	False	2	PASS	20	20	20	20	PASS	False	FAIL	19	FAIL	
Lotus_Interface_PowerSuitCustomHuds_GeodeCustomHud.lua_B	True	True	True	False	False	2	PASS	12	12	12	12	PASS	False	FAIL	11	FAIL	
Lotus_Interface_PowerSuitCustomHuds_HoverboardCustomHud.lua_B	True	True	True	False	False	2	PASS	40	40	40	40	PASS	False	PASS	40	PASS	
Lotus_Interface_PowerSuitCustomHuds_HydroidCustomHud.lua_B	True	True	True	False	False	2	PASS	16	16	16	16	PASS	False	FAIL	15	FAIL	
Lotus_Interface_PowerSuitCustomHuds_InarosCustomHud.lua_B	True	True	True	False	False	2	PASS	13	13	13	13	PASS	False	FAIL	12	FAIL	
Lotus_Interface_PowerSuitCustomHuds_InfestedCustomHud.lua_B	True	True	True	False	False	2	PASS	35	35	35	35	PASS	False	FAIL	34	FAIL	
Lotus_Interface_PowerSuitCustomHuds_JadeCustomHud.lua_B	True	True	True	False	False	2	PASS	15	15	15	15	PASS	False	FAIL	14	FAIL	
Lotus_Interface_PowerSuitCustomHuds_KhoraCustomHud.lua_B	True	True	True	False	False	2	PASS	13	13	13	13	PASS	False	FAIL	12	FAIL	
Lotus_Interface_PowerSuitCustomHuds_KoumeiBlockHud.lua_B	True	True	True	True	True	1	PASS	15	15	15	15	None	False	PASS	15	None	
Lotus_Interface_PowerSuitCustomHuds_KoumeiCustomHud.lua_B	True	True	True	False	False	2	PASS	30	30	30	30	PASS	False	FAIL	29	FAIL	
Lotus_Interface_PowerSuitCustomHuds_KullervoCustomHud.lua_B	True	True	True	False	False	2	PASS	9	9	9	9	PASS	False	PASS	9	PASS	
Lotus_Interface_PowerSuitCustomHuds_MawFishingCustomHud.lua_B	True	True	True	False	False	2	PASS	22	22	22	22	PASS	False	PASS	22	PASS	
Lotus_Interface_PowerSuitCustomHuds_MechCustomHud.lua_B	True	True	True	False	False	3	PASS	23	23	23	23	PASS	False	PASS	23	PASS	
Lotus_Interface_PowerSuitCustomHuds_MindControlCustomHud.lua_B	True	True	True	False	False	2	PASS	20	20	20	20	PASS	False	PASS	20	PASS	
Lotus_Interface_PowerSuitCustomHuds_NezhaCustomHud.lua_B	True	True	True	True	True	1	PASS	24	24	24	24	None	False	FAIL	23	None	
Lotus_Interface_PowerSuitCustomHuds_NokkoResurrectMeter.lua_B	True	True	True	False	False	2	PASS	15	15	15	15	PASS	False	PASS	15	PASS	
Lotus_Interface_PowerSuitCustomHuds_OdaliskCustomHud.lua_B	True	True	True	False	False	2	PASS	24	24	24	24	PASS	False	FAIL	23	FAIL	
Lotus_Interface_PowerSuitCustomHuds_OrbOverheatHud.lua_B	True	True	True	False	False	2	PASS	11	11	11	11	PASS	False	PASS	11	PASS	
Lotus_Interface_PowerSuitCustomHuds_PagemasterCustomHud.lua_B	True	True	True	False	False	2	PASS	15	15	15	15	PASS	False	FAIL	14	FAIL	
Lotus_Interface_PowerSuitCustomHuds_PainterCustomHud.lua_B	True	True	True	False	False	2	PASS	14	14	14	14	PASS	False	PASS	14	PASS	
Lotus_Interface_PowerSuitCustomHuds_PriestCustomHud.lua_B	True	True	True	False	False	2	PASS	40	40	40	40	PASS	False	PASS	40	PASS	
Lotus_Interface_PowerSuitCustomHuds_ProteaTurretStatus.lua_B	True	True	True	True	True	1	PASS	10	10	10	10	None	False	PASS	10	None	
Lotus_Interface_PowerSuitCustomHuds_PseudoExaltedHudUtilities.lua_B	True	True	True	False	False	3	PASS	7	7	7	7	PASS	False	FAIL	6	FAIL	
Lotus_Interface_PowerSuitCustomHuds_RangerCustomHud.lua_B	True	True	True	False	False	2	PASS	23	23	23	23	PASS	False	FAIL	22	FAIL	
Lotus_Interface_PowerSuitCustomHuds_RhinoCustomHud.lua_B	True	True	True	False	False	2	PASS	16	16	16	16	PASS	False	PASS	16	PASS	
Lotus_Interface_PowerSuitCustomHuds_RunnerCustomHud.lua_B	True	True	True	False	False	2	PASS	13	13	13	13	PASS	False	PASS	13	PASS	
Lotus_Interface_PowerSuitCustomHuds_SandmanResurrectMeter.lua_B	True	True	True	True	True	1	PASS	18	18	18	18	None	False	PASS	18	None	
Lotus_Interface_PowerSuitCustomHuds_SarynCustomHud.lua_B	True	True	True	False	False	2	PASS	20	20	20	20	PASS	False	FAIL	19	FAIL	
Lotus_Interface_PowerSuitCustomHuds_SentientCustomHud.lua_B	True	True	True	False	False	2	PASS	15	15	15	15	PASS	False	PASS	15	PASS	
Lotus_Interface_PowerSuitCustomHuds_SiriusOrionCustomHud.lua_B	True	True	True	False	False	2	PASS	28	28	28	28	PASS	False	FAIL	27	FAIL	
Lotus_Interface_PowerSuitCustomHuds_TempleCustomHud.lua_B	True	True	True	False	False	2	PASS	19	19	19	19	PASS	False	PASS	19	PASS	
Lotus_Interface_PowerSuitCustomHuds_UrielCustomHud.lua_B	True	True	True	False	False	2	PASS	18	18	18	18	PASS	False	PASS	18	PASS	
Lotus_Interface_PowerSuitCustomHuds_ValkyrCustomHud.lua_B	True	True	True	False	False	2	PASS	20	20	20	20	PASS	False	PASS	20	PASS	
Lotus_Interface_PowerSuitCustomHuds_VesselCustomHud.lua_B	True	True	True	False	False	2	PASS	14	14	14	14	PASS	False	PASS	14	PASS	
Lotus_Interface_PowerSuitCustomHuds_WispCustomHud.lua_B	True	True	True	True	True	1	PASS	22	22	22	22	None	False	FAIL	21	None	
Lotus_Interface_PowerSuitCustomHuds_WolfCustomHud.lua_B	True	True	True	False	False	2	PASS	27	27	27	27	PASS	False	FAIL	25	FAIL	
Lotus_Interface_PowerSuitCustomHuds_WraithCustomHud.lua_B	True	True	True	False	False	2	PASS	19	19	19	19	PASS	False	PASS	19	PASS	
Lotus_Interface_PowerSuitCustomHuds_WukongCustomHud.lua_B	True	True	True	False	False	2	PASS	41	41	41	41	PASS	False	FAIL	40	FAIL	
Lotus_Interface_PowerSuitCustomHuds_YareliHoverboardCustomHud.lua_B	True	True	True	True	True	1	PASS	15	15	15	15	None	False	PASS	15	None	
Lotus_Interface_PrimeVaultSchedule.lua_B	True	True	True	False	False	2	PASS	21	21	21	21	PASS	False	PASS	21	PASS	
Lotus_Interface_Profile.lua_B	True	True	True	False	False	2	FAIL	68	46	42	124	FAIL	False	FAIL	38	FAIL	
Lotus_Interface_ProfileRedux.lua_B	True	True	True	False	False	3	PASS	230	230	230	230	PASS	False	FAIL	48	FAIL	
Lotus_Interface_Progress.lua_B	True	True	True	False	False	3	FAIL	50	53	50	60	FAIL	False	FAIL	32	FAIL	
Lotus_Interface_ProgressTouchTips.lua_B	True	True	True	False	False	2	PASS	8	8	8	8	PASS	False	PASS	8	PASS	
Lotus_Interface_ProjectionRewardChoice.lua_B	True	True	True	False	False	2	PASS	56	56	56	56	PASS	False	FAIL	55	FAIL	
Lotus_Interface_ProjectionsCountdown.lua_B	True	True	True	False	False	2	PASS	32	32	32	32	PASS	False	PASS	32	PASS	
Lotus_Interface_PurchaseCelebration.lua_B	True	True	True	True	True	1	PASS	15	15	15	15	None	False	PASS	15	None	
Lotus_Interface_PurgatoryReward.lua_B	True	True	True	True	True	1	FAIL	6	7	6	11	None	False	FAIL	5	None	
Lotus_Interface_PVPModeAffectorPopup.lua_B	True	True	True	True	True	1	PASS	6	6	6	6	None	False	PASS	6	None	
Lotus_Interface_PvpScoreboard.lua_B	True	True	True	False	False	2	PASS	25	25	25	25	PASS	False	FAIL	24	FAIL	
Lotus_Interface_PvpTeamSelect.lua_B	True	True	True	False	False	3	FAIL	30	34	30	108	FAIL	False	FAIL	19	FAIL	
Lotus_Interface_QuestPicker.lua_B	True	True	True	False	False	2	FAIL	6	11	6	42	FAIL	False	FAIL	5	FAIL	
Lotus_Interface_Quests_GlyphObtainedSplashScreen.lua_B	True	True	True	True	True	1	PASS	12	12	12	12	None	False	PASS	12	None	
Lotus_Interface_Quests_JadeShadowsQuestArt.lua_B	True	True	True	False	False	2	PASS	16	16	16	16	PASS	False	PASS	16	PASS	
Lotus_Interface_Quests_OrokinLock.lua_B	True	True	True	False	False	2	FAIL	86	93	86	101	FAIL	False	FAIL	71	FAIL	
Lotus_Interface_Quests_TNW_CharacterName.lua_B	True	True	True	False	False	2	PASS	9	9	9	9	PASS	False	PASS	9	PASS	
Lotus_Interface_Quests_TNW_CinAspect.lua_B	True	True	True	False	False	3	PASS	8	8	8	8	PASS	False	PASS	8	FAIL	
Lotus_Interface_Quests_TransferenceTunnel.lua_B	True	True	True	True	True	1	PASS	3	3	3	3	None	False	PASS	3	None	
Lotus_Interface_Quests_Vitruvian.lua_B	True	True	True	False	False	2	PASS	22	22	22	22	PASS	False	FAIL	21	FAIL	
Lotus_Interface_Quests_VitruvianPassword.lua_B	True	True	True	False	False	2	PASS	35	35	35	35	PASS	False	PASS	35	PASS	
Lotus_Interface_RadialSolarMapLite.lua_B	True	True	True	False	False	3	PASS	31	31	31	31	PASS	False	PASS	31	FAIL	
Lotus_Interface_RadialText.lua_B	True	True	True	False	False	3	PASS	11	11	11	11	PASS	False	FAIL	10	FAIL	
Lotus_Interface_Rage.lua_B	True	True	True	True	True	1	PASS	4	4	4	4	None	False	PASS	4	None	
Lotus_Interface_RaidSquad.lua_B	True	True	True	False	False	3	PASS	66	66	66	66	PASS	False	PASS	66	PASS	
Lotus_Interface_RailjackCrewMgr.lua_B	True	True	True	False	False	3	FAIL	217	217	217	223	FAIL	False	FAIL	215	FAIL	
Lotus_Interface_RailjackEndLogoScreen.lua_B	True	True	True	True	True	1	PASS	15	15	15	15	None	False	PASS	15	None	
Lotus_Interface_RailJackHud.lua_B	True	True	True	False	False	3	FAIL	17	18	16	62	FAIL	False	FAIL	14	FAIL	
Lotus_Interface_RailjackLoadOut.lua_B	True	True	True	False	False	2	PASS	272	272	272	272	PASS	False	FAIL	270	FAIL	
Lotus_Interface_RailjackRepairProgress.lua_B	True	True	True	True	True	1	PASS	6	6	6	6	None	False	PASS	6	None	
Lotus_Interface_RailjackResourceLite.lua_B	True	True	True	False	False	2	PASS	11	11	11	11	PASS	False	PASS	11	PASS	
Lotus_Interface_RailjackResources.lua_B	True	True	True	False	False	2	PASS	72	72	72	72	PASS	False	PASS	72	PASS	
Lotus_Interface_RailjackRoleSelection.lua_B	True	True	True	False	False	2	PASS	18	18	18	18	PASS	False	PASS	18	PASS	
Lotus_Interface_RailjackSentientThreat.lua_B	True	True	True	False	False	2	PASS	14	14	14	14	PASS	False	PASS	14	PASS	
Lotus_Interface_RailjackText.lua_B	True	True	True	False	False	2	PASS	17	17	17	17	PASS	False	PASS	17	PASS	
Lotus_Interface_RateOurGame.lua_B	True	True	True	False	False	2	PASS	20	20	20	20	PASS	False	PASS	20	PASS	
Lotus_Interface_RelayReconLocations.lua_B	True	True	True	False	False	2	PASS	18	18	18	18	PASS	False	PASS	18	PASS	
Lotus_Interface_ResourceConversion.lua_B	True	True	True	False	False	3	FAIL	77	94	64	407	FAIL	False	FAIL	53	FAIL	
Lotus_Interface_ResourceDrone.lua_B	True	True	True	False	False	2	PASS	89	89	89	89	PASS	False	FAIL	88	FAIL	
Lotus_Interface_ReticleUtilities.lua_B	True	True	True	False	False	2	PASS	10	10	10	10	PASS	False	PASS	10	PASS	
Lotus_Interface_RetroDateScreen.lua_B	True	True	True	False	False	2	PASS	22	22	22	22	PASS	False	PASS	22	PASS	
Lotus_Interface_RetroDemoArthurIntro.lua_B	True	True	True	True	True	1	PASS	10	10	10	10	None	False	PASS	10	None	
Lotus_Interface_RetroMinigameHUD.lua_B	True	True	True	False	False	2	PASS	4	4	4	4	PASS	False	PASS	4	PASS	
Lotus_Interface_RetroRecapScreen.lua_B	True	True	True	False	False	2	PASS	33	33	33	33	PASS	False	PASS	33	PASS	
Lotus_Interface_RewardUtilities.lua_B	True	True	True	False	False	3	PASS	7	7	7	7	PASS	False	PASS	7	FAIL	
Lotus_Interface_RivenEvolution.lua_B	True	True	True	False	False	2	PASS	65	65	65	65	PASS	False	PASS	65	PASS	
Lotus_Interface_SaveSpinner.lua_B	True	True	True	True	True	1	PASS	6	6	6	6	None	False	PASS	6	None	
Lotus_Interface_SecurityCamera.lua_B	True	True	True	False	False	2	PASS	12	12	12	12	PASS	False	PASS	12	PASS	
Lotus_Interface_SelectTennoWay.lua_B	True	True	True	False	False	2	PASS	58	58	58	58	PASS	False	PASS	58	PASS	
Lotus_Interface_SentimentUtility.lua_B	True	True	True	False	False	2	PASS	2	2	2	2	PASS	False	PASS	2	PASS	
Lotus_Interface_SequencerUtilities.lua_B	True	True	True	False	False	2	PASS	6	6	6	6	PASS	False	PASS	6	PASS	
Lotus_Interface_Settings.lua_B	True	True	True	False	False	3	FAIL	1423	1428	1421	1501	FAIL	False	FAIL	1338	FAIL	
Lotus_Interface_ShowPoem.lua_B	True	True	True	False	False	2	PASS	25	25	25	25	PASS	False	PASS	25	PASS	
Lotus_Interface_SixStackSetup.lua_B	True	True	True	False	False	3	FAIL	4	2	2	75	FAIL	False	FAIL	1	FAIL	
Lotus_Interface_SlideShow.lua_B	True	True	True	False	False	2	PASS	15	15	15	15	PASS	False	PASS	15	PASS	
Lotus_Interface_SomaticBearer.lua_B	True	True	True	False	False	2	PASS	20	20	20	20	PASS	False	PASS	20	PASS	
Lotus_Interface_SpecialReticles_1999InfShotgunWeaponReticle.lua_B	True	True	True	False	False	2	PASS	10	10	10	10	PASS	False	PASS	10	PASS	
Lotus_Interface_SpecialReticles_1999InfSporePistolReticle.lua_B	True	True	True	True	True	1	PASS	10	10	10	10	None	False	PASS	10	None	
Lotus_Interface_SpecialReticles_ArchwingCannonHud.lua_B	True	True	True	False	False	3	PASS	4	4	4	4	PASS	False	PASS	4	PASS	
Lotus_Interface_SpecialReticles_BayonetReticle.lua_B	True	True	True	False	False	2	PASS	19	19	19	19	PASS	False	PASS	19	PASS	
Lotus_Interface_SpecialReticles_CodexScannerReticle.lua_B	True	True	True	False	False	2	PASS	24	24	24	24	PASS	False	PASS	24	PASS	
Lotus_Interface_SpecialReticles_CollectorScanner.lua_B	True	True	True	False	False	2	PASS	40	40	40	40	PASS	False	PASS	40	PASS	
Lotus_Interface_SpecialReticles_CrpGhostCatcherGlaiveReticle.lua_B	True	True	True	False	False	2	PASS	14	14	14	14	PASS	False	PASS	14	PASS	
Lotus_Interface_SpecialReticles_CrpSentExperimentRifleCharges.lua_B	True	True	True	False	False	2	PASS	13	13	13	13	PASS	False	PASS	13	PASS	
Lotus_Interface_SpecialReticles_DagathBladeWhip.lua_B	True	True	True	False	False	2	PASS	19	19	19	19	PASS	False	PASS	19	PASS	
Lotus_Interface_SpecialReticles_DuelistBowReticle.lua_B	True	True	True	False	False	3	PASS	20	20	20	20	PASS	False	FAIL	19	FAIL	
Lotus_Interface_SpecialReticles_EvolvingGun.lua_B	True	True	True	False	False	3	PASS	25	25	25	25	PASS	False	PASS	25	PASS	
Lotus_Interface_SpecialReticles_EvolvingMelee.lua_B	True	True	True	False	False	2	PASS	16	16	16	16	PASS	False	PASS	16	PASS	
Lotus_Interface_SpecialReticles_GenericScope.lua_B	True	True	True	False	False	2	PASS	29	29	29	29	PASS	False	PASS	29	PASS	
Lotus_Interface_SpecialReticles_GlaiveReticle.lua_B	True	True	True	False	False	2	PASS	22	22	22	22	PASS	False	PASS	22	PASS	
Lotus_Interface_SpecialReticles_GrimoireReticle.lua_B	True	True	True	False	False	2	PASS	20	20	20	20	PASS	False	PASS	20	PASS	
Lotus_Interface_SpecialReticles_GrineerGorgonesqueScope.lua_B	True	True	True	False	False	2	PASS	19	19	19	19	PASS	False	PASS	19	PASS	
Lotus_Interface_SpecialReticles_GunAndSwordReticle.lua_B	True	True	True	False	False	2	PASS	16	16	16	16	PASS	False	PASS	16	PASS	
Lotus_Interface_SpecialReticles_GunbrellaReticle.lua_B	True	True	True	False	False	2	PASS	19	19	19	19	PASS	False	PASS	19	PASS	
Lotus_Interface_SpecialReticles_MeleeLockOn.lua_B	True	True	True	True	True	1	PASS	9	9	9	9	None	False	PASS	9	None	
Lotus_Interface_SpecialReticles_MiningLaserReticle.lua_B	True	True	True	False	False	2	PASS	81	81	81	81	PASS	False	PASS	81	PASS	
Lotus_Interface_SpecialReticles_OwlReconHud.lua_B	True	True	True	False	False	3	PASS	14	14	14	14	PASS	False	FAIL	13	FAIL	
Lotus_Interface_SpecialReticles_PriestframeSniperScope.lua_B	True	True	True	False	False	2	PASS	22	22	22	22	PASS	False	PASS	22	PASS	
Lotus_Interface_SpecialReticles_PrimeLightningGun.lua_B	True	True	True	False	False	2	PASS	23	23	23	23	PASS	False	PASS	23	PASS	
Lotus_Interface_SpecialReticles_RailjackMultiToolReticle.lua_B	True	True	True	False	False	2	PASS	27	27	27	27	PASS	False	PASS	27	PASS	
Lotus_Interface_SpecialReticles_ReticleIOS.lua_B	True	True	True	False	False	2	PASS	13	13	13	13	PASS	False	PASS	13	PASS	
Lotus_Interface_SpecialReticles_ShrineMaidenNaginataReticle.lua_B	True	True	True	False	False	2	PASS	12	12	12	12	PASS	False	PASS	12	PASS	
Lotus_Interface_SpecialReticles_SimpleReticle.lua_B	True	True	True	True	True	1	PASS	8	8	8	8	None	False	PASS	8	None	
Lotus_Interface_SpecialReticles_TempleGuitarReticle.lua_B	True	True	True	False	False	2	PASS	15	15	15	15	PASS	False	PASS	15	PASS	
Lotus_Interface_SpecialReticles_ThanoTechReticle.lua_B	True	True	True	False	False	3	PASS	19	19	19	19	PASS	False	PASS	19	PASS	
Lotus_Interface_SpecialReticles_WhistleMeter.lua_B	True	True	True	False	False	2	PASS	15	15	15	15	PASS	False	PASS	15	PASS	
Lotus_Interface_SpectatorHUD.lua_B	True	True	True	False	False	2	PASS	81	81	81	81	PASS	False	PASS	81	PASS	
Lotus_Interface_Spectres.lua_B	True	True	True	False	False	2	PASS	37	37	37	37	PASS	False	PASS	37	PASS	
Lotus_Interface_StandingGainPopup.lua_B	True	True	True	True	True	1	PASS	12	12	12	12	None	False	PASS	12	None	
Lotus_Interface_StatusEffectInfo.lua_B	True	True	True	False	False	2	PASS	32	32	32	32	PASS	False	PASS	32	PASS	
Lotus_Interface_StealthHud.lua_B	True	True	True	True	True	1	PASS	11	11	11	11	None	False	PASS	11	None	
Lotus_Interface_StoreItemFilterOptions.lua_B	True	True	True	False	False	2	PASS	3	3	3	3	PASS	False	PASS	3	PASS	
Lotus_Interface_StoreItemUtilities.lua_B	True	True	True	False	False	3	PASS	122	122	122	122	PASS	False	FAIL	118	FAIL	
Lotus_Interface_StoreLandingPage.lua_B	True	True	True	False	False	3	FAIL	12	26	11	103	FAIL	False	FAIL	10	FAIL	
Lotus_Interface_StoreLite.lua_B	True	True	True	False	False	3	PASS	25	25	25	25	PASS	False	PASS	25	PASS	
Lotus_Interface_StoreRedux.lua_B	True	True	True	False	False	3	FAIL	223	222	223	223	FAIL	False	FAIL	217	FAIL	
Lotus_Interface_StrugglePrompt.lua_B	True	True	True	False	False	3	PASS	18	18	18	18	PASS	False	FAIL	16	FAIL	
Lotus_Interface_StyleManager.lua_B	True	True	True	False	False	2	PASS	61	61	61	61	PASS	False	FAIL	60	FAIL	
Lotus_Interface_SubGearHud.lua_B	True	True	True	False	False	2	PASS	20	20	20	20	PASS	False	PASS	20	PASS	
Lotus_Interface_Subtitles.lua_B	True	True	True	False	False	3	PASS	16	16	16	16	PASS	False	FAIL	15	FAIL	
Lotus_Interface_SuccessBorder.lua_B	True	True	True	True	True	1	PASS	13	13	13	13	None	False	PASS	13	None	
Lotus_Interface_SurvivalReward.lua_B	True	True	True	False	False	2	PASS	31	31	31	31	PASS	False	PASS	31	PASS	
Lotus_Interface_SyndicatesLite.lua_B	True	True	True	False	False	2	PASS	17	17	17	17	PASS	False	PASS	17	PASS	
Lotus_Interface_SyndicateTitleEarned.lua_B	True	True	True	True	True	1	PASS	16	16	16	16	None	False	PASS	16	None	
Lotus_Interface_SyndicateUtilities.lua_B	True	True	True	False	False	2	PASS	33	33	33	33	PASS	False	PASS	33	PASS	
Lotus_Interface_Tau12MinWarImpactTimer.lua_B	True	True	True	False	False	2	PASS	12	12	12	12	PASS	False	PASS	12	PASS	
Lotus_Interface_TauHellTower.lua_B	True	True	True	False	False	3	PASS	98	98	98	98	PASS	False	FAIL	97	FAIL	
Lotus_Interface_TauMap12MinuteWar.lua_B	True	True	True	False	False	3	PASS	55	55	55	55	PASS	False	FAIL	54	FAIL	
Lotus_Interface_TauMissionSelect.lua_B	True	True	True	False	False	2	PASS	44	44	44	44	PASS	False	PASS	44	PASS	
Lotus_Interface_TauTitleCard.lua_B	True	True	True	False	False	2	PASS	17	17	17	17	PASS	False	PASS	17	PASS	
Lotus_Interface_TauUtilities.lua_B	True	True	True	False	False	2	PASS	4	4	4	4	PASS	False	PASS	4	PASS	
Lotus_Interface_TennoHubScreenLauncher.lua_B	True	True	True	False	False	3	FAIL	50	46	48	224	FAIL	False	FAIL	37	FAIL	
Lotus_Interface_TennoWayTree.lua_B	True	True	True	False	False	2	PASS	135	135	135	135	PASS	False	PASS	135	PASS	
Lotus_Interface_Test_CompositionTool_CompositionDisk.lua_B	True	True	True	False	False	2	PASS	100	100	100	100	PASS	False	PASS	100	PASS	
Lotus_Interface_Test_CompositionTool_CompositionTool.lua_B	True	True	True	False	False	2	PASS	134	134	134	134	PASS	False	FAIL	133	FAIL	
Lotus_Interface_Test_CompositionTool_ThemedCompositionTool.lua_B	True	True	True	False	False	2	PASS	98	98	98	98	PASS	False	FAIL	96	FAIL	
Lotus_Interface_Test_CustomColors_CustomColors.lua_B	True	True	True	False	False	2	PASS	10	10	10	10	PASS	False	PASS	10	PASS	
Lotus_Interface_Test_DirectionalPointerTest.lua_B	True	True	True	False	False	2	PASS	5	5	5	5	PASS	False	PASS	5	PASS	
Lotus_Interface_Test_NemesisTest.lua_B	True	True	True	False	False	2	FAIL	90	97	90	134	FAIL	False	FAIL	88	FAIL	
Lotus_Interface_Test_ShawzinTest.lua_B	True	True	True	False	False	2	PASS	206	206	206	206	PASS	False	FAIL	204	FAIL	
Lotus_Interface_TextSuggest.lua_B	True	True	True	False	False	2	PASS	26	26	26	26	PASS	False	FAIL	25	FAIL	
Lotus_Interface_ThemedAbilityProgression.lua_B	True	True	True	False	False	3	PASS	46	46	46	46	PASS	False	FAIL	45	FAIL	
Lotus_Interface_ThemedActionFigureCustomization.lua_B	True	True	True	False	False	2	PASS	38	38	38	38	PASS	False	PASS	38	PASS	
Lotus_Interface_ThemedAmpCustomization.lua_B	True	True	True	False	False	2	PASS	86	86	86	86	PASS	False	FAIL	84	FAIL	
Lotus_Interface_ThemedArcaneManager.lua_B	True	True	True	False	False	2	PASS	105	105	105	105	PASS	False	FAIL	103	FAIL	
Lotus_Interface_ThemedButtonBar.lua_B	True	True	True	False	False	2	PASS	41	41	41	41	PASS	False	FAIL	40	FAIL	
Lotus_Interface_ThemedCephalonFragment.lua_B	True	True	True	False	False	2	PASS	64	64	64	64	PASS	False	PASS	64	PASS	
Lotus_Interface_ThemedContextMenu.lua_B	True	True	True	False	False	2	PASS	19	19	19	19	PASS	False	PASS	19	PASS	
Lotus_Interface_ThemedDetailedPurchaseDialog.lua_B	True	True	True	False	False	3	PASS	259	259	259	259	PASS	False	FAIL	44	FAIL	
Lotus_Interface_ThemedGenericSettings.lua_B	True	True	True	False	False	3	PASS	126	126	126	126	PASS	False	FAIL	125	FAIL	
Lotus_Interface_ThemedJunctionMenu.lua_B	True	True	True	False	False	2	PASS	38	38	38	38	PASS	False	PASS	38	PASS	
Lotus_Interface_ThemedJunctionTasks.lua_B	True	True	True	False	False	2	PASS	35	35	35	35	PASS	False	PASS	35	PASS	
Lotus_Interface_ThemedLightCustomization.lua_B	True	True	True	False	False	2	PASS	32	32	32	32	PASS	False	PASS	32	PASS	
Lotus_Interface_ThemedMainMenu.lua_B	True	True	True	False	False	3	PASS	247	247	247	247	PASS	False	FAIL	241	FAIL	
Lotus_Interface_ThemedOperatorLoadout.lua_B	True	True	True	False	False	2	PASS	110	110	110	110	PASS	False	FAIL	109	FAIL	
Lotus_Interface_ThemedPhotoboothControls.lua_B	True	True	True	False	False	2	FAIL	224	226	220	343	FAIL	False	FAIL	66	FAIL	
Lotus_Interface_ThemedProjectionManager.lua_B	True	True	True	False	False	3	PASS	132	132	132	132	PASS	False	PASS	132	FAIL	
Lotus_Interface_ThemedSquadOverlay.lua_B	True	True	True	False	False	3	FAIL	185	184	182	295	FAIL	False	FAIL	48	FAIL	
Lotus_Interface_ThemedSyndicates.lua_B	True	True	True	False	False	2	FAIL	35	37	29	204	FAIL	False	FAIL	23	FAIL	
Lotus_Interface_ThemedTaskList.lua_B	True	True	True	False	False	2	PASS	32	32	32	32	PASS	False	PASS	32	PASS	
Lotus_Interface_ThemedTennoCustomization.lua_B	True	True	True	False	False	2	FAIL	311	311	311	313	FAIL	False	FAIL	76	FAIL	
Lotus_Interface_ThemedVignetteConsole.lua_B	True	True	True	False	False	2	PASS	59	59	59	59	PASS	False	FAIL	57	FAIL	
Lotus_Interface_TitleSelection.lua_B	True	True	True	False	False	2	PASS	34	34	34	34	PASS	False	PASS	34	PASS	
Lotus_Interface_TNWVesoPrompt.lua_B	True	True	True	True	True	1	PASS	5	5	5	5	None	False	PASS	5	None	
Lotus_Interface_ToolTip.lua_B	True	True	True	False	False	2	PASS	14	14	14	14	PASS	False	PASS	14	PASS	
Lotus_Interface_TopMenu.lua_B	True	True	True	False	False	3	FAIL	165	137	157	386	FAIL	False	FAIL	117	FAIL	
Lotus_Interface_TouchAreaCapture.lua_B	True	True	True	True	True	1	PASS	7	7	7	7	None	False	PASS	7	None	
Lotus_Interface_TouchControlsInterface.lua_B	True	True	True	False	False	3	PASS	152	152	152	152	PASS	False	FAIL	145	FAIL	
Lotus_Interface_TouchInterface_AbilityButton.lua_B	True	True	True	False	False	2	PASS	24	24	24	24	PASS	False	PASS	24	PASS	
Lotus_Interface_TouchInterface_ADSFireButton.lua_B	True	True	True	False	False	3	PASS	9	9	9	9	PASS	False	PASS	9	PASS	
Lotus_Interface_TouchInterface_AimToggleButton.lua_B	True	True	True	False	False	2	PASS	13	13	13	13	PASS	False	FAIL	12	FAIL	
Lotus_Interface_TouchInterface_AltFireButtonStyle.lua_B	True	True	True	False	False	2	PASS	11	11	11	11	PASS	False	PASS	11	PASS	
Lotus_Interface_TouchInterface_ArchwingAscendButton.lua_B	True	True	True	False	False	2	PASS	6	6	6	6	PASS	False	PASS	6	PASS	
Lotus_Interface_TouchInterface_ArchwingDescendButton.lua_B	True	True	True	False	False	2	PASS	6	6	6	6	PASS	False	PASS	6	PASS	
Lotus_Interface_TouchInterface_AtomicycleBrakeButton.lua_B	True	True	True	True	True	1	PASS	2	2	2	2	None	False	PASS	2	None	
Lotus_Interface_TouchInterface_AtomicycleDismountButton.lua_B	True	True	True	False	False	2	PASS	4	4	4	4	PASS	False	PASS	4	PASS	
Lotus_Interface_TouchInterface_AtomicycleJumpButton.lua_B	True	True	True	True	True	1	PASS	3	3	3	3	None	False	PASS	3	None	
Lotus_Interface_TouchInterface_AutoInputProfiles.lua_B	True	True	True	True	True	1	PASS	10	10	10	10	None	False	PASS	10	None	
Lotus_Interface_TouchInterface_AutoReloadManager.lua_B	True	True	True	False	False	2	PASS	5	5	5	5	PASS	False	PASS	5	PASS	
Lotus_Interface_TouchInterface_Bitmap.lua_B	True	True	True	True	True	1	PASS	5	5	5	5	None	False	PASS	5	None	
Lotus_Interface_TouchInterface_BlockButton.lua_B	True	True	True	False	False	2	PASS	11	11	11	11	PASS	False	PASS	11	PASS	
Lotus_Interface_TouchInterface_BulletJumpButton.lua_B	True	True	True	False	False	2	PASS	11	11	11	11	PASS	False	PASS	11	PASS	
Lotus_Interface_TouchInterface_Button.lua_B	True	True	True	False	False	2	PASS	40	40	40	40	PASS	False	PASS	40	PASS	
Lotus_Interface_TouchInterface_CaliberChicksDashButton.lua_B	True	True	True	True	True	1	PASS	3	3	3	3	None	False	PASS	3	None	
Lotus_Interface_TouchInterface_CaliberChicksFireButton.lua_B	True	True	True	True	True	1	PASS	2	2	2	2	None	False	PASS	2	None	
Lotus_Interface_TouchInterface_CaliberChicksHoldFireButton.lua_B	True	True	True	True	True	1	PASS	7	7	7	7	None	False	PASS	7	None	
Lotus_Interface_TouchInterface_CaliberChicksJumpButton.lua_B	True	True	True	True	True	1	PASS	3	3	3	3	None	False	PASS	3	None	
Lotus_Interface_TouchInterface_CaliberChicksPauseButton.lua_B	True	True	True	False	False	2	PASS	3	3	3	3	PASS	False	PASS	3	PASS	
Lotus_Interface_TouchInterface_CaliberChicksUltimateButton.lua_B	True	True	True	True	True	1	PASS	2	2	2	2	None	False	PASS	2	None	
Lotus_Interface_TouchInterface_CallbackButton.lua_B	True	True	True	True	True	1	PASS	5	5	5	5	None	False	PASS	5	None	
Lotus_Interface_TouchInterface_CapturaFreeCameraToggleButton.lua_B	True	True	True	True	True	1	PASS	4	4	4	4	None	False	PASS	4	None	
Lotus_Interface_TouchInterface_CapturaHideHudButton.lua_B	True	True	True	True	True	1	PASS	4	4	4	4	None	False	PASS	4	None	
Lotus_Interface_TouchInterface_CapturaScreenShotButton.lua_B	True	True	True	True	True	1	PASS	2	2	2	2	None	False	PASS	2	None	
Lotus_Interface_TouchInterface_CapturaSettingsButton.lua_B	True	True	True	True	True	1	PASS	2	2	2	2	None	False	PASS	2	None	
Lotus_Interface_TouchInterface_CapturaTimeForwardButton.lua_B	True	True	True	True	True	1	PASS	2	2	2	2	None	False	PASS	2	None	
Lotus_Interface_TouchInterface_ChangeStateButton.lua_B	True	True	True	True	True	1	PASS	6	6	6	6	None	False	PASS	6	None	
Lotus_Interface_TouchInterface_ChatButton.lua_B	True	True	True	True	True	1	PASS	5	5	5	5	None	False	PASS	5	None	
Lotus_Interface_TouchInterface_Class.lua_B	True	True	True	True	True	1	PASS	3	3	3	3	None	False	PASS	3	None	
Lotus_Interface_TouchInterface_CloseGearWheelButton.lua_B	True	True	True	True	True	1	PASS	5	5	5	5	None	False	PASS	5	None	
Lotus_Interface_TouchInterface_CrouchButton.lua_B	True	True	True	False	False	3	PASS	17	17	17	17	PASS	False	PASS	17	PASS	
Lotus_Interface_TouchInterface_DecorationAddButton.lua_B	True	True	True	True	True	1	PASS	4	4	4	4	None	False	PASS	4	None	
Lotus_Interface_TouchInterface_DecorationAdvancedModeButton.lua_B	True	True	True	True	True	1	PASS	4	4	4	4	None	False	PASS	4	None	
Lotus_Interface_TouchInterface_DecorationAngleSnapButton.lua_B	True	True	True	True	True	1	PASS	2	2	2	2	None	False	PASS	2	None	
Lotus_Interface_TouchInterface_DecorationConfirmButton.lua_B	True	True	True	True	True	1	PASS	3	3	3	3	None	False	PASS	3	None	
Lotus_Interface_TouchInterface_DecorationConstrainedMoveButton.lua_B	True	True	True	True	True	1	PASS	4	4	4	4	None	False	PASS	4	None	
Lotus_Interface_TouchInterface_DecorationContributeButton.lua_B	True	True	True	True	True	1	PASS	2	2	2	2	None	False	PASS	2	None	
Lotus_Interface_TouchInterface_DecorationDuplicateButton.lua_B	True	True	True	True	True	1	PASS	4	4	4	4	None	False	PASS	4	None	
Lotus_Interface_TouchInterface_DecorationExitButton.lua_B	True	True	True	True	True	1	PASS	3	3	3	3	None	False	PASS	3	None	
Lotus_Interface_TouchInterface_DecorationFaceCameraModeButton.lua_B	True	True	True	True	True	1	PASS	2	2	2	2	None	False	PASS	2	None	
Lotus_Interface_TouchInterface_DecorationGridSnapButton.lua_B	True	True	True	True	True	1	PASS	2	2	2	2	None	False	PASS	2	None	
Lotus_Interface_TouchInterface_DecorationHelpButton.lua_B	True	True	True	True	True	1	PASS	3	3	3	3	None	False	PASS	3	None	
Lotus_Interface_TouchInterface_DecorationMoveButton.lua_B	True	True	True	True	True	1	PASS	4	4	4	4	None	False	PASS	4	None	
Lotus_Interface_TouchInterface_DecorationMoveUpButton.lua_B	True	True	True	True	True	1	PASS	2	2	2	2	None	False	PASS	2	None	
Lotus_Interface_TouchInterface_DecorationPushPullButton.lua_B	True	True	True	True	True	1	PASS	5	5	5	5	None	False	PASS	5	None	
Lotus_Interface_TouchInterface_DecorationRemoveButton.lua_B	True	True	True	True	True	1	PASS	2	2	2	2	None	False	PASS	2	None	
Lotus_Interface_TouchInterface_DecorationRepeatButton.lua_B	True	True	True	True	True	1	PASS	4	4	4	4	None	False	PASS	4	None	
Lotus_Interface_TouchInterface_DecorationResetRotation.lua_B	True	True	True	True	True	1	PASS	2	2	2	2	None	False	PASS	2	None	
Lotus_Interface_TouchInterface_DecorationRotateButton.lua_B	True	True	True	True	True	1	PASS	4	4	4	4	None	False	PASS	4	None	
Lotus_Interface_TouchInterface_DecorationRotationModeButton.lua_B	True	True	True	True	True	1	PASS	2	2	2	2	None	False	PASS	2	None	
Lotus_Interface_TouchInterface_DecorationScaleButton.lua_B	True	True	True	True	True	1	PASS	4	4	4	4	None	False	PASS	4	None	
Lotus_Interface_TouchInterface_DecorationScaleDownButton.lua_B	True	True	True	True	True	1	PASS	2	2	2	2	None	False	PASS	2	None	
Lotus_Interface_TouchInterface_DecorationScaleUpButton.lua_B	True	True	True	True	True	1	PASS	2	2	2	2	None	False	PASS	2	None	
Lotus_Interface_TouchInterface_DecorationSurfaceSnapButton.lua_B	True	True	True	True	True	1	PASS	2	2	2	2	None	False	PASS	2	None	
Lotus_Interface_TouchInterface_DecorationTweakZButton.lua_B	True	True	True	True	True	1	PASS	4	4	4	4	None	False	PASS	4	None	
Lotus_Interface_TouchInterface_DismountHoverboardButton.lua_B	True	True	True	True	True	1	PASS	5	5	5	5	None	False	PASS	5	None	
Lotus_Interface_TouchInterface_DownButton.lua_B	True	True	True	True	True	1	PASS	3	3	3	3	None	False	PASS	3	None	
Lotus_Interface_TouchInterface_Draggable.lua_B	True	True	True	True	True	1	PASS	6	6	6	6	None	False	PASS	6	None	
Lotus_Interface_TouchInterface_EscGroupButton.lua_B	True	True	True	True	True	1	PASS	4	4	4	4	None	False	PASS	4	None	
Lotus_Interface_TouchInterface_FlashMovie.lua_B	True	True	True	False	False	2	PASS	31	31	31	31	PASS	False	PASS	31	PASS	
Lotus_Interface_TouchInterface_FlipHoverboardButton.lua_B	True	True	True	True	True	1	PASS	6	6	6	6	None	False	PASS	6	None	
Lotus_Interface_TouchInterface_FunctionsMenu.lua_B	True	True	True	False	False	2	FAIL	15	14	15	15	FAIL	False	FAIL	14	FAIL	
Lotus_Interface_TouchInterface_GearButton.lua_B	True	True	True	False	False	2	PASS	11	11	11	11	PASS	False	PASS	11	PASS	
Lotus_Interface_TouchInterface_GestureIcons.lua_B	True	True	True	True	True	1	PASS	2	2	2	2	None	False	PASS	2	None	
Lotus_Interface_TouchInterface_GrabHoverboardButton.lua_B	True	True	True	False	False	2	PASS	7	7	7	7	PASS	False	PASS	7	PASS	
Lotus_Interface_TouchInterface_HeavyMeleeAttackButton.lua_B	True	True	True	False	False	2	PASS	9	9	9	9	PASS	False	PASS	9	PASS	
Lotus_Interface_TouchInterface_HiddenButton.lua_B	True	True	True	False	False	2	PASS	2	2	2	2	PASS	False	PASS	2	PASS	
Lotus_Interface_TouchInterface_HoverboardJumpButton.lua_B	True	True	True	True	True	1	PASS	5	5	5	5	None	False	PASS	5	None	
Lotus_Interface_TouchInterface_HoverboardSwipePadButton.lua_B	True	True	True	False	False	2	PASS	2	2	2	2	PASS	False	PASS	2	PASS	
Lotus_Interface_TouchInterface_HoverboardTrick2FlipButton.lua_B	True	True	True	False	False	2	PASS	4	4	4	4	PASS	False	PASS	4	PASS	
Lotus_Interface_TouchInterface_HUDLayoutManager.lua_B	True	True	True	False	False	2	PASS	28	28	28	28	PASS	False	FAIL	25	FAIL	
Lotus_Interface_TouchInterface_Input.lua_B	True	True	True	False	False	3	PASS	10	10	10	10	PASS	False	PASS	10	PASS	
Lotus_Interface_TouchInterface_JumpButton.lua_B	True	True	True	False	False	3	PASS	8	8	8	8	PASS	False	PASS	8	PASS	
Lotus_Interface_TouchInterface_LeftButton.lua_B	True	True	True	True	True	1	PASS	3	3	3	3	None	False	PASS	3	None	
Lotus_Interface_TouchInterface_LookJoystick.lua_B	True	True	True	False	False	3	PASS	9	9	9	9	PASS	False	FAIL	7	FAIL	
Lotus_Interface_TouchInterface_LookJoystickButton.lua_B	True	True	True	False	False	2	PASS	5	5	5	5	PASS	False	PASS	5	PASS	
Lotus_Interface_TouchInterface_LunaroCheckButton.lua_B	True	True	True	True	True	1	PASS	2	2	2	2	None	False	PASS	2	None	
Lotus_Interface_TouchInterface_LunaroMagnetButton.lua_B	True	True	True	True	True	1	PASS	2	2	2	2	None	False	PASS	2	None	
Lotus_Interface_TouchInterface_LunaroPassButton.lua_B	True	True	True	True	True	1	PASS	2	2	2	2	None	False	PASS	2	None	
Lotus_Interface_TouchInterface_LunaroShootButton.lua_B	True	True	True	True	True	1	PASS	2	2	2	2	None	False	PASS	2	None	
Lotus_Interface_TouchInterface_ManualReloadButton.lua_B	True	True	True	True	True	1	PASS	4	4	4	4	None	False	PASS	4	None	
Lotus_Interface_TouchInterface_MeleeAttackButton.lua_B	True	True	True	False	False	2	PASS	15	15	15	15	PASS	False	FAIL	14	FAIL	
Lotus_Interface_TouchInterface_MeleeModeButton.lua_B	True	True	True	False	False	2	PASS	12	12	12	12	PASS	False	FAIL	10	FAIL	
Lotus_Interface_TouchInterface_MoveAssistToggle.lua_B	True	True	True	False	False	2	PASS	13	13	13	13	PASS	False	PASS	13	PASS	
Lotus_Interface_TouchInterface_MoveJoystick.lua_B	True	True	True	False	False	2	PASS	25	25	25	25	PASS	False	FAIL	24	FAIL	
Lotus_Interface_TouchInterface_MoveJoystickButton.lua_B	True	True	True	False	False	2	PASS	6	6	6	6	PASS	False	PASS	6	PASS	
Lotus_Interface_TouchInterface_MovieClip.lua_B	True	True	True	False	False	2	PASS	47	47	47	47	PASS	False	PASS	47	PASS	
Lotus_Interface_TouchInterface_OperatorSwitchButton.lua_B	True	True	True	False	False	2	PASS	9	9	9	9	PASS	False	PASS	9	PASS	
Lotus_Interface_TouchInterface_PrimaryFireButton.lua_B	True	True	True	False	False	3	PASS	15	15	15	15	PASS	False	PASS	15	PASS	
Lotus_Interface_TouchInterface_RailjackBlinkButton.lua_B	True	True	True	True	True	1	PASS	2	2	2	2	None	False	PASS	2	None	
Lotus_Interface_TouchInterface_RailjackBoostButton.lua_B	True	True	True	True	True	1	PASS	2	2	2	2	None	False	PASS	2	None	
Lotus_Interface_TouchInterface_RailjackOverheatButton.lua_B	True	True	True	False	False	3	PASS	10	10	10	10	PASS	False	PASS	10	PASS	
Lotus_Interface_TouchInterface_RailjackSecondaryFireButton.lua_B	True	True	True	True	True	1	PASS	3	3	3	3	None	False	PASS	3	None	
Lotus_Interface_TouchInterface_RailjackSwitchWeaponButton.lua_B	True	True	True	True	True	1	PASS	2	2	2	2	None	False	PASS	2	None	
Lotus_Interface_TouchInterface_RailjackTacticalButton.lua_B	True	True	True	False	False	2	PASS	7	7	7	7	PASS	False	PASS	7	PASS	
Lotus_Interface_TouchInterface_RailjackTiltLeftButton.lua_B	True	True	True	True	True	1	PASS	2	2	2	2	None	False	PASS	2	None	
Lotus_Interface_TouchInterface_RailjackTiltRightButton.lua_B	True	True	True	True	True	1	PASS	3	3	3	3	None	False	PASS	3	None	
Lotus_Interface_TouchInterface_RetroMinigameButton.lua_B	True	True	True	True	True	1	PASS	5	5	5	5	None	False	PASS	5	None	
Lotus_Interface_TouchInterface_RightButton.lua_B	True	True	True	True	True	1	PASS	3	3	3	3	None	False	PASS	3	None	
Lotus_Interface_TouchInterface_SecondaryFireButton.lua_B	True	True	True	False	False	2	PASS	30	30	30	30	PASS	False	PASS	30	PASS	
Lotus_Interface_TouchInterface_SecondaryUseButton.lua_B	True	True	True	False	False	2	PASS	14	14	14	14	PASS	False	PASS	14	PASS	
Lotus_Interface_TouchInterface_SpecialAttackGroupButton.lua_B	True	True	True	False	False	2	PASS	17	17	17	17	PASS	False	PASS	17	PASS	
Lotus_Interface_TouchInterface_SubGearButton.lua_B	True	True	True	False	False	2	PASS	5	5	5	5	PASS	False	PASS	5	PASS	
Lotus_Interface_TouchInterface_SuitProfileSettings.lua_B	True	True	True	False	False	2	PASS	19	19	19	19	PASS	False	PASS	19	PASS	
Lotus_Interface_TouchInterface_SwitchAndGrindButton.lua_B	True	True	True	False	False	2	PASS	7	7	7	7	PASS	False	PASS	7	PASS	
Lotus_Interface_TouchInterface_TextLabel.lua_B	True	True	True	True	True	1	PASS	8	8	8	8	None	False	PASS	8	None	
Lotus_Interface_TouchInterface_TiltCameraButton.lua_B	True	True	True	True	True	1	PASS	2	2	2	2	None	False	PASS	2	None	
Lotus_Interface_TouchInterface_TouchDebug.lua_B	True	True	True	False	False	2	PASS	28	28	28	28	PASS	False	PASS	28	PASS	
Lotus_Interface_TouchInterface_TouchUI.lua_B	True	True	True	False	False	2	PASS	28	28	28	28	PASS	False	PASS	28	PASS	
Lotus_Interface_TouchInterface_TouchUIVisibility.lua_B	True	True	True	False	False	2	PASS	3	3	3	3	PASS	False	PASS	3	PASS	
Lotus_Interface_TouchInterface_TransmissionSpeedUpButton.lua_B	True	True	True	True	True	1	PASS	7	7	7	7	None	False	PASS	7	None	
Lotus_Interface_TouchInterface_TutorialButtonHighlight.lua_B	True	True	True	False	False	2	PASS	14	14	14	14	PASS	False	PASS	14	PASS	
Lotus_Interface_TouchInterface_UpButton.lua_B	True	True	True	True	True	1	PASS	3	3	3	3	None	False	PASS	3	None	
Lotus_Interface_TouchInterface_UseBoosterButton.lua_B	True	True	True	True	True	1	PASS	5	5	5	5	None	False	PASS	5	None	
Lotus_Interface_TouchInterface_UseGroupButton.lua_B	True	True	True	False	False	2	PASS	31	31	31	31	PASS	False	FAIL	30	FAIL	
Lotus_Interface_TouchInterface_UseHinderanceButton.lua_B	True	True	True	True	True	1	PASS	5	5	5	5	None	False	PASS	5	None	
Lotus_Interface_TouchInterface_VoiceChatButton.lua_B	True	True	True	False	False	2	PASS	9	9	9	9	PASS	False	PASS	9	PASS	
Lotus_Interface_TouchInterface_WeaponSlotButton.lua_B	True	True	True	False	False	2	PASS	38	38	38	38	PASS	False	PASS	38	PASS	
Lotus_Interface_TouchInterface_Window.lua_B	True	True	True	True	True	1	PASS	5	5	5	5	None	False	FAIL	4	None	
Lotus_Interface_TouchTutorialBlackoutHighlight.lua_B	True	True	True	True	True	1	PASS	14	14	14	14	None	False	PASS	14	None	
Lotus_Interface_TouchTutorialShowImages.lua_B	True	True	True	True	True	1	PASS	10	10	10	10	None	False	PASS	10	None	
Lotus_Interface_TouchTutorialShowstopper.lua_B	True	True	True	False	False	3	PASS	18	18	18	18	PASS	False	PASS	18	PASS	
Lotus_Interface_TouchTutorialStepByStep.lua_B	True	True	True	True	True	1	PASS	8	8	8	8	None	False	PASS	8	None	
Lotus_Interface_TouchTutorialStepByStepPanel.lua_B	True	True	True	False	False	2	PASS	11	11	11	11	PASS	False	PASS	11	PASS	
Lotus_Interface_Transmission.lua_B	True	True	True	False	False	3	PASS	62	62	62	62	PASS	False	PASS	62	PASS	
Lotus_Interface_TransmissionSpeedUpIndicator.lua_B	True	True	True	True	True	1	PASS	2	2	2	2	None	False	PASS	2	None	
Lotus_Interface_TransmissionUtilities.lua_B	True	True	True	False	False	2	PASS	14	14	14	14	PASS	False	FAIL	13	FAIL	
Lotus_Interface_TreasureBoxReveal.lua_B	True	True	True	False	False	2	PASS	45	45	45	45	PASS	False	FAIL	44	FAIL	
Lotus_Interface_TurretSelection.lua_B	True	True	True	True	True	1	PASS	40	40	40	40	None	False	PASS	40	None	
Lotus_Interface_UICommonResources.lua_B	True	True	True	False	True	2	PASS	6	6	6	6	PASS	False	FAIL	5	FAIL	
Lotus_Interface_UIDisabler.lua_B	True	True	True	True	True	1	PASS	20	20	20	20	None	False	PASS	20	None	
Lotus_Interface_UIStyleUtilities.lua_B	True	True	True	False	False	2	PASS	28	28	28	28	PASS	False	FAIL	27	FAIL	
Lotus_Interface_UIUtilities.lua_B	True	True	True	False	False	3	PASS	159	159	159	159	PASS	False	FAIL	150	FAIL	
Lotus_Interface_UnlockOddityMessage.lua_B	True	True	True	False	False	2	PASS	15	15	15	15	PASS	False	PASS	15	PASS	
Lotus_Interface_UpdateHistoryMenu.lua_B	True	True	True	False	False	2	PASS	54	54	54	54	PASS	False	PASS	54	PASS	
Lotus_Interface_VeilbreakerMissionBrief.lua_B	True	True	True	False	False	2	FAIL	16	17	16	42	FAIL	False	FAIL	15	FAIL	
Lotus_Interface_VenusSpaceReveal.lua_B	True	True	True	True	True	1	PASS	10	10	10	10	None	False	PASS	10	None	
Lotus_Interface_WarframeSelect.lua_B	True	True	True	False	False	2	PASS	61	61	61	61	PASS	False	FAIL	54	FAIL	
Lotus_Interface_WarWithinEndScreen.lua_B	True	True	True	False	False	2	PASS	21	21	21	21	PASS	False	PASS	21	PASS	
Lotus_Interface_WelcomeToClan.lua_B	True	True	True	False	False	2	PASS	20	20	20	20	PASS	False	PASS	20	PASS	
Lotus_Interface_WorldStateUtilities.lua_B	True	True	True	False	False	2	PASS	11	11	11	11	PASS	False	PASS	11	PASS	
Lotus_Interface_WorldStateWindow.lua_B	True	True	True	False	False	3	FAIL	126	128	126	184	FAIL	False	FAIL	117	FAIL	
Lotus_Interface_WyrmiusHud.lua_B	True	True	True	False	False	2	PASS	12	12	12	12	PASS	False	PASS	12	PASS	
Lotus_Interface_YareliComic_YareliComic.lua_B	True	True	True	False	False	2	FAIL	115	116	115	120	FAIL	False	FAIL	115	FAIL	
Lotus_Interface_ZarimanEvolution.lua_B	True	True	True	False	False	2	PASS	47	47	47	47	PASS	False	PASS	47	PASS	
Lotus_Interface_ZarimanMissionSelect.lua_B	True	True	True	False	False	2	PASS	44	44	44	44	PASS	False	PASS	44	PASS	
Lotus_Interface_ZarimanWeaponUnlocker.lua_B	True	True	True	False	True	2	PASS	18	18	18	18	PASS	False	PASS	18	PASS	
Lotus_Levels_1999_AA1999CarGym_Cadillac_DestructibleVehicle.lua_B	True	True	True	False	False	3	PASS	16	16	16	16	PASS	False	PASS	16	PASS	
Lotus_Levels_1999_AA1999CarGym_PatrolScript.lua_B	True	True	True	True	True	1	FAIL	12	1	12	12	None	False	PASS	12	None	
Lotus_Levels_CivilianHubs_ObjectiveRooms_ObjVenusDeck12_SelectTransmissions.lua_B	True	True	True	True	True	1	PASS	4	4	4	4	None	False	PASS	4	None	
Lotus_Levels_CorpusGasCityRemaster_Prefabs_GasDefenseElectricDischarge.lua_B	True	True	True	False	False	2	PASS	3	3	3	3	PASS	False	PASS	3	PASS	
Lotus_Levels_CorpusGasCityRemaster_Prefabs_RopalolystDestruction.lua_B	True	True	True	True	True	1	PASS	6	6	6	6	None	False	PASS	6	None	
Lotus_Levels_Duviri_MawFishing_InitMawFishing.lua_B	True	True	True	False	False	2	PASS	4	4	4	4	PASS	False	PASS	4	PASS	
Lotus_Levels_EntratiLab_Prefabs_DisintegratorSlotMachine_DisintegratorSlotMachine.lua_B	True	True	True	False	False	3	PASS	5	5	5	5	PASS	False	PASS	5	FAIL	
Lotus_Levels_Grineer_VorBossFight_VorHallwayPrototype.lua_B	True	True	True	False	False	2	PASS	13	13	13	13	PASS	False	PASS	13	PASS	
Lotus_Levels_GrineerGalleon_GrineerSpyVaultF_CheckerCrate.lua_B	True	True	True	True	True	1	PASS	8	8	8	8	None	False	PASS	8	None	
Lotus_Levels_GrineerOcean_GrineerOceanDefense_OceanDefenseRotation.lua_B	True	True	True	False	False	2	PASS	3	3	3	3	PASS	False	FAIL	2	FAIL	
Lotus_Levels_KahlMissions_KahlNarmerVenusLandscape_FactionSwap.lua_B	True	True	True	True	True	1	PASS	3	3	3	3	None	False	PASS	3	None	
Lotus_Levels_ManInTheWall_EntratiLab_InfHubLabMITW1799ProtoframeRoom_PlayFlashMovieTitle.lua_B	True	True	True	True	True	1	PASS	2	2	2	2	None	False	PASS	2	None	
Lotus_Levels_MiniGames_Sentinel_Pickups_MultiWeaponPickup.lua_B	True	True	True	True	True	1	PASS	2	2	2	2	None	False	PASS	2	None	
Lotus_Levels_MiniGames_Sentinel_SentinelGame.lua_B	True	True	True	False	False	2	PASS	20	20	20	20	PASS	False	FAIL	19	FAIL	
Lotus_Levels_NightWave_TheGlassMaker_Weave_AttachFX.lua_B	True	True	True	True	True	1	PASS	2	2	2	2	None	False	PASS	2	None	
Lotus_Levels_TauPrequel_Prefabs_RocketHazard_RocketDamage.lua_B	True	True	True	False	False	2	PASS	4	4	4	4	PASS	False	PASS	4	PASS	
Lotus_Levels_TauPrequel_Prefabs_RocketHazardController_RocketHazardController.lua_B	True	True	True	False	False	2	PASS	2	2	2	2	PASS	False	PASS	2	PASS	
Lotus_Levels_TauPrequel_Prefabs_RocketHazardLightIndicator.lua_B	True	True	True	False	False	2	PASS	2	2	2	2	PASS	False	PASS	2	PASS	
Lotus_Objects_CaliberChicks_Prefabs_Scripts_PlatformScript.lua_B	True	True	True	False	False	2	PASS	6	6	6	6	PASS	False	PASS	6	PASS	
Lotus_Powersuits_Alchemist_Abilities_AlchemistDistill.lua_B	True	True	True	False	False	2	PASS	15	15	15	15	PASS	False	PASS	15	PASS	
Lotus_Powersuits_Alchemist_Abilities_AlchemistSerpent.lua_B	True	True	True	False	False	2	PASS	17	17	17	17	PASS	False	PASS	17	PASS	
Lotus_Powersuits_Alchemist_Abilities_AlchemistTransmute.lua_B	True	True	True	False	False	2	PASS	27	27	27	27	PASS	False	FAIL	26	FAIL	
Lotus_Powersuits_Alchemist_Abilities_AlchemistVial.lua_B	True	True	True	False	False	2	PASS	17	17	17	17	PASS	False	FAIL	16	FAIL	
Lotus_Powersuits_Alchemist_AlchemistPassive.lua_B	True	True	True	False	False	2	PASS	20	20	20	20	PASS	False	PASS	20	PASS	
Lotus_Powersuits_AntiMatter_Abilities_MolecularPrime.lua_B	True	True	True	False	False	2	PASS	24	24	24	24	PASS	False	PASS	24	PASS	
Lotus_Powersuits_AntiMatter_Abilities_NovaDrop.lua_B	True	True	True	False	False	None	PASS	26	26	26	26	None	False	FAIL	25	None	
Lotus_Powersuits_AntiMatter_Abilities_NullStar.lua_B	True	True	True	False	False	2	PASS	27	27	27	27	PASS	False	FAIL	26	FAIL	
Lotus_Powersuits_AntiMatter_Abilities_WormHole.lua_B	True	True	True	False	False	2	PASS	31	31	31	31	PASS	False	FAIL	28	FAIL	
Lotus_Powersuits_AntiMatter_NovaPassive.lua_B	True	True	True	True	True	1	PASS	5	5	5	5	None	False	PASS	5	None	
Lotus_Powersuits_Archwing_ArchwingAbilities_ArtilleryBarrage.lua_B	True	True	True	False	False	2	PASS	13	13	13	13	PASS	False	PASS	13	PASS	
Lotus_Powersuits_Archwing_ArchwingAbilities_BigBoy.lua_B	True	True	True	False	False	2	PASS	10	10	10	10	PASS	False	PASS	10	PASS	
Lotus_Powersuits_Archwing_ArchwingAbilities_Blink.lua_B	True	True	True	False	False	2	PASS	10	10	10	10	PASS	False	PASS	10	PASS	
Lotus_Powersuits_Archwing_ArchwingAbilities_Cloaking.lua_B	True	True	True	False	False	2	PASS	9	9	9	9	PASS	False	FAIL	8	FAIL	
Lotus_Powersuits_Archwing_ArchwingAbilities_DistractionDrones.lua_B	True	True	True	False	False	2	PASS	10	10	10	10	PASS	False	PASS	10	PASS	
Lotus_Powersuits_Archwing_ArchwingAbilities_EMPPush.lua_B	True	True	True	False	False	2	PASS	8	8	8	8	PASS	False	PASS	8	PASS	
Lotus_Powersuits_Archwing_ArchwingAbilities_ExhaustTrail.lua_B	True	True	True	False	False	2	PASS	13	13	13	13	PASS	False	PASS	13	PASS	
Lotus_Powersuits_Archwing_ArchwingAbilities_FireShield.lua_B	True	True	True	False	False	2	PASS	10	10	10	10	PASS	False	PASS	10	PASS	
Lotus_Powersuits_Archwing_ArchwingAbilities_FlareCounterMeasure.lua_B	True	True	True	False	False	2	PASS	9	9	9	9	PASS	False	FAIL	8	FAIL	
Lotus_Powersuits_Archwing_ArchwingAbilities_GravitationalInstability.lua_B	True	True	True	False	False	2	PASS	9	9	9	9	PASS	False	PASS	9	PASS	
Lotus_Powersuits_Archwing_ArchwingAbilities_MissileVolley.lua_B	True	True	True	False	False	2	PASS	9	9	9	9	PASS	False	FAIL	8	FAIL	
Lotus_Powersuits_Archwing_ArchwingAbilities_SupportAnchors.lua_B	True	True	True	False	False	2	PASS	9	9	9	9	PASS	False	PASS	9	PASS	
Lotus_Powersuits_Archwing_ArchwingAbilities_SupportDrones.lua_B	True	True	True	False	False	2	PASS	10	10	10	10	PASS	False	PASS	10	PASS	
Lotus_Powersuits_Archwing_ArchwingAbilities_SupportEnergy.lua_B	True	True	True	False	False	2	PASS	8	8	8	8	PASS	False	PASS	8	PASS	
Lotus_Powersuits_Archwing_ArchwingAbilities_SupportWard.lua_B	True	True	True	False	False	3	PASS	10	10	10	10	PASS	False	PASS	10	FAIL	
Lotus_Powersuits_Archwing_ArchwingAbilities_TnT.lua_B	True	True	True	False	False	2	PASS	8	8	8	8	PASS	False	PASS	8	PASS	
Lotus_Powersuits_Banshee_Abilities_Push.lua_B	True	True	True	False	False	2	PASS	16	16	16	16	PASS	False	PASS	16	PASS	
Lotus_Powersuits_Banshee_Abilities_SilenceTwo.lua_B	True	True	True	False	False	2	PASS	28	28	28	28	PASS	False	PASS	28	PASS	
Lotus_Powersuits_Banshee_Abilities_Sonar.lua_B	True	True	True	False	False	3	PASS	23	23	23	23	PASS	False	PASS	23	FAIL	
Lotus_Powersuits_Banshee_Abilities_SonicEarthQuake.lua_B	True	True	True	False	False	2	PASS	19	19	19	19	PASS	False	FAIL	18	FAIL	
Lotus_Powersuits_Banshee_BansheePassive.lua_B	True	True	True	True	True	1	PASS	5	5	5	5	None	False	PASS	5	None	
Lotus_Powersuits_Bard_Abilities_BardAmplify.lua_B	True	True	True	False	False	2	PASS	15	15	15	15	PASS	False	FAIL	14	FAIL	
Lotus_Powersuits_Bard_Abilities_BardCharm.lua_B	True	True	True	False	False	2	PASS	31	31	31	31	PASS	False	FAIL	30	FAIL	
Lotus_Powersuits_Bard_Abilities_BardJam.lua_B	True	True	True	False	False	3	PASS	35	35	35	35	PASS	False	FAIL	34	FAIL	
Lotus_Powersuits_Bard_Abilities_BardMusic.lua_B	True	True	True	False	False	2	PASS	22	22	22	22	PASS	False	FAIL	21	FAIL	
Lotus_Powersuits_Bard_BardPassive.lua_B	True	True	True	True	True	1	PASS	8	8	8	8	None	False	PASS	8	None	
Lotus_Powersuits_Berserker_Abilities_BerserkerScream.lua_B	True	True	True	False	False	2	PASS	26	26	26	26	PASS	False	PASS	26	PASS	
Lotus_Powersuits_Berserker_Abilities_GrappleHookPower.lua_B	True	True	True	False	False	2	PASS	31	31	31	31	PASS	False	PASS	31	PASS	
Lotus_Powersuits_Berserker_Abilities_LastStand.lua_B	True	True	True	False	False	2	PASS	40	40	40	40	PASS	False	PASS	40	PASS	
Lotus_Powersuits_Berserker_Abilities_ShieldBash.lua_B	True	True	True	False	False	2	PASS	14	14	14	14	PASS	False	PASS	14	PASS	
Lotus_Powersuits_Berserker_BerserkerPassive.lua_B	True	True	True	False	False	2	PASS	6	6	6	6	PASS	False	PASS	6	PASS	
Lotus_Powersuits_Brawler_Abilities_BrawlerBarrier.lua_B	True	True	True	False	False	2	PASS	21	21	21	21	PASS	False	FAIL	20	FAIL	
Lotus_Powersuits_Brawler_Abilities_BrawlerGaze.lua_B	True	True	True	False	False	2	PASS	28	28	28	28	PASS	False	PASS	28	PASS	
Lotus_Powersuits_Brawler_Abilities_BrawlerSummon.lua_B	True	True	True	False	False	2	PASS	32	32	32	32	PASS	False	FAIL	31	FAIL	
Lotus_Powersuits_Brawler_BrawlerPassive.lua_B	True	True	True	True	True	1	PASS	4	4	4	4	None	False	PASS	4	None	
Lotus_Powersuits_BrokenFrame_Abilities_BrokenDestruct.lua_B	True	True	True	False	False	2	PASS	18	18	18	18	PASS	False	PASS	18	PASS	
Lotus_Powersuits_BrokenFrame_Abilities_BrokenEmbrace.lua_B	True	True	True	False	False	2	PASS	34	34	34	34	PASS	False	PASS	34	PASS	
Lotus_Powersuits_BrokenFrame_Abilities_BrokenGrasp.lua_B	True	True	True	False	False	2	PASS	16	16	16	16	PASS	False	FAIL	14	FAIL	
Lotus_Powersuits_BrokenFrame_Abilities_BrokenRot.lua_B	True	True	True	False	False	2	PASS	10	10	10	10	PASS	False	PASS	10	PASS	
Lotus_Powersuits_BrokenFrame_BrokenFramePassive.lua_B	True	True	True	False	False	2	PASS	9	9	9	9	PASS	False	PASS	9	FAIL	
Lotus_Powersuits_Choir_Abilities_ChoirChorus.lua_B	True	True	True	False	False	2	PASS	26	26	26	26	PASS	False	FAIL	25	FAIL	
Lotus_Powersuits_Choir_Abilities_ChoirErupt.lua_B	True	True	True	False	False	2	PASS	37	37	37	37	PASS	False	PASS	37	PASS	
Lotus_Powersuits_Choir_Abilities_ChoirEyes.lua_B	True	True	True	False	False	2	PASS	16	16	16	16	PASS	False	PASS	16	PASS	
Lotus_Powersuits_Choir_Abilities_ChoirPool.lua_B	True	True	True	False	False	2	PASS	30	30	30	30	PASS	False	PASS	30	PASS	
Lotus_Powersuits_Choir_ChoirPassive.lua_B	True	True	True	True	True	1	PASS	5	5	5	5	None	False	PASS	5	None	
Lotus_Powersuits_ConcreteFrame_Abilities_ConcreteAura.lua_B	True	True	True	False	False	2	PASS	16	16	16	16	PASS	False	FAIL	15	FAIL	
Lotus_Powersuits_ConcreteFrame_Abilities_ConcreteLaser.lua_B	True	True	True	False	False	4	PASS	17	17	17	17	PASS	False	FAIL	15	FAIL	
Lotus_Powersuits_ConcreteFrame_Abilities_ConcretePillar.lua_B	True	True	True	False	False	2	PASS	22	22	22	22	PASS	False	FAIL	21	FAIL	
Lotus_Powersuits_ConcreteFrame_Abilities_ConcreteWall.lua_B	True	True	True	False	False	2	PASS	20	20	20	20	PASS	False	PASS	20	PASS	
Lotus_Powersuits_ConcreteFrame_ConcretePassive.lua_B	True	True	True	True	True	1	PASS	6	6	6	6	None	False	PASS	6	None	
Lotus_Powersuits_Cowgirl_Abilities_BallisticBattery.lua_B	True	True	True	False	False	2	PASS	14	14	14	14	PASS	False	PASS	14	PASS	
Lotus_Powersuits_Cowgirl_Abilities_GunFu.lua_B	True	True	True	False	False	2	PASS	27	27	27	27	PASS	False	FAIL	26	FAIL	
Lotus_Powersuits_Cowgirl_Abilities_RicochetArmor.lua_B	True	True	True	False	False	2	PASS	21	21	21	21	PASS	False	PASS	21	PASS	
Lotus_Powersuits_Cowgirl_Abilities_RussianRoulette.lua_B	True	True	True	False	False	2	PASS	28	28	28	28	PASS	False	PASS	28	PASS	
Lotus_Powersuits_Cowgirl_CowgirlPassive.lua_B	True	True	True	True	True	1	PASS	5	5	5	5	None	False	PASS	5	None	
Lotus_Powersuits_Dagath_Abilities_DagathApparition.lua_B	True	True	True	False	False	2	PASS	29	29	29	29	PASS	False	PASS	29	PASS	
Lotus_Powersuits_Dagath_Abilities_DagathCurse.lua_B	True	True	True	False	False	2	PASS	12	12	12	12	PASS	False	PASS	12	PASS	
Lotus_Powersuits_Dagath_Abilities_DagathHorse.lua_B	True	True	True	False	False	2	PASS	19	19	19	19	PASS	False	PASS	19	PASS	
Lotus_Powersuits_Dagath_Abilities_DagathVolley.lua_B	True	True	True	False	False	3	PASS	16	16	16	16	PASS	False	PASS	16	FAIL	
Lotus_Powersuits_Dagath_DagathPassive.lua_B	True	True	True	False	False	2	PASS	7	7	7	7	PASS	False	PASS	7	PASS	
Lotus_Powersuits_DemonFrame_Abilities_DemonFrameBrimstone.lua_B	True	True	True	False	False	2	PASS	17	17	17	17	PASS	False	PASS	17	PASS	
Lotus_Powersuits_DemonFrame_Abilities_DemonFrameClone.lua_B	True	True	True	False	False	2	PASS	17	17	17	17	PASS	False	FAIL	16	FAIL	
Lotus_Powersuits_DemonFrame_Abilities_DemonFrameFireBall.lua_B	True	True	True	False	False	2	PASS	38	38	38	38	PASS	False	FAIL	37	FAIL	
Lotus_Powersuits_DemonFrame_Abilities_DemonFrameHeal.lua_B	True	True	True	False	False	2	PASS	15	15	15	15	PASS	False	PASS	15	PASS	
Lotus_Powersuits_DemonFrame_DemonFramePassive.lua_B	True	True	True	True	True	1	PASS	11	11	11	11	None	False	PASS	11	None	
Lotus_Powersuits_Devourer_Abilities_DevourerBowl.lua_B	True	True	True	False	False	2	PASS	24	24	24	24	PASS	False	FAIL	22	FAIL	
Lotus_Powersuits_Devourer_Abilities_DevourerConsume.lua_B	True	True	True	False	False	2	PASS	32	32	32	32	PASS	False	PASS	32	PASS	
Lotus_Powersuits_Devourer_Abilities_DevourerDevour.lua_B	True	True	True	False	False	2	PASS	33	33	33	33	PASS	False	FAIL	32	FAIL	
Lotus_Powersuits_Devourer_Abilities_DevourerRegurgitate.lua_B	True	True	True	False	False	2	PASS	22	22	22	22	PASS	False	PASS	22	PASS	
Lotus_Powersuits_Devourer_DevourerPassive.lua_B	True	True	True	False	False	2	PASS	14	14	14	14	PASS	False	PASS	14	PASS	
Lotus_Powersuits_Dragon_Abilities_DragonBreath.lua_B	True	True	True	False	False	2	PASS	25	25	25	25	PASS	False	FAIL	24	FAIL	
Lotus_Powersuits_Dragon_Abilities_DragonLuck.lua_B	True	True	True	False	False	2	PASS	25	25	25	25	PASS	False	FAIL	23	FAIL	
Lotus_Powersuits_Dragon_Abilities_DragonPelt.lua_B	True	True	True	False	False	2	PASS	35	35	35	35	PASS	False	PASS	35	PASS	
Lotus_Powersuits_Dragon_Abilities_DragonScales.lua_B	True	True	True	False	False	2	PASS	22	22	22	22	PASS	False	PASS	22	PASS	
Lotus_Powersuits_Dragon_DragonPassive.lua_B	True	True	True	False	False	2	PASS	3	3	3	3	PASS	False	PASS	3	PASS	
Lotus_Powersuits_Dragon_PeltAbilities_Flap.lua_B	True	True	True	False	False	2	PASS	4	4	4	4	PASS	False	PASS	4	PASS	
Lotus_Powersuits_Dragon_PeltAbilities_Scream.lua_B	True	True	True	True	True	1	PASS	3	3	3	3	None	False	PASS	3	None	
Lotus_Powersuits_Duelist_Abilities_DuelistBladeDance.lua_B	True	True	True	False	False	2	PASS	25	25	25	25	PASS	False	FAIL	24	FAIL	
Lotus_Powersuits_Duelist_Abilities_DuelistLeap.lua_B	True	True	True	False	False	2	PASS	28	28	28	28	PASS	False	PASS	28	PASS	
Lotus_Powersuits_Duelist_Abilities_DuelistRiposte.lua_B	True	True	True	False	False	2	PASS	11	11	11	11	PASS	False	PASS	11	PASS	
Lotus_Powersuits_Duelist_Abilities_DuelistThrust.lua_B	True	True	True	False	False	2	PASS	11	11	11	11	PASS	False	PASS	11	PASS	
Lotus_Powersuits_Duelist_DuelistPassive.lua_B	True	True	True	True	True	1	PASS	15	15	15	15	None	False	PASS	15	None	
Lotus_Powersuits_Ember_Abilities_EmberImmolation.lua_B	True	True	True	False	False	2	PASS	20	20	20	20	PASS	False	PASS	20	PASS	
Lotus_Powersuits_Ember_Abilities_EmberInferno.lua_B	True	True	True	False	False	2	PASS	13	13	13	13	PASS	False	FAIL	12	FAIL	
Lotus_Powersuits_Ember_Abilities_FireBall.lua_B	True	True	True	False	False	2	PASS	18	18	18	18	PASS	False	PASS	18	PASS	
Lotus_Powersuits_Ember_Abilities_FireBlastAbility.lua_B	True	True	True	False	False	2	PASS	25	25	25	25	PASS	False	PASS	25	PASS	
Lotus_Powersuits_Ember_EmberPassive.lua_B	True	True	True	True	True	1	PASS	4	4	4	4	None	False	PASS	4	None	
Lotus_Powersuits_EntratiMech_EntratiMechShieldBash.lua_B	True	True	True	False	False	2	PASS	9	9	9	9	PASS	False	PASS	9	PASS	
Lotus_Powersuits_EntratiMech_EntratiMechTurretModeAbility.lua_B	True	True	True	False	False	2	PASS	17	17	17	17	PASS	False	FAIL	16	FAIL	
Lotus_Powersuits_EntratiMech_GrapplerAbility.lua_B	True	True	True	False	False	2	PASS	16	16	16	16	PASS	False	PASS	16	PASS	
Lotus_Powersuits_EntratiMech_MinefieldAbility.lua_B	True	True	True	False	False	2	PASS	11	11	11	11	PASS	False	PASS	11	PASS	
Lotus_Powersuits_EntratiMech_OilGrenadeAbility.lua_B	True	True	True	False	False	3	PASS	17	17	17	17	PASS	False	FAIL	16	FAIL	
Lotus_Powersuits_EntratiMech_RepulseAbility.lua_B	True	True	True	False	False	2	PASS	12	12	12	12	PASS	False	PASS	12	PASS	
Lotus_Powersuits_EntratiMech_RiotShieldAbility.lua_B	True	True	True	False	False	2	PASS	26	26	26	26	PASS	False	FAIL	25	FAIL	
Lotus_Powersuits_EntratiMech_RocketSlideNPCAbility.lua_B	True	True	True	False	False	2	PASS	6	6	6	6	PASS	False	PASS	6	PASS	
Lotus_Powersuits_EntratiMech_ShockingIronAbility.lua_B	True	True	True	False	False	2	PASS	10	10	10	10	PASS	False	PASS	10	PASS	
Lotus_Powersuits_EntratiMech_Snake.lua_B	True	True	True	False	False	None	PASS	12	12	12	12	None	False	FAIL	11	None	
Lotus_Powersuits_EntratiMech_SwordAbility.lua_B	True	True	True	False	False	2	PASS	23	23	23	23	PASS	False	FAIL	21	FAIL	
Lotus_Powersuits_Excalibur_Abilities_RadialBlindAbility.lua_B	True	True	True	False	False	4	PASS	22	22	22	22	PASS	False	FAIL	21	FAIL	
Lotus_Powersuits_Excalibur_Abilities_RadialJavelinAbility.lua_B	True	True	True	False	False	2	PASS	23	23	23	23	PASS	False	PASS	23	PASS	
Lotus_Powersuits_Excalibur_Abilities_SlashDashNew.lua_B	True	True	True	False	False	2	PASS	24	24	24	24	PASS	False	FAIL	22	FAIL	
Lotus_Powersuits_Excalibur_Abilities_SwordOfDoom.lua_B	True	True	True	False	False	2	PASS	36	36	36	36	PASS	False	PASS	36	PASS	
Lotus_Powersuits_Excalibur_ExcaliburPassive.lua_B	True	True	True	False	False	2	PASS	5	5	5	5	PASS	False	PASS	5	PASS	
Lotus_Powersuits_Fairy_Abilities_FairyDust.lua_B	True	True	True	False	False	2	PASS	20	20	20	20	PASS	False	PASS	20	PASS	
Lotus_Powersuits_Fairy_Abilities_FairyFlight.lua_B	True	True	True	False	False	2	PASS	28	28	28	28	PASS	False	FAIL	26	FAIL	
Lotus_Powersuits_Fairy_Abilities_FairyLight.lua_B	True	True	True	False	False	2	PASS	26	26	26	26	PASS	False	PASS	26	PASS	
Lotus_Powersuits_Fairy_Abilities_FairySoul.lua_B	True	True	True	False	False	None	PASS	27	27	27	27	None	False	FAIL	26	None	
Lotus_Powersuits_Fairy_FairyPassive.lua_B	True	True	True	True	True	1	PASS	7	7	7	7	None	False	PASS	7	None	
Lotus_Powersuits_Frost_Abilities_Avalanche.lua_B	True	True	True	False	False	2	PASS	16	16	16	16	PASS	False	PASS	16	PASS	
Lotus_Powersuits_Frost_Abilities_Iceicle.lua_B	True	True	True	False	False	2	PASS	14	14	14	14	PASS	False	PASS	14	PASS	
Lotus_Powersuits_Frost_Abilities_IceShield.lua_B	True	True	True	False	False	2	PASS	20	20	20	20	PASS	False	FAIL	19	FAIL	
Lotus_Powersuits_Frost_Abilities_IceSpike.lua_B	True	True	True	False	False	2	PASS	18	18	18	18	PASS	False	PASS	18	PASS	
Lotus_Powersuits_Frost_FrostPassive.lua_B	True	True	True	False	False	2	PASS	8	8	8	8	PASS	False	PASS	8	PASS	
Lotus_Powersuits_Frumentarius_Abilities_FrumentariusAmmo.lua_B	True	True	True	False	False	2	PASS	21	21	21	21	PASS	False	FAIL	20	FAIL	
Lotus_Powersuits_Frumentarius_Abilities_FrumentariusCloak.lua_B	True	True	True	False	False	2	PASS	12	12	12	12	PASS	False	PASS	12	PASS	
Lotus_Powersuits_Frumentarius_Abilities_FrumentariusScan.lua_B	True	True	True	False	False	2	PASS	18	18	18	18	PASS	False	FAIL	16	FAIL	
Lotus_Powersuits_Frumentarius_Abilities_FrumentariusSniper.lua_B	True	True	True	False	False	4	PASS	29	29	29	29	PASS	False	FAIL	28	FAIL	
Lotus_Powersuits_Frumentarius_ElementalAmmo.lua_B	True	True	True	True	True	1	PASS	4	4	4	4	None	False	PASS	4	None	
Lotus_Powersuits_Frumentarius_ElementalAmmoManager.lua_B	True	True	True	False	False	2	PASS	5	5	5	5	PASS	False	PASS	5	PASS	
Lotus_Powersuits_Frumentarius_FrumentariusPassive.lua_B	True	True	True	True	True	1	PASS	6	6	6	6	None	False	PASS	6	None	
Lotus_Powersuits_Garuda_Abilities_GarudaBlood.lua_B	True	True	True	False	False	2	PASS	12	12	12	12	PASS	False	PASS	12	PASS	
Lotus_Powersuits_Garuda_Abilities_GarudaShield.lua_B	True	True	True	False	False	2	PASS	25	25	25	25	PASS	False	FAIL	24	FAIL	
Lotus_Powersuits_Garuda_Abilities_GarudaSiphon.lua_B	True	True	True	False	False	2	PASS	20	20	20	20	PASS	False	PASS	20	PASS	
Lotus_Powersuits_Garuda_Abilities_GarudaUnstoppable.lua_B	True	True	True	False	False	3	PASS	23	23	23	23	PASS	False	FAIL	22	FAIL	
Lotus_Powersuits_Garuda_GarudaPassive.lua_B	True	True	True	False	False	2	PASS	11	11	11	11	PASS	False	PASS	11	PASS	
Lotus_Powersuits_Geode_Abilities_GeodeCrystal.lua_B	True	True	True	False	False	3	PASS	31	31	31	31	PASS	False	FAIL	30	FAIL	
Lotus_Powersuits_Geode_Abilities_GeodeGrowths.lua_B	True	True	True	False	False	2	PASS	17	17	17	17	PASS	False	PASS	17	PASS	
Lotus_Powersuits_Geode_Abilities_GeodeShards.lua_B	True	True	True	False	False	2	PASS	11	11	11	11	PASS	False	PASS	11	PASS	
Lotus_Powersuits_Geode_Abilities_GeodeShell.lua_B	True	True	True	False	False	2	PASS	12	12	12	12	PASS	False	PASS	12	PASS	
Lotus_Powersuits_Geode_GeodePassive.lua_B	True	True	True	False	False	2	PASS	11	11	11	11	PASS	False	PASS	11	PASS	
Lotus_Powersuits_Glass_Abilities_GlassFragment.lua_B	True	True	True	False	False	2	PASS	15	15	15	15	PASS	False	PASS	15	PASS	
Lotus_Powersuits_Glass_Abilities_GlassRing.lua_B	True	True	True	False	False	2	PASS	22	22	22	22	PASS	False	FAIL	21	FAIL	
Lotus_Powersuits_Glass_Abilities_GlassShank.lua_B	True	True	True	False	False	2	PASS	20	20	20	20	PASS	False	FAIL	19	FAIL	
Lotus_Powersuits_Glass_Abilities_GlassShatter.lua_B	True	True	True	False	False	2	PASS	21	21	21	21	PASS	False	PASS	21	PASS	
Lotus_Powersuits_Glass_GlassPassive.lua_B	True	True	True	False	False	2	PASS	7	7	7	7	PASS	False	PASS	7	PASS	
Lotus_Powersuits_Gyre_Abilities_GyreEnergized.lua_B	True	True	True	False	False	2	PASS	13	13	13	13	PASS	False	PASS	13	PASS	
Lotus_Powersuits_Gyre_Abilities_GyreOvercharged.lua_B	True	True	True	False	False	2	PASS	24	24	24	24	PASS	False	FAIL	23	FAIL	
Lotus_Powersuits_Gyre_Abilities_GyrePulse.lua_B	True	True	True	False	False	2	PASS	25	25	25	25	PASS	False	PASS	25	PASS	
Lotus_Powersuits_Gyre_Abilities_GyreSphere.lua_B	True	True	True	False	False	2	PASS	25	25	25	25	PASS	False	FAIL	22	FAIL	
Lotus_Powersuits_Gyre_GyrePassive.lua_B	True	True	True	True	True	1	PASS	5	5	5	5	None	False	PASS	5	None	
Lotus_Powersuits_Harlequin_Abilities_HarlequinObjectChange.lua_B	True	True	True	False	False	2	PASS	74	74	74	74	PASS	False	FAIL	67	FAIL	
Lotus_Powersuits_Harlequin_Abilities_Illusion.lua_B	True	True	True	False	False	2	PASS	16	16	16	16	PASS	False	FAIL	15	FAIL	
Lotus_Powersuits_Harlequin_Abilities_Light.lua_B	True	True	True	False	False	2	PASS	34	34	34	34	PASS	False	PASS	34	PASS	
Lotus_Powersuits_Harlequin_Abilities_Prism.lua_B	True	True	True	False	False	2	PASS	18	18	18	18	PASS	False	PASS	18	PASS	
Lotus_Powersuits_Harlequin_HarlequinPassive.lua_B	True	True	True	True	True	1	PASS	5	5	5	5	None	False	PASS	5	None	
Lotus_Powersuits_Hoplite_Abilities_HopliteArmy.lua_B	True	True	True	False	False	2	PASS	17	17	17	17	PASS	False	PASS	17	PASS	
Lotus_Powersuits_Hoplite_Abilities_HopliteBash.lua_B	True	True	True	False	False	2	PASS	15	15	15	15	PASS	False	PASS	15	PASS	
Lotus_Powersuits_Hoplite_Abilities_HopliteImpale.lua_B	True	True	True	False	False	2	PASS	23	23	23	23	PASS	False	PASS	23	PASS	
Lotus_Powersuits_Hoplite_Abilities_HopliteRally.lua_B	True	True	True	False	False	2	PASS	12	12	12	12	PASS	False	PASS	12	PASS	
Lotus_Powersuits_Hoplite_HoplitePassive.lua_B	True	True	True	True	True	1	PASS	7	7	7	7	None	False	PASS	7	None	
Lotus_Powersuits_Infestation_Abilities_InfestLink.lua_B	True	True	True	False	False	2	PASS	22	22	22	22	PASS	False	FAIL	20	FAIL	
Lotus_Powersuits_Infestation_Abilities_InfestPods.lua_B	True	True	True	False	False	2	PASS	38	38	38	38	PASS	False	PASS	38	PASS	
Lotus_Powersuits_Infestation_Abilities_InfestRupture.lua_B	True	True	True	False	False	2	PASS	27	27	27	27	PASS	False	FAIL	26	FAIL	
Lotus_Powersuits_Infestation_Abilities_InfestTendrils.lua_B	True	True	True	False	False	3	PASS	27	27	27	27	PASS	False	FAIL	26	FAIL	
Lotus_Powersuits_Infestation_InfestationPassive.lua_B	True	True	True	False	False	3	PASS	27	27	27	27	PASS	False	PASS	27	PASS	
Lotus_Powersuits_Inkblot_Abilities_InkBalloon.lua_B	True	True	True	False	False	2	PASS	22	22	22	22	PASS	False	FAIL	21	FAIL	
Lotus_Powersuits_Inkblot_Abilities_InkClone.lua_B	True	True	True	False	False	2	PASS	28	28	28	28	PASS	False	PASS	28	PASS	
Lotus_Powersuits_Inkblot_Abilities_InkField.lua_B	True	True	True	False	False	2	PASS	21	21	21	21	PASS	False	FAIL	20	FAIL	
Lotus_Powersuits_Inkblot_Abilities_InkSketch.lua_B	True	True	True	False	False	2	FAIL	44	43	44	44	FAIL	False	FAIL	37	FAIL	
Lotus_Powersuits_Inkblot_InkJumpPad.lua_B	True	True	True	False	False	2	PASS	4	4	4	4	PASS	False	FAIL	3	FAIL	
Lotus_Powersuits_Inkblot_InkPassive.lua_B	True	True	True	True	True	1	PASS	4	4	4	4	None	False	PASS	4	None	
Lotus_Powersuits_Inkblot_ScriptedExplosiveBarrel.lua_B	True	True	True	True	True	1	PASS	2	2	2	2	None	False	PASS	2	None	
Lotus_Powersuits_IronFrame_Abilities_IronFrameAura.lua_B	True	True	True	False	False	2	PASS	9	9	9	9	PASS	False	FAIL	8	FAIL	
Lotus_Powersuits_IronFrame_Abilities_IronFrameBlast.lua_B	True	True	True	False	False	2	PASS	29	29	29	29	PASS	False	FAIL	28	FAIL	
Lotus_Powersuits_IronFrame_Abilities_IronFrameEruption.lua_B	True	True	True	False	False	2	PASS	26	26	26	26	PASS	False	FAIL	25	FAIL	
Lotus_Powersuits_IronFrame_Abilities_IronFrameStrip.lua_B	True	True	True	False	False	2	PASS	18	18	18	18	PASS	False	FAIL	17	FAIL	
Lotus_Powersuits_IronFrame_IronFramePassive.lua_B	True	True	True	False	False	2	PASS	5	5	5	5	PASS	False	PASS	5	PASS	
Lotus_Powersuits_Jade_Abilities_Chaos.lua_B	False	None	None	None	None	None	None	None	None	None	None	None	None	None	None	None	decompile: terminate called after throwing an instance of 'std::out_of_range'   what():  map::at 
Lotus_Powersuits_Jade_Abilities_MindControl.lua_B	True	True	True	False	False	2	PASS	31	31	31	31	PASS	False	FAIL	30	FAIL	
Lotus_Powersuits_Jade_Abilities_PsychicDagger.lua_B	True	True	True	False	False	2	PASS	20	20	20	20	PASS	False	FAIL	19	FAIL	
Lotus_Powersuits_Jade_Abilities_SelfBulletAttractor.lua_B	True	True	True	False	False	2	PASS	31	31	31	31	PASS	False	FAIL	30	FAIL	
Lotus_Powersuits_Jade_JadePassive.lua_B	True	True	True	True	True	1	PASS	6	6	6	6	None	False	PASS	6	None	
Lotus_Powersuits_Khora_Abilities_KhoraCage.lua_B	True	True	True	False	False	2	PASS	21	21	21	21	PASS	False	FAIL	19	FAIL	
Lotus_Powersuits_Khora_Abilities_KhoraCrack.lua_B	True	True	True	False	False	2	PASS	20	20	20	20	PASS	False	FAIL	18	FAIL	
Lotus_Powersuits_Khora_Abilities_KhoraKavat.lua_B	True	True	True	False	False	2	PASS	16	16	16	16	PASS	False	PASS	16	PASS	
Lotus_Powersuits_Khora_Abilities_KhoraTwirl.lua_B	True	True	True	False	False	2	PASS	19	19	19	19	PASS	False	PASS	19	PASS	
Lotus_Powersuits_Khora_Kavat_KhorvatAura.lua_B	True	True	True	False	False	2	PASS	7	7	7	7	PASS	False	FAIL	6	FAIL	
Lotus_Powersuits_Khora_Kavat_KhorvatDervish.lua_B	True	True	True	False	False	2	PASS	6	6	6	6	PASS	False	FAIL	5	FAIL	
Lotus_Powersuits_Khora_Kavat_KhorvatDisarm.lua_B	True	True	True	False	False	2	PASS	5	5	5	5	PASS	False	PASS	5	PASS	
Lotus_Powersuits_Khora_Kavat_KhorvatMeleeWeapon.lua_B	True	True	True	True	True	1	PASS	2	2	2	2	None	False	PASS	2	None	
Lotus_Powersuits_Khora_KhoraPassive.lua_B	True	True	True	False	False	2	PASS	26	26	26	26	PASS	False	PASS	26	PASS	
Lotus_Powersuits_Koumei_Abilities_KoumeiBlock.lua_B	True	True	True	False	False	2	PASS	16	16	16	16	PASS	False	PASS	16	PASS	
Lotus_Powersuits_Koumei_Abilities_KoumeiFortune.lua_B	True	True	True	False	False	2	PASS	43	43	43	43	PASS	False	PASS	43	PASS	
Lotus_Powersuits_Koumei_Abilities_KoumeiPuppets.lua_B	True	True	True	False	False	2	PASS	16	16	16	16	PASS	False	PASS	16	PASS	
Lotus_Powersuits_Koumei_Abilities_KoumeiStrings.lua_B	True	True	True	False	False	2	PASS	22	22	22	22	PASS	False	PASS	22	PASS	
Lotus_Powersuits_Koumei_KoumeiIdles.lua_B	True	True	True	True	True	1	PASS	5	5	5	5	None	False	PASS	5	None	
Lotus_Powersuits_Koumei_KoumeiPassive.lua_B	True	True	True	False	False	2	PASS	10	10	10	10	PASS	False	PASS	10	PASS	
Lotus_Powersuits_Loki_Abilities_DecoyAbility.lua_B	True	True	True	False	False	2	PASS	33	33	33	33	PASS	False	PASS	33	PASS	
Lotus_Powersuits_Loki_Abilities_InvisibilityAbility.lua_B	True	True	True	False	False	2	PASS	13	13	13	13	PASS	False	PASS	13	PASS	
Lotus_Powersuits_Loki_Abilities_RadialDisarm.lua_B	True	True	True	False	False	2	PASS	15	15	15	15	PASS	False	FAIL	14	FAIL	
Lotus_Powersuits_Loki_Abilities_SwitchTeleportAbility.lua_B	True	True	True	False	False	2	PASS	17	17	17	17	PASS	False	FAIL	14	FAIL	
Lotus_Powersuits_Loki_LokiPassive.lua_B	True	True	True	True	True	1	PASS	4	4	4	4	None	False	PASS	4	None	
Lotus_Powersuits_Lotus_Abilities_CableCameraAvatar.lua_B	True	True	True	True	True	1	PASS	2	2	2	2	None	False	PASS	2	None	
Lotus_Powersuits_Lotus_Abilities_LotusBlastAbility.lua_B	True	True	True	True	True	1	PASS	5	5	5	5	None	False	PASS	5	None	
Lotus_Powersuits_Lotus_Abilities_LotusCableAbility.lua_B	True	True	True	False	False	2	PASS	13	13	13	13	PASS	False	FAIL	12	FAIL	
Lotus_Powersuits_Lotus_Abilities_LotusSingAbility.lua_B	True	True	True	True	True	1	PASS	6	6	6	6	None	False	PASS	6	None	
Lotus_Powersuits_Lotus_Abilities_SlowMoPrompt.lua_B	True	True	True	True	True	1	PASS	4	4	4	4	None	False	PASS	4	None	
Lotus_Powersuits_Mag_Abilities_BulletAttractor.lua_B	True	True	True	False	False	2	PASS	36	36	36	36	PASS	False	FAIL	32	FAIL	
Lotus_Powersuits_Mag_Abilities_Crush.lua_B	True	True	True	False	False	2	PASS	20	20	20	20	PASS	False	PASS	20	PASS	
Lotus_Powersuits_Mag_Abilities_Pull.lua_B	True	True	True	False	False	2	PASS	16	16	16	16	PASS	False	FAIL	14	FAIL	
Lotus_Powersuits_Mag_Abilities_ShieldRegen.lua_B	True	True	True	False	False	2	PASS	16	16	16	16	PASS	False	PASS	16	PASS	
Lotus_Powersuits_Mag_MagPassive.lua_B	True	True	True	False	False	2	PASS	6	6	6	6	PASS	False	PASS	6	PASS	
Lotus_Powersuits_Magician_Abilities_Banish.lua_B	True	True	True	False	False	2	PASS	20	20	20	20	PASS	False	PASS	20	FAIL	
Lotus_Powersuits_Magician_Abilities_MagicianStasis.lua_B	True	True	True	False	False	2	PASS	8	8	8	8	PASS	False	PASS	8	PASS	
Lotus_Powersuits_Magician_Abilities_TearInSpace.lua_B	True	True	True	False	False	2	PASS	20	20	20	20	PASS	False	FAIL	19	FAIL	
Lotus_Powersuits_Magician_Abilities_Volatile.lua_B	True	True	True	False	False	2	PASS	18	18	18	18	PASS	False	FAIL	17	FAIL	
Lotus_Powersuits_Magician_MagicianPassive.lua_B	True	True	True	False	False	2	PASS	11	11	11	11	PASS	False	PASS	11	PASS	
Lotus_Powersuits_MonkeyKing_Abilities_MonkeyCloud.lua_B	True	True	True	False	False	2	PASS	22	22	22	22	PASS	False	FAIL	21	FAIL	
Lotus_Powersuits_MonkeyKing_Abilities_MonkeyDeathNew.lua_B	True	True	True	False	False	2	PASS	15	15	15	15	PASS	False	PASS	15	PASS	
Lotus_Powersuits_MonkeyKing_Abilities_MonkeyHair.lua_B	True	True	True	False	False	2	PASS	25	25	25	25	PASS	False	PASS	25	PASS	
Lotus_Powersuits_MonkeyKing_Abilities_MonkeyPoke.lua_B	True	True	True	False	False	2	PASS	12	12	12	12	PASS	False	FAIL	11	FAIL	
Lotus_Powersuits_MonkeyKing_Abilities_MonkeyStaff.lua_B	True	True	True	False	False	2	PASS	30	30	30	30	PASS	False	PASS	30	PASS	
Lotus_Powersuits_MonkeyKing_HairAugmentStomp.lua_B	True	True	True	False	False	2	PASS	8	8	8	8	PASS	False	PASS	8	PASS	
Lotus_Powersuits_MonkeyKing_MonkeyKingPassive.lua_B	True	True	True	False	False	2	PASS	31	31	31	31	PASS	False	PASS	31	PASS	
Lotus_Powersuits_Necro_Abilities_CloneTheDead.lua_B	True	True	True	False	False	2	PASS	21	21	21	21	PASS	False	PASS	21	PASS	
Lotus_Powersuits_Necro_Abilities_SearchTheDead.lua_B	True	True	True	False	False	2	PASS	22	22	22	22	PASS	False	FAIL	20	FAIL	
Lotus_Powersuits_Necro_Abilities_SoulPunch.lua_B	True	True	True	False	False	2	PASS	17	17	17	17	PASS	False	PASS	17	PASS	
Lotus_Powersuits_Necro_Abilities_TerrorTotem.lua_B	True	True	True	False	False	2	PASS	18	18	18	18	PASS	False	PASS	18	PASS	
Lotus_Powersuits_Necro_NecroPassive.lua_B	True	True	True	True	True	1	PASS	5	5	5	5	None	False	PASS	5	None	
Lotus_Powersuits_Nezha_Abilities_NezhaRing.lua_B	True	True	True	False	False	2	PASS	17	17	17	17	PASS	False	FAIL	16	FAIL	
Lotus_Powersuits_Nezha_Abilities_NezhaSash.lua_B	True	True	True	False	False	2	PASS	19	19	19	19	PASS	False	PASS	19	PASS	
Lotus_Powersuits_Nezha_Abilities_NezhaSpear.lua_B	True	True	True	False	False	2	PASS	22	22	22	22	PASS	False	FAIL	21	FAIL	
Lotus_Powersuits_Nezha_Abilities_NezhaTrail.lua_B	True	True	True	False	False	2	PASS	19	19	19	19	PASS	False	FAIL	18	FAIL	
Lotus_Powersuits_Nezha_NezhaPassive.lua_B	True	True	True	True	True	1	PASS	5	5	5	5	None	False	PASS	5	None	
Lotus_Powersuits_Ninja_Abilities_Glaive.lua_B	True	True	True	False	False	2	PASS	19	19	19	19	PASS	False	PASS	19	PASS	
Lotus_Powersuits_Ninja_Abilities_NinjaStormNew.lua_B	True	True	True	False	False	2	PASS	54	54	54	54	PASS	False	FAIL	52	FAIL	
Lotus_Powersuits_Ninja_Abilities_SmokeScreen.lua_B	True	True	True	False	False	2	PASS	28	28	28	28	PASS	False	FAIL	26	FAIL	
Lotus_Powersuits_Ninja_Abilities_TeleportTo.lua_B	True	True	True	False	False	2	PASS	17	17	17	17	PASS	False	FAIL	16	FAIL	
Lotus_Powersuits_Ninja_NinjaPassive.lua_B	True	True	True	True	True	1	PASS	5	5	5	5	None	False	PASS	5	None	
Lotus_Powersuits_Nokko_Abilities_NokkoLaunch.lua_B	True	True	True	False	False	2	PASS	24	24	24	24	PASS	False	PASS	24	PASS	
Lotus_Powersuits_Nokko_Abilities_NokkoPowerShroom.lua_B	True	True	True	False	False	3	PASS	27	27	27	27	PASS	False	FAIL	26	FAIL	
Lotus_Powersuits_Nokko_Abilities_NokkoShrink.lua_B	True	True	True	False	False	2	PASS	31	31	31	31	PASS	False	PASS	31	PASS	
Lotus_Powersuits_Nokko_Abilities_NokkoToxicShroom.lua_B	True	True	True	False	False	3	PASS	20	20	20	20	PASS	False	FAIL	19	FAIL	
Lotus_Powersuits_Nokko_NokkoPassive.lua_B	True	True	True	False	False	2	PASS	23	23	23	23	PASS	False	FAIL	22	FAIL	
Lotus_Powersuits_NpcPowersuits_ConservationAbilities_InfestedCreatureSpit.lua_B	True	True	True	True	True	1	PASS	3	3	3	3	None	False	PASS	3	None	
Lotus_Powersuits_NpcPowersuits_ConservationAbilities_LegendaryKubrowRoar.lua_B	True	True	True	False	False	2	PASS	3	3	3	3	PASS	False	FAIL	2	FAIL	
Lotus_Powersuits_NpcPowersuits_ConservationAbilities_UndazoaBelch.lua_B	True	True	True	True	True	1	PASS	4	4	4	4	None	False	PASS	4	None	
Lotus_Powersuits_NpcPowersuits_ConservationAbilities_UndazoaWail.lua_B	True	True	True	True	True	1	PASS	3	3	3	3	None	False	PASS	3	None	
Lotus_Powersuits_NpcPowersuits_NokkoColony_DroneThrowEnergyBall.lua_B	True	True	True	True	True	1	PASS	3	3	3	3	None	False	PASS	3	None	
Lotus_Powersuits_NpcPowersuits_NokkoColony_NokkoThrowMine.lua_B	True	True	True	False	False	2	PASS	4	4	4	4	PASS	False	PASS	4	PASS	
Lotus_Powersuits_NpcPowersuits_NokkoColony_Vip_NokkoVIPWardingHalo.lua_B	True	True	True	False	False	2	PASS	13	13	13	13	PASS	False	PASS	13	PASS	
Lotus_Powersuits_NpcPowersuits_NpcPowersuitAbilities_AbilityCancelAbility.lua_B	True	True	True	False	False	2	PASS	3	3	3	3	PASS	False	PASS	3	PASS	
Lotus_Powersuits_NpcPowersuits_NpcPowersuitAbilities_AbilityGlobalCooldownUtility.lua_B	True	True	True	True	True	1	PASS	13	13	13	13	None	False	PASS	13	None	
Lotus_Powersuits_NpcPowersuits_NpcPowersuitAbilities_ActivateAura.lua_B	True	True	True	True	True	1	PASS	4	4	4	4	None	False	PASS	4	None	
Lotus_Powersuits_NpcPowersuits_NpcPowersuitAbilities_AladPetMissileLauncher.lua_B	True	True	True	True	True	1	PASS	3	3	3	3	None	False	PASS	3	None	
Lotus_Powersuits_NpcPowersuits_NpcPowersuitAbilities_AladPlacedShield.lua_B	True	True	True	False	False	2	PASS	4	4	4	4	PASS	False	PASS	4	PASS	
Lotus_Powersuits_NpcPowersuits_NpcPowersuitAbilities_AladPushback.lua_B	True	True	True	True	True	1	PASS	3	3	3	3	None	False	PASS	3	None	
Lotus_Powersuits_NpcPowersuits_NpcPowersuitAbilities_AladRadialBlindAbility.lua_B	True	True	True	True	True	1	PASS	4	4	4	4	None	False	PASS	4	None	
Lotus_Powersuits_NpcPowersuits_NpcPowersuitAbilities_AladSpawnSupport.lua_B	True	True	True	False	False	2	PASS	4	4	4	4	PASS	False	PASS	4	PASS	
Lotus_Powersuits_NpcPowersuits_NpcPowersuitAbilities_AllyBulletAttractor.lua_B	True	True	True	False	False	2	PASS	6	6	6	6	PASS	False	FAIL	4	FAIL	
Lotus_Powersuits_NpcPowersuits_NpcPowersuitAbilities_AmalgamCarrusBeamAbility.lua_B	True	True	True	True	True	1	PASS	5	5	5	5	None	False	PASS	5	None	
Lotus_Powersuits_NpcPowersuits_NpcPowersuitAbilities_AmalgamCorpusOverrideFinisherScript.lua_B	True	True	True	False	False	2	PASS	5	5	5	5	PASS	False	PASS	5	PASS	
Lotus_Powersuits_NpcPowersuits_NpcPowersuitAbilities_AmalgamDroneDeploy.lua_B	True	True	True	True	True	1	PASS	4	4	4	4	None	False	PASS	4	None	
Lotus_Powersuits_NpcPowersuits_NpcPowersuitAbilities_AmalgamMetronome.lua_B	True	True	True	True	True	1	PASS	6	6	6	6	None	False	PASS	6	None	
Lotus_Powersuits_NpcPowersuits_NpcPowersuitAbilities_AmalgamReincarnateAbility.lua_B	True	True	True	False	False	2	PASS	7	7	7	7	PASS	False	FAIL	6	FAIL	
Lotus_Powersuits_NpcPowersuits_NpcPowersuitAbilities_AmalgamSatyrNukeAbility.lua_B	True	True	True	False	False	2	PASS	5	5	5	5	PASS	False	PASS	5	PASS	
Lotus_Powersuits_NpcPowersuits_NpcPowersuitAbilities_AmalgamSatyrTackleAbility.lua_B	True	True	True	False	False	2	PASS	7	7	7	7	PASS	False	PASS	7	PASS	
Lotus_Powersuits_NpcPowersuits_NpcPowersuitAbilities_AmalgamShieldDrainAuraAbility.lua_B	True	True	True	True	True	1	PASS	5	5	5	5	None	False	PASS	5	None	
Lotus_Powersuits_NpcPowersuits_NpcPowersuitAbilities_AmbulasGrenadeLauncher.lua_B	True	True	True	False	False	2	PASS	8	8	8	8	PASS	False	PASS	8	PASS	
Lotus_Powersuits_NpcPowersuits_NpcPowersuitAbilities_AmbulasJumpBeam.lua_B	True	True	True	True	True	1	PASS	5	5	5	5	None	False	PASS	5	None	
Lotus_Powersuits_NpcPowersuits_NpcPowersuitAbilities_AmbulasJumpSmashAbility.lua_B	True	True	True	False	False	2	PASS	5	5	5	5	PASS	False	PASS	5	PASS	
Lotus_Powersuits_NpcPowersuits_NpcPowersuitAbilities_AmbulasServiceDroneHeal.lua_B	True	True	True	False	False	2	PASS	4	4	4	4	PASS	False	PASS	4	PASS	
Lotus_Powersuits_NpcPowersuits_NpcPowersuitAbilities_AmbulasSpinBeam.lua_B	True	True	True	False	False	2	PASS	6	6	6	6	PASS	False	PASS	6	PASS	
Lotus_Powersuits_NpcPowersuits_NpcPowersuitAbilities_AmbulasStomp.lua_B	True	True	True	False	False	2	PASS	4	4	4	4	PASS	False	PASS	4	PASS	
Lotus_Powersuits_NpcPowersuits_NpcPowersuitAbilities_AmbulasSweepBeam.lua_B	True	True	True	False	False	2	PASS	9	9	9	9	PASS	False	FAIL	8	FAIL	
Lotus_Powersuits_NpcPowersuits_NpcPowersuitAbilities_AncientTankFlailAbility.lua_B	True	True	True	False	False	2	PASS	4	4	4	4	PASS	False	PASS	4	PASS	
Lotus_Powersuits_NpcPowersuits_NpcPowersuitAbilities_AncientThrowAbility.lua_B	True	True	True	False	False	2	PASS	7	7	7	7	PASS	False	PASS	7	PASS	
Lotus_Powersuits_NpcPowersuits_NpcPowersuitAbilities_AntiWarframeGrenade.lua_B	True	True	True	False	False	2	PASS	8	8	8	8	PASS	False	PASS	8	PASS	
Lotus_Powersuits_NpcPowersuits_NpcPowersuitAbilities_Arachnoid_ArachnoidBroodPreSpawn.lua_B	True	True	True	False	False	2	PASS	5	5	5	5	PASS	False	PASS	5	PASS	
Lotus_Powersuits_NpcPowersuits_NpcPowersuitAbilities_Arachnoid_ArachnoidCamperBroodCannon.lua_B	True	True	True	True	True	1	PASS	4	4	4	4	None	False	PASS	4	None	
Lotus_Powersuits_NpcPowersuits_NpcPowersuitAbilities_Arachnoid_ArachnoidCamperBroodScript.lua_B	True	True	True	False	False	2	PASS	5	5	5	5	PASS	False	FAIL	4	FAIL	
Lotus_Powersuits_NpcPowersuits_NpcPowersuitAbilities_Arachnoid_ArachnoidCamperCannon.lua_B	True	True	True	False	False	2	PASS	7	7	7	7	PASS	False	PASS	7	PASS	
Lotus_Powersuits_NpcPowersuits_NpcPowersuitAbilities_Arachnoid_ArachnoidCamperEMP.lua_B	True	True	True	False	False	2	PASS	4	4	4	4	PASS	False	PASS	4	PASS	
Lotus_Powersuits_NpcPowersuits_NpcPowersuitAbilities_Arachnoid_ArachnoidCamperHeatTerraScript.lua_B	True	True	True	False	False	3	PASS	22	22	22	22	PASS	False	FAIL	21	FAIL	
Lotus_Powersuits_NpcPowersuits_NpcPowersuitAbilities_Arachnoid_ArachnoidCamperIcePassive.lua_B	True	True	True	False	False	2	PASS	6	6	6	6	PASS	False	FAIL	5	FAIL	
Lotus_Powersuits_NpcPowersuits_NpcPowersuitAbilities_Arachnoid_ArachnoidCamperIcePillars.lua_B	True	True	True	True	True	1	PASS	3	3	3	3	None	False	PASS	3	None	
Lotus_Powersuits_NpcPowersuits_NpcPowersuitAbilities_Arachnoid_ArachnoidCamperIceRing.lua_B	True	True	True	False	False	2	PASS	4	4	4	4	PASS	False	PASS	4	PASS	
Lotus_Powersuits_NpcPowersuits_NpcPowersuitAbilities_Arachnoid_ArachnoidCamperIceSweep.lua_B	True	True	True	False	False	2	PASS	5	5	5	5	PASS	False	PASS	5	PASS	
Lotus_Powersuits_NpcPowersuits_NpcPowersuitAbilities_Arachnoid_ArachnoidCamperIndoorAngry.lua_B	True	True	True	False	False	2	PASS	6	6	6	6	PASS	False	PASS	6	PASS	
Lotus_Powersuits_NpcPowersuits_NpcPowersuitAbilities_Arachnoid_ArachnoidCamperIndoorIceWave.lua_B	True	True	True	False	False	3	PASS	14	14	14	14	PASS	False	FAIL	13	FAIL	
Lotus_Powersuits_NpcPowersuits_NpcPowersuitAbilities_Arachnoid_ArachnoidCamperIndoorStorm.lua_B	True	True	True	False	False	2	PASS	5	5	5	5	PASS	False	PASS	5	PASS	
Lotus_Powersuits_NpcPowersuits_NpcPowersuitAbilities_Arachnoid_ArachnoidCamperLaserSweep.lua_B	True	True	True	False	False	2	PASS	5	5	5	5	PASS	False	PASS	5	PASS	
Lotus_Powersuits_NpcPowersuits_NpcPowersuitAbilities_Arachnoid_ArachnoidCamperLegGun.lua_B	True	True	True	True	True	1	PASS	5	5	5	5	None	False	PASS	5	None	
Lotus_Powersuits_NpcPowersuits_NpcPowersuitAbilities_Arachnoid_ArachnoidCamperMineAbility.lua_B	True	True	True	False	False	2	PASS	5	5	5	5	PASS	False	PASS	5	PASS	
Lotus_Powersuits_NpcPowersuits_NpcPowersuitAbilities_Arachnoid_ArachnoidCamperMissileBarrage.lua_B	True	True	True	False	False	2	PASS	5	5	5	5	PASS	False	PASS	5	PASS	
Lotus_Powersuits_NpcPowersuits_NpcPowersuitAbilities_Arachnoid_ArachnoidCamperMortar.lua_B	True	True	True	False	False	2	PASS	7	7	7	7	PASS	False	PASS	7	PASS	
Lotus_Powersuits_NpcPowersuits_NpcPowersuitAbilities_Arachnoid_ArachnoidCamperOutdoorFireStorm.lua_B	True	True	True	False	False	2	PASS	5	5	5	5	PASS	False	PASS	5	PASS	
Lotus_Powersuits_NpcPowersuits_NpcPowersuitAbilities_Arachnoid_ArachnoidCamperPerchWave.lua_B	True	True	True	True	True	1	PASS	4	4	4	4	None	False	PASS	4	None	
Lotus_Powersuits_NpcPowersuits_NpcPowersuitAbilities_Arachnoid_ArachnoidCamperQuickdraw.lua_B	True	True	True	False	False	2	PASS	8	8	8	8	PASS	False	FAIL	7	FAIL	
Lotus_Powersuits_NpcPowersuits_NpcPowersuitAbilities_Arachnoid_ArachnoidCamperScript.lua_B	True	True	True	False	False	2	PASS	21	21	21	21	PASS	False	PASS	21	PASS	
Lotus_Powersuits_NpcPowersuits_NpcPowersuitAbilities_Arachnoid_ArachnoidCamperSnowstorm.lua_B	True	True	True	False	False	2	PASS	4	4	4	4	PASS	False	PASS	4	PASS	
Lotus_Powersuits_NpcPowersuits_NpcPowersuitAbilities_Arachnoid_ArachnoidCamperSparkShield.lua_B	True	True	True	False	False	2	PASS	7	7	7	7	PASS	False	PASS	7	PASS	
Lotus_Powersuits_NpcPowersuits_NpcPowersuitAbilities_Arachnoid_ArachnoidCamperSpawnAdds.lua_B	True	True	True	False	False	2	PASS	8	8	8	8	PASS	False	PASS	8	PASS	
Lotus_Powersuits_NpcPowersuits_NpcPowersuitAbilities_Arachnoid_ArachnoidCamperTerraFissureLaser.lua_B	True	True	True	False	False	2	PASS	5	5	5	5	PASS	False	PASS	5	PASS	
Lotus_Powersuits_NpcPowersuits_NpcPowersuitAbilities_Arachnoid_ArachnoidCamperTerraScript.lua_B	True	True	True	False	False	3	PASS	41	41	41	41	PASS	False	PASS	41	PASS	
Lotus_Powersuits_NpcPowersuits_NpcPowersuitAbilities_Arachnoid_ArachnoidCoolantThrow.lua_B	True	True	True	True	True	1	PASS	6	6	6	6	None	False	PASS	6	None	
Lotus_Powersuits_NpcPowersuits_NpcPowersuitAbilities_Arachnoid_ArachnoidHungerDodgeFire.lua_B	True	True	True	False	False	2	PASS	8	8	8	8	PASS	False	FAIL	7	FAIL	
Lotus_Powersuits_NpcPowersuits_NpcPowersuitAbilities_Arachnoid_ArachnoidHungerJumpAbility.lua_B	True	True	True	True	True	1	PASS	6	6	6	6	None	False	PASS	6	None	
Lotus_Powersuits_NpcPowersuits_NpcPowersuitAbilities_Arachnoid_ArachnoidHungerPassive.lua_B	True	True	True	False	False	2	PASS	5	5	5	5	PASS	False	PASS	5	PASS	
Lotus_Powersuits_NpcPowersuits_NpcPowersuitAbilities_Arachnoid_ArachnoidMicroBladeSpin.lua_B	True	True	True	True	True	1	PASS	3	3	3	3	None	False	PASS	3	None	
Lotus_Powersuits_NpcPowersuits_NpcPowersuitAbilities_Arachnoid_ArachnoidMicroZap.lua_B	True	True	True	True	True	1	PASS	4	4	4	4	None	False	PASS	4	None	
Lotus_Powersuits_NpcPowersuits_NpcPowersuitAbilities_Arachnoid_ArachnoidNarmerGroundSpawn.lua_B	True	True	True	True	True	1	PASS	3	3	3	3	None	False	PASS	3	None	
Lotus_Powersuits_NpcPowersuits_NpcPowersuitAbilities_Arachnoid_ArachnoidWraithAvatarScript.lua_B	True	True	True	True	True	1	PASS	2	2	2	2	None	False	PASS	2	None	
Lotus_Powersuits_NpcPowersuits_NpcPowersuitAbilities_Arachnoid_ArachnoidWraithElectroWeb.lua_B	True	True	True	False	False	2	PASS	7	7	7	7	PASS	False	FAIL	5	FAIL	
Lotus_Powersuits_NpcPowersuits_NpcPowersuitAbilities_Arachnoid_ArachnoidWraithHunkerDown.lua_B	True	True	True	True	True	1	PASS	3	3	3	3	None	False	PASS	3	None	
Lotus_Powersuits_NpcPowersuits_NpcPowersuitAbilities_Arachnoid_ArachnoidWraithMeleeWave.lua_B	True	True	True	True	True	1	PASS	3	3	3	3	None	False	PASS	3	None	
Lotus_Powersuits_NpcPowersuits_NpcPowersuitAbilities_Arachnoid_ArachnoidWraithShieldPassive.lua_B	True	True	True	True	True	1	PASS	3	3	3	3	None	False	PASS	3	None	
Lotus_Powersuits_NpcPowersuits_NpcPowersuitAbilities_Arachnoid_ArachnoidWraithSniperShot.lua_B	True	True	True	False	False	3	PASS	8	8	8	8	PASS	False	FAIL	7	FAIL	
Lotus_Powersuits_NpcPowersuits_NpcPowersuitAbilities_Arachnoid_ArachnoidWraithSpinBeam.lua_B	True	True	True	False	False	2	PASS	5	5	5	5	PASS	False	PASS	5	PASS	
Lotus_Powersuits_NpcPowersuits_NpcPowersuitAbilities_Arachnoid_MoaMortarCannon.lua_B	True	True	True	True	True	1	PASS	5	5	5	5	None	False	PASS	5	None	
Lotus_Powersuits_NpcPowersuits_NpcPowersuitAbilities_Arachnoid_QuadMissileCannon.lua_B	True	True	True	True	True	1	PASS	6	6	6	6	None	False	PASS	6	None	
Lotus_Powersuits_NpcPowersuits_NpcPowersuitAbilities_ArachnoidHungerPull.lua_B	True	True	True	False	False	2	PASS	8	8	8	8	PASS	False	PASS	8	PASS	
Lotus_Powersuits_NpcPowersuits_NpcPowersuitAbilities_Archon_AmarCharge.lua_B	True	True	True	False	False	2	PASS	8	8	8	8	PASS	False	FAIL	7	FAIL	
Lotus_Powersuits_NpcPowersuits_NpcPowersuitAbilities_Archon_AmarCloneHeal.lua_B	True	True	True	True	True	1	PASS	2	2	2	2	None	False	PASS	2	None	
Lotus_Powersuits_NpcPowersuits_NpcPowersuitAbilities_Archon_AmarFlameCoil.lua_B	True	True	True	True	True	1	PASS	4	4	4	4	None	False	PASS	4	None	
Lotus_Powersuits_NpcPowersuits_NpcPowersuitAbilities_Archon_AmarFlameWall.lua_B	True	True	True	False	False	2	PASS	4	4	4	4	PASS	False	FAIL	3	FAIL	
Lotus_Powersuits_NpcPowersuits_NpcPowersuitAbilities_Archon_AmarFuryLeap.lua_B	True	True	True	True	True	1	PASS	6	6	6	6	None	False	PASS	6	None	
Lotus_Powersuits_NpcPowersuits_NpcPowersuitAbilities_Archon_AmarHowl.lua_B	True	True	True	False	False	2	PASS	7	7	7	7	PASS	False	FAIL	6	FAIL	
Lotus_Powersuits_NpcPowersuits_NpcPowersuitAbilities_Archon_AmarHowl2.lua_B	True	True	True	False	False	3	PASS	6	6	6	6	PASS	False	FAIL	5	FAIL	
Lotus_Powersuits_NpcPowersuits_NpcPowersuitAbilities_Archon_AmarSummon.lua_B	True	True	True	False	False	3	PASS	5	5	5	5	PASS	False	FAIL	4	FAIL	
Lotus_Powersuits_NpcPowersuits_NpcPowersuitAbilities_Archon_AmarTargetTeleport.lua_B	True	True	True	True	True	1	PASS	5	5	5	5	None	False	PASS	5	None	
Lotus_Powersuits_NpcPowersuits_NpcPowersuitAbilities_Archon_AmarTeleport.lua_B	True	True	True	False	False	2	PASS	4	4	4	4	PASS	False	PASS	4	PASS	
Lotus_Powersuits_NpcPowersuits_NpcPowersuitAbilities_Archon_ArchonStruggleAbility.lua_B	True	True	True	False	False	2	PASS	4	4	4	4	PASS	False	FAIL	3	FAIL	
Lotus_Powersuits_NpcPowersuits_NpcPowersuitAbilities_Archon_ArchonTeleportToHidingTarget.lua_B	True	True	True	False	False	2	PASS	7	7	7	7	PASS	False	PASS	7	PASS	
Lotus_Powersuits_NpcPowersuits_NpcPowersuitAbilities_Archon_BorealBlastAbility.lua_B	True	True	True	False	False	2	PASS	10	10	10	10	PASS	False	PASS	10	PASS	
Lotus_Powersuits_NpcPowersuits_NpcPowersuitAbilities_Archon_BorealLightningStorm.lua_B	True	True	True	False	False	2	PASS	17	17	17	17	PASS	False	PASS	17	PASS	
Lotus_Powersuits_NpcPowersuits_NpcPowersuitAbilities_Archon_BorealParalyzingScream.lua_B	True	True	True	False	False	2	PASS	9	9	9	9	PASS	False	PASS	9	PASS	
Lotus_Powersuits_NpcPowersuits_NpcPowersuitAbilities_Archon_BorealParalyzingScreamPNW.lua_B	True	True	True	False	False	2	PASS	10	10	10	10	PASS	False	FAIL	9	FAIL	
Lotus_Powersuits_NpcPowersuits_NpcPowersuitAbilities_Archon_BorealShield.lua_B	True	True	True	True	True	1	PASS	4	4	4	4	None	False	PASS	4	None	
Lotus_Powersuits_NpcPowersuits_NpcPowersuitAbilities_Archon_BorealShieldEntity.lua_B	True	True	True	True	True	1	PASS	2	2	2	2	None	False	PASS	2	None	
Lotus_Powersuits_NpcPowersuits_NpcPowersuitAbilities_Archon_NiraChaseRandomTargetsAttack.lua_B	True	True	True	False	False	2	PASS	3	3	3	3	PASS	False	PASS	3	PASS	
Lotus_Powersuits_NpcPowersuits_NpcPowersuitAbilities_Archon_NiraChaseWaveAttack.lua_B	True	True	True	False	False	2	PASS	3	3	3	3	PASS	False	PASS	3	PASS	
Lotus_Powersuits_NpcPowersuits_NpcPowersuitAbilities_Archon_NiraChokingMist.lua_B	True	True	True	False	False	2	PASS	5	5	5	5	PASS	False	PASS	5	PASS	
Lotus_Powersuits_NpcPowersuits_NpcPowersuitAbilities_Archon_NiraGazeAbility.lua_B	True	True	True	False	False	2	PASS	12	12	12	12	PASS	False	FAIL	11	FAIL	
Lotus_Powersuits_NpcPowersuits_NpcPowersuitAbilities_Archon_NiraPoisonMistEntity.lua_B	True	True	True	False	False	2	PASS	2	2	2	2	PASS	False	PASS	2	PASS	
Lotus_Powersuits_NpcPowersuits_NpcPowersuitAbilities_Archon_NiraShieldAbility.lua_B	True	True	True	False	False	2	PASS	6	6	6	6	PASS	False	PASS	6	PASS	
Lotus_Powersuits_NpcPowersuits_NpcPowersuitAbilities_Archon_PoisonPillarEntity.lua_B	True	True	True	True	True	1	PASS	2	2	2	2	None	False	PASS	2	None	
Lotus_Powersuits_NpcPowersuits_NpcPowersuitAbilities_AristocratCloak.lua_B	True	True	True	False	False	2	PASS	8	8	8	8	PASS	False	PASS	8	PASS	
Lotus_Powersuits_NpcPowersuits_NpcPowersuitAbilities_ArloZealotSlashDash.lua_B	True	True	True	True	True	1	PASS	6	6	6	6	None	False	PASS	6	None	
Lotus_Powersuits_NpcPowersuits_NpcPowersuitAbilities_ArloZealotSporeBurst.lua_B	True	True	True	True	True	1	PASS	4	4	4	4	None	False	PASS	4	None	
Lotus_Powersuits_NpcPowersuits_NpcPowersuitAbilities_AshenRollAbility.lua_B	True	True	True	True	True	1	PASS	6	6	6	6	None	False	FAIL	5	None	
Lotus_Powersuits_NpcPowersuits_NpcPowersuitAbilities_AttackDroneMissileLauncher.lua_B	True	True	True	True	True	1	PASS	3	3	3	3	None	False	PASS	3	None	
Lotus_Powersuits_NpcPowersuits_NpcPowersuitAbilities_BeastMasterParryAttacksAbility.lua_B	True	True	True	True	True	1	PASS	4	4	4	4	None	False	PASS	4	None	
Lotus_Powersuits_NpcPowersuits_NpcPowersuitAbilities_BeastMasterSwitchWeaponsAbility.lua_B	True	True	True	True	True	1	PASS	3	3	3	3	None	False	PASS	3	None	
Lotus_Powersuits_NpcPowersuits_NpcPowersuitAbilities_BlessingNpcAbility.lua_B	True	True	True	False	False	2	PASS	14	14	14	14	PASS	False	PASS	14	PASS	
Lotus_Powersuits_NpcPowersuits_NpcPowersuitAbilities_BlitzEximusChainBlastAbility.lua_B	True	True	True	False	False	2	PASS	5	5	5	5	PASS	False	PASS	5	PASS	
Lotus_Powersuits_NpcPowersuits_NpcPowersuitAbilities_BonebladeBossPassiveAbility.lua_B	True	True	True	False	False	2	PASS	9	9	9	9	PASS	False	PASS	9	PASS	
Lotus_Powersuits_NpcPowersuits_NpcPowersuitAbilities_BoneBladeBurrowAbility.lua_B	True	True	True	False	False	2	PASS	5	5	5	5	PASS	False	PASS	5	PASS	
Lotus_Powersuits_NpcPowersuits_NpcPowersuitAbilities_BonebladeSwingAbility.lua_B	True	True	True	True	True	1	PASS	6	6	6	6	None	False	PASS	6	None	
Lotus_Powersuits_NpcPowersuits_NpcPowersuitAbilities_BonebladeTeleportAbility.lua_B	True	True	True	False	False	3	PASS	6	6	6	6	PASS	False	FAIL	5	FAIL	
Lotus_Powersuits_NpcPowersuits_NpcPowersuitAbilities_BoneBladeTentacleSpike.lua_B	True	True	True	False	False	2	PASS	7	7	7	7	PASS	False	PASS	7	PASS	
Lotus_Powersuits_NpcPowersuits_NpcPowersuitAbilities_BossVorElectroBallTraps.lua_B	True	True	True	True	True	1	PASS	9	9	9	9	None	False	FAIL	8	None	
Lotus_Powersuits_NpcPowersuits_NpcPowersuitAbilities_BossVorMultiProLauncher.lua_B	True	True	True	True	True	1	PASS	3	3	3	3	None	False	PASS	3	None	
Lotus_Powersuits_NpcPowersuits_NpcPowersuitAbilities_BossVorSweepBeam.lua_B	True	True	True	True	True	1	PASS	5	5	5	5	None	False	FAIL	4	None	
Lotus_Powersuits_NpcPowersuits_NpcPowersuitAbilities_Buff.lua_B	True	True	True	False	False	2	PASS	4	4	4	4	PASS	False	PASS	4	PASS	
Lotus_Powersuits_NpcPowersuits_NpcPowersuitAbilities_BulletAttractor.lua_B	True	True	True	False	False	2	PASS	7	7	7	7	PASS	False	PASS	7	PASS	
Lotus_Powersuits_NpcPowersuits_NpcPowersuitAbilities_BulletAttractorReplicant.lua_B	True	True	True	False	False	2	PASS	21	21	21	21	PASS	False	FAIL	20	FAIL	
Lotus_Powersuits_NpcPowersuits_NpcPowersuitAbilities_BurrowAbility.lua_B	True	True	True	True	True	1	PASS	4	4	4	4	None	False	PASS	4	None	
Lotus_Powersuits_NpcPowersuits_NpcPowersuitAbilities_BusterTrapAbility.lua_B	True	True	True	False	False	2	PASS	6	6	6	6	PASS	False	FAIL	5	FAIL	
Lotus_Powersuits_NpcPowersuits_NpcPowersuitAbilities_ChangeWeaponBehaviors.lua_B	True	True	True	True	True	1	PASS	3	3	3	3	None	False	PASS	3	None	
Lotus_Powersuits_NpcPowersuits_NpcPowersuitAbilities_ChemNoxPassive.lua_B	True	True	True	True	True	1	PASS	3	3	3	3	None	False	PASS	3	None	
Lotus_Powersuits_NpcPowersuits_NpcPowersuitAbilities_Cloak.lua_B	True	True	True	False	False	2	PASS	8	8	8	8	PASS	False	PASS	8	PASS	
Lotus_Powersuits_NpcPowersuits_NpcPowersuitAbilities_ConcussiveBlastAbility.lua_B	True	True	True	True	True	1	PASS	3	3	3	3	None	False	PASS	3	None	
Lotus_Powersuits_NpcPowersuits_NpcPowersuitAbilities_ContinuousBeamDamage.lua_B	True	True	True	True	True	1	PASS	5	5	5	5	None	False	PASS	5	None	
Lotus_Powersuits_NpcPowersuits_NpcPowersuitAbilities_CorpusChampionLaserBarrageAbility.lua_B	True	True	True	True	True	1	PASS	6	6	6	6	None	False	PASS	6	None	
Lotus_Powersuits_NpcPowersuits_NpcPowersuitAbilities_CorpusPodDetonateAbility.lua_B	True	True	True	True	True	1	PASS	3	3	3	3	None	False	PASS	3	None	
Lotus_Powersuits_NpcPowersuits_NpcPowersuitAbilities_CrewMember_HealTeamOnKillAbility.lua_B	True	True	True	True	True	1	PASS	5	5	5	5	None	False	PASS	5	None	
Lotus_Powersuits_NpcPowersuits_NpcPowersuitAbilities_CrewMember_HealTeamOnLowHealthAbility.lua_B	True	True	True	True	True	1	PASS	3	3	3	3	None	False	PASS	3	None	
Lotus_Powersuits_NpcPowersuits_NpcPowersuitAbilities_CrushReplicant.lua_B	True	True	True	False	False	2	PASS	15	15	15	15	PASS	False	PASS	15	PASS	
Lotus_Powersuits_NpcPowersuits_NpcPowersuitAbilities_DeaconBreakStruggleAbiity.lua_B	True	True	True	True	True	1	PASS	3	3	3	3	None	False	PASS	3	None	
Lotus_Powersuits_NpcPowersuits_NpcPowersuitAbilities_DeaconFaceMeltAbility.lua_B	True	True	True	True	True	1	PASS	4	4	4	4	None	False	PASS	4	None	
Lotus_Powersuits_NpcPowersuits_NpcPowersuitAbilities_DeaconRaiseTheFaithful.lua_B	True	True	True	True	True	1	PASS	4	4	4	4	None	False	PASS	4	None	
Lotus_Powersuits_NpcPowersuits_NpcPowersuitAbilities_DecodeDashAbility.lua_B	True	True	True	True	True	1	PASS	6	6	6	6	None	False	PASS	6	None	
Lotus_Powersuits_NpcPowersuits_NpcPowersuitAbilities_DecoyAbility.lua_B	True	True	True	False	False	2	PASS	7	7	7	7	PASS	False	PASS	7	PASS	
Lotus_Powersuits_NpcPowersuits_NpcPowersuitAbilities_DecoyReplicantAbility.lua_B	True	True	True	False	False	2	PASS	19	19	19	19	PASS	False	PASS	19	PASS	
Lotus_Powersuits_NpcPowersuits_NpcPowersuitAbilities_DeployCrawlerAbility.lua_B	True	True	True	False	False	2	PASS	3	3	3	3	PASS	False	PASS	3	PASS	
Lotus_Powersuits_NpcPowersuits_NpcPowersuitAbilities_DeployDroneAbility.lua_B	True	True	True	True	True	1	PASS	4	4	4	4	None	False	PASS	4	None	
Lotus_Powersuits_NpcPowersuits_NpcPowersuitAbilities_DeployDroneAbilityRandom.lua_B	True	True	True	False	False	2	PASS	4	4	4	4	PASS	False	PASS	4	PASS	
Lotus_Powersuits_NpcPowersuits_NpcPowersuitAbilities_DeployGrinderAbility.lua_B	True	True	True	False	False	2	PASS	6	6	6	6	PASS	False	PASS	6	PASS	
Lotus_Powersuits_NpcPowersuits_NpcPowersuitAbilities_DeploySearchDroneAbility.lua_B	True	True	True	False	False	2	PASS	6	6	6	6	PASS	False	PASS	6	PASS	
Lotus_Powersuits_NpcPowersuits_NpcPowersuitAbilities_DeployShieldDroneAbility.lua_B	True	True	True	False	False	2	PASS	4	4	4	4	PASS	False	PASS	4	PASS	
Lotus_Powersuits_NpcPowersuits_NpcPowersuitAbilities_DeployVenusBeacon.lua_B	True	True	True	False	False	2	PASS	5	5	5	5	PASS	False	PASS	5	PASS	
Lotus_Powersuits_NpcPowersuits_NpcPowersuitAbilities_DrenchTwoReplicantAbility.lua_B	True	True	True	False	False	2	PASS	14	14	14	14	PASS	False	PASS	14	PASS	
Lotus_Powersuits_NpcPowersuits_NpcPowersuitAbilities_DroneBoss.lua_B	True	True	True	True	True	1	PASS	3	3	3	3	None	False	PASS	3	None	
Lotus_Powersuits_NpcPowersuits_NpcPowersuitAbilities_DroneDashSuicideAbility.lua_B	True	True	True	False	False	2	PASS	5	5	5	5	PASS	False	PASS	5	PASS	
Lotus_Powersuits_NpcPowersuits_NpcPowersuitAbilities_DroneMeleeAttack.lua_B	True	True	True	True	True	1	PASS	5	5	5	5	None	False	PASS	5	None	
Lotus_Powersuits_NpcPowersuits_NpcPowersuitAbilities_DummyAbility.lua_B	True	True	True	True	True	1	PASS	2	2	2	2	None	False	PASS	2	None	
Lotus_Powersuits_NpcPowersuits_NpcPowersuitAbilities_Duviri_AshigaruBuffAbility.lua_B	True	True	True	False	False	2	PASS	13	13	13	13	PASS	False	FAIL	11	FAIL	
Lotus_Powersuits_NpcPowersuits_NpcPowersuitAbilities_Duviri_AshigaruSeekingVortexAbility.lua_B	True	True	True	True	True	1	PASS	14	14	14	14	None	False	PASS	14	None	
Lotus_Powersuits_NpcPowersuits_NpcPowersuitAbilities_Duviri_DuviriAbilityUtility.lua_B	True	True	True	False	False	2	PASS	33	33	33	33	PASS	False	PASS	33	PASS	
Lotus_Powersuits_NpcPowersuits_NpcPowersuitAbilities_Duviri_DuviriAbilityVulnerabilityIndicator.lua_B	True	True	True	True	True	1	PASS	2	2	2	2	None	False	PASS	2	None	
Lotus_Powersuits_NpcPowersuits_NpcPowersuitAbilities_Duviri_DuviriDaxAvatarScript.lua_B	True	True	True	True	True	1	PASS	5	5	5	5	None	False	PASS	5	None	
Lotus_Powersuits_NpcPowersuits_NpcPowersuitAbilities_Duviri_DuviriDaxChargeAbility.lua_B	True	True	True	False	False	2	PASS	19	19	19	19	PASS	False	PASS	19	PASS	
Lotus_Powersuits_NpcPowersuits_NpcPowersuitAbilities_Duviri_DuviriDaxChargeIceTrap.lua_B	True	True	True	False	False	2	PASS	2	2	2	2	PASS	False	PASS	2	PASS	
Lotus_Powersuits_NpcPowersuits_NpcPowersuitAbilities_Duviri_DuviriDaxFirePool.lua_B	True	True	True	False	False	2	PASS	7	7	7	7	PASS	False	FAIL	6	FAIL	
Lotus_Powersuits_NpcPowersuits_NpcPowersuitAbilities_Duviri_DuviriDaxHeavyBlockAbility.lua_B	True	True	True	False	False	2	PASS	9	9	9	9	PASS	False	FAIL	8	FAIL	
Lotus_Powersuits_NpcPowersuits_NpcPowersuitAbilities_Duviri_DuviriDaxHeavySlamAbility.lua_B	True	True	True	False	False	2	PASS	13	13	13	13	PASS	False	PASS	13	PASS	
Lotus_Powersuits_NpcPowersuits_NpcPowersuitAbilities_Duviri_DuviriDaxPlungeAbility.lua_B	True	True	True	False	False	2	PASS	24	24	24	24	PASS	False	PASS	24	PASS	
Lotus_Powersuits_NpcPowersuits_NpcPowersuitAbilities_Duviri_DuviriDaxRangedAvatarScript.lua_B	True	True	True	True	True	1	PASS	6	6	6	6	None	False	PASS	6	None	
Lotus_Powersuits_NpcPowersuits_NpcPowersuitAbilities_Duviri_DuviriDaxRangedChargeShotAbility.lua_B	True	True	True	False	False	2	PASS	9	9	9	9	PASS	False	PASS	9	PASS	
Lotus_Powersuits_NpcPowersuits_NpcPowersuitAbilities_Duviri_DuviriDaxRangedChargeShotCleanUp.lua_B	True	True	True	True	True	1	PASS	2	2	2	2	None	False	PASS	2	None	
Lotus_Powersuits_NpcPowersuits_NpcPowersuitAbilities_Duviri_DuviriDaxRangedDisengageAbility.lua_B	True	True	True	False	False	2	PASS	15	15	15	15	PASS	False	PASS	15	PASS	
Lotus_Powersuits_NpcPowersuits_NpcPowersuitAbilities_Duviri_DuviriDaxWaveAbility.lua_B	True	True	True	False	False	2	PASS	19	19	19	19	PASS	False	FAIL	18	FAIL	
Lotus_Powersuits_NpcPowersuits_NpcPowersuitAbilities_Duviri_DuviriDragonBabyMineAbility.lua_B	True	True	True	False	False	2	PASS	5	5	5	5	PASS	False	FAIL	4	FAIL	
Lotus_Powersuits_NpcPowersuits_NpcPowersuitAbilities_Duviri_DuviriDragonBabyProjectileAbility.lua_B	True	True	True	True	True	1	PASS	3	3	3	3	None	False	PASS	3	None	
Lotus_Powersuits_NpcPowersuits_NpcPowersuitAbilities_Duviri_DuviriDragonBodyRingAbility.lua_B	True	True	True	True	True	1	PASS	5	5	5	5	None	False	PASS	5	None	
Lotus_Powersuits_NpcPowersuits_NpcPowersuitAbilities_Duviri_DuviriDragonGroundFirebreathAbility.lua_B	True	True	True	False	False	2	PASS	11	11	11	11	PASS	False	FAIL	10	FAIL	
Lotus_Powersuits_NpcPowersuits_NpcPowersuitAbilities_Duviri_DuviriDragonStageScript.lua_B	True	True	True	False	False	2	PASS	5	5	5	5	PASS	False	PASS	5	PASS	
Lotus_Powersuits_NpcPowersuits_NpcPowersuitAbilities_Duviri_DuviriHealingOrb.lua_B	True	True	True	True	True	1	PASS	2	2	2	2	None	False	PASS	2	None	
Lotus_Powersuits_NpcPowersuits_NpcPowersuitAbilities_Duviri_DuviriJackalArtillery.lua_B	True	True	True	True	True	1	PASS	3	3	3	3	None	False	PASS	3	None	
Lotus_Powersuits_NpcPowersuits_NpcPowersuitAbilities_Duviri_DuviriJackalUFOAbility.lua_B	True	True	True	False	False	2	PASS	10	10	10	10	PASS	False	FAIL	8	FAIL	
Lotus_Powersuits_NpcPowersuits_NpcPowersuitAbilities_Duviri_DuviriMountedDaxElementalBoltAbility.lua_B	True	True	True	False	False	2	PASS	8	8	8	8	PASS	False	PASS	8	PASS	
Lotus_Powersuits_NpcPowersuits_NpcPowersuitAbilities_Duviri_DuviriMountedDaxGroundSlashAbility.lua_B	True	True	True	False	False	2	PASS	12	12	12	12	PASS	False	PASS	12	PASS	
Lotus_Powersuits_NpcPowersuits_NpcPowersuitAbilities_Duviri_DuviriMountedDaxGroundSlashWave.lua_B	True	True	True	True	True	1	PASS	4	4	4	4	None	False	PASS	4	None	
Lotus_Powersuits_NpcPowersuits_NpcPowersuitAbilities_Duviri_DuviriMountedDaxLeapingChargeAbility.lua_B	True	True	True	False	False	2	PASS	18	18	18	18	PASS	False	FAIL	17	FAIL	
Lotus_Powersuits_NpcPowersuits_NpcPowersuitAbilities_Duviri_DuviriMountedDaxRepositionAbility.lua_B	True	True	True	False	False	2	PASS	11	11	11	11	PASS	False	PASS	11	PASS	
Lotus_Powersuits_NpcPowersuits_NpcPowersuitAbilities_Duviri_DuviriMountedRangedRainOfArrowsAbility.lua_B	True	True	True	True	True	1	PASS	15	15	15	15	None	False	PASS	15	None	
Lotus_Powersuits_NpcPowersuits_NpcPowersuitAbilities_Duviri_DuviriShadowTeleport.lua_B	True	True	True	False	False	2	PASS	11	11	11	11	PASS	False	PASS	11	PASS	
Lotus_Powersuits_NpcPowersuits_NpcPowersuitAbilities_Duviri_PaxDungeonEncounterFieldNpcAbility.lua_B	True	True	True	False	False	2	PASS	9	9	9	9	PASS	False	PASS	9	PASS	
Lotus_Powersuits_NpcPowersuits_NpcPowersuitAbilities_Duviri_PaxDuviricusDecohereEgoAbility.lua_B	True	True	True	False	False	2	PASS	15	15	15	15	PASS	False	PASS	15	PASS	
Lotus_Powersuits_NpcPowersuits_NpcPowersuitAbilities_Duviri_PaxDuviricusMemoryOfBetrayal.lua_B	True	True	True	False	False	2	PASS	10	10	10	10	PASS	False	PASS	10	PASS	
Lotus_Powersuits_NpcPowersuits_NpcPowersuitAbilities_Duviri_PaxDuviricusMemoryOfBetrayalPart2.lua_B	True	True	True	False	False	2	PASS	16	16	16	16	PASS	False	PASS	16	PASS	
Lotus_Powersuits_NpcPowersuits_NpcPowersuitAbilities_Duviri_PaxDuviricusPainfulReprisalAbility.lua_B	True	True	True	False	False	2	PASS	10	10	10	10	PASS	False	FAIL	9	FAIL	
Lotus_Powersuits_NpcPowersuits_NpcPowersuitAbilities_Duviri_PaxDuviricusTeleportHome.lua_B	True	True	True	True	True	1	PASS	6	6	6	6	None	False	PASS	6	None	
Lotus_Powersuits_NpcPowersuits_NpcPowersuitAbilities_DuviriMeleeSmashAbility.lua_B	True	True	True	True	True	1	PASS	4	4	4	4	None	False	PASS	4	None	
Lotus_Powersuits_NpcPowersuits_NpcPowersuitAbilities_DuviriReviveStruggleAbility.lua_B	True	True	True	True	True	1	PASS	8	8	8	8	None	False	FAIL	7	None	
Lotus_Powersuits_NpcPowersuits_NpcPowersuitAbilities_Eidolon_CallReinforcementAbility.lua_B	True	True	True	False	False	2	PASS	3	3	3	3	PASS	False	PASS	3	PASS	
Lotus_Powersuits_NpcPowersuits_NpcPowersuitAbilities_Eidolon_DeployReinforcementDrone.lua_B	True	True	True	True	True	1	PASS	6	6	6	6	None	False	PASS	6	None	
Lotus_Powersuits_NpcPowersuits_NpcPowersuitAbilities_Eidolon_EidolonGhostDodge.lua_B	True	True	True	True	True	1	PASS	2	2	2	2	None	False	PASS	2	None	
Lotus_Powersuits_NpcPowersuits_NpcPowersuitAbilities_Eidolon_EidolonGhostOrb.lua_B	True	True	True	False	False	2	PASS	4	4	4	4	PASS	False	PASS	4	PASS	
Lotus_Powersuits_NpcPowersuits_NpcPowersuitAbilities_Eidolon_EidolonLaunchMortar.lua_B	True	True	True	True	True	1	PASS	4	4	4	4	None	False	PASS	4	None	
Lotus_Powersuits_NpcPowersuits_NpcPowersuitAbilities_Eidolon_EidolonLephantisGroundSlam.lua_B	True	True	True	True	True	1	PASS	4	4	4	4	None	False	PASS	4	None	
Lotus_Powersuits_NpcPowersuits_NpcPowersuitAbilities_Eidolon_SentientRopalolystAngry.lua_B	True	True	True	False	False	2	PASS	4	4	4	4	PASS	False	PASS	4	PASS	
Lotus_Powersuits_NpcPowersuits_NpcPowersuitAbilities_Eidolon_SentientRopalolystBigBeam.lua_B	True	True	True	False	False	3	PASS	5	5	5	5	PASS	False	PASS	5	FAIL	
Lotus_Powersuits_NpcPowersuits_NpcPowersuitAbilities_Eidolon_SentientRopalolystGrab.lua_B	True	True	True	False	False	2	PASS	4	4	4	4	PASS	False	PASS	4	PASS	
Lotus_Powersuits_NpcPowersuits_NpcPowersuitAbilities_Eidolon_SentientRopalolystJavelin.lua_B	True	True	True	False	False	2	PASS	8	8	8	8	PASS	False	FAIL	7	FAIL	
Lotus_Powersuits_NpcPowersuits_NpcPowersuitAbilities_Eidolon_SentientRopalolystLaserBurst.lua_B	True	True	True	False	False	2	PASS	10	10	10	10	PASS	False	FAIL	9	FAIL	
Lotus_Powersuits_NpcPowersuits_NpcPowersuitAbilities_Eidolon_SentientRopalolystNull.lua_B	True	True	True	False	False	2	PASS	12	12	12	12	PASS	False	PASS	12	PASS	
Lotus_Powersuits_NpcPowersuits_NpcPowersuitAbilities_Eidolon_SentientRopalolystWindAbilityPush.lua_B	True	True	True	True	True	1	PASS	3	3	3	3	None	False	PASS	3	None	
Lotus_Powersuits_NpcPowersuits_NpcPowersuitAbilities_Eidolon_SentientSwarmalystEscape.lua_B	True	True	True	True	True	1	PASS	3	3	3	3	None	False	PASS	3	None	
Lotus_Powersuits_NpcPowersuits_NpcPowersuitAbilities_Eidolon_SentientTeralystArtillery.lua_B	True	True	True	False	False	2	PASS	4	4	4	4	PASS	False	PASS	4	PASS	
Lotus_Powersuits_NpcPowersuits_NpcPowersuitAbilities_Eidolon_SentientTeralystBigGodRays.lua_B	True	True	True	False	False	2	PASS	8	8	8	8	PASS	False	PASS	8	PASS	
Lotus_Powersuits_NpcPowersuits_NpcPowersuitAbilities_Eidolon_SentientTeralystBigSwing.lua_B	True	True	True	False	False	2	PASS	6	6	6	6	PASS	False	PASS	6	PASS	
Lotus_Powersuits_NpcPowersuits_NpcPowersuitAbilities_Eidolon_SentientTeralystBlindFire.lua_B	True	True	True	False	False	2	PASS	4	4	4	4	PASS	False	PASS	4	PASS	
Lotus_Powersuits_NpcPowersuits_NpcPowersuitAbilities_Eidolon_SentientTeralystBlindLaser.lua_B	True	True	True	False	False	2	PASS	5	5	5	5	PASS	False	PASS	5	PASS	
Lotus_Powersuits_NpcPowersuits_NpcPowersuitAbilities_Eidolon_SentientTeralystClusterShotPassive.lua_B	True	True	True	False	False	2	PASS	9	9	9	9	PASS	False	PASS	9	PASS	
Lotus_Powersuits_NpcPowersuits_NpcPowersuitAbilities_Eidolon_SentientTeralystHomingBlindFire.lua_B	True	True	True	False	False	2	PASS	6	6	6	6	PASS	False	PASS	6	PASS	
Lotus_Powersuits_NpcPowersuits_NpcPowersuitAbilities_Eidolon_SentientTeralystRainDownpour.lua_B	True	True	True	True	True	1	PASS	2	2	2	2	None	False	PASS	2	None	
Lotus_Powersuits_NpcPowersuits_NpcPowersuitAbilities_Eidolon_SentientTeralystRainGeyser.lua_B	True	True	True	False	False	2	PASS	5	5	5	5	PASS	False	FAIL	4	FAIL	
Lotus_Powersuits_NpcPowersuits_NpcPowersuitAbilities_Eidolon_SentientTeralystRainLightningPassive.lua_B	True	True	True	True	True	1	PASS	6	6	6	6	None	False	PASS	6	None	
Lotus_Powersuits_NpcPowersuits_NpcPowersuitAbilities_Eidolon_SentientTeralystRainSlam.lua_B	True	True	True	False	False	2	PASS	4	4	4	4	PASS	False	PASS	4	PASS	
Lotus_Powersuits_NpcPowersuits_NpcPowersuitAbilities_Eidolon_SentientTeralystRainVoidSpire.lua_B	True	True	True	True	True	1	PASS	2	2	2	2	None	False	FAIL	1	None	
Lotus_Powersuits_NpcPowersuits_NpcPowersuitAbilities_Eidolon_SentientTeralystRainVoidSpireTrigger.lua_B	True	True	True	True	True	1	PASS	5	5	5	5	None	False	PASS	5	None	
Lotus_Powersuits_NpcPowersuits_NpcPowersuitAbilities_Eidolon_SentientTeralystSongAttack.lua_B	True	True	True	False	False	2	PASS	8	8	8	8	PASS	False	PASS	8	PASS	
Lotus_Powersuits_NpcPowersuits_NpcPowersuitAbilities_Eidolon_SentientTeralystSongDefend.lua_B	True	True	True	False	False	2	PASS	13	13	13	13	PASS	False	PASS	13	PASS	
Lotus_Powersuits_NpcPowersuits_NpcPowersuitAbilities_Eidolon_SentientTeralystStomp.lua_B	True	True	True	False	False	2	PASS	8	8	8	8	PASS	False	PASS	8	PASS	
Lotus_Powersuits_NpcPowersuits_NpcPowersuitAbilities_Eidolon_SentientTeralystTreeSlam.lua_B	True	True	True	True	True	1	PASS	5	5	5	5	None	False	PASS	5	None	
Lotus_Powersuits_NpcPowersuits_NpcPowersuitAbilities_Eidolon_SentientTeralystTreeSwing.lua_B	True	True	True	False	False	2	PASS	6	6	6	6	PASS	False	PASS	6	PASS	
Lotus_Powersuits_NpcPowersuits_NpcPowersuitAbilities_Eidolon_SentientTeralystWeakpoint.lua_B	True	True	True	True	True	1	PASS	6	6	6	6	None	False	PASS	6	None	
Lotus_Powersuits_NpcPowersuits_NpcPowersuitAbilities_Eidolon_VomvalystRainBeam.lua_B	True	True	True	True	True	1	PASS	5	5	5	5	None	False	FAIL	4	None	
Lotus_Powersuits_NpcPowersuits_NpcPowersuitAbilities_Eidolon_VomvalystSpectralDash.lua_B	True	True	True	True	True	1	PASS	3	3	3	3	None	False	PASS	3	None	
Lotus_Powersuits_NpcPowersuits_NpcPowersuitAbilities_EnergyLeechAbility.lua_B	True	True	True	False	False	2	PASS	9	9	9	9	PASS	False	FAIL	8	FAIL	
Lotus_Powersuits_NpcPowersuits_NpcPowersuitAbilities_EnergyVampireNpcAbility.lua_B	True	True	True	False	False	2	PASS	14	14	14	14	PASS	False	PASS	14	PASS	
Lotus_Powersuits_NpcPowersuits_NpcPowersuitAbilities_ExplosiveDissolveReplicantAbility.lua_B	True	True	True	False	False	2	PASS	8	8	8	8	PASS	False	FAIL	7	FAIL	
Lotus_Powersuits_NpcPowersuits_NpcPowersuitAbilities_FemurAAGunAbility.lua_B	True	True	True	False	False	2	PASS	3	3	3	3	PASS	False	PASS	3	PASS	
Lotus_Powersuits_NpcPowersuits_NpcPowersuitAbilities_FemurDroneSpawnAbility.lua_B	True	True	True	False	False	2	PASS	5	5	5	5	PASS	False	PASS	5	PASS	
Lotus_Powersuits_NpcPowersuits_NpcPowersuitAbilities_FemurLeapAbility.lua_B	True	True	True	True	True	1	PASS	7	7	7	7	None	False	PASS	7	None	
Lotus_Powersuits_NpcPowersuits_NpcPowersuitAbilities_FemurSlamAbility.lua_B	True	True	True	True	True	1	PASS	3	3	3	3	None	False	PASS	3	None	
Lotus_Powersuits_NpcPowersuits_NpcPowersuitAbilities_FireBlastReplicantAbility.lua_B	True	True	True	False	False	2	PASS	14	14	14	14	PASS	False	FAIL	13	FAIL	
Lotus_Powersuits_NpcPowersuits_NpcPowersuitAbilities_FlyingAdmiralMegaBeam.lua_B	True	True	True	False	False	2	PASS	4	4	4	4	PASS	False	PASS	4	PASS	
Lotus_Powersuits_NpcPowersuits_NpcPowersuitAbilities_FlyingMegaBeam.lua_B	True	True	True	False	False	2	PASS	6	6	6	6	PASS	False	PASS	6	PASS	
Lotus_Powersuits_NpcPowersuits_NpcPowersuitAbilities_GhoulCaptureHindrances.lua_B	True	True	True	True	True	1	PASS	3	3	3	3	None	False	PASS	3	None	
Lotus_Powersuits_NpcPowersuits_NpcPowersuitAbilities_GhoulDevourerGrappleAbility.lua_B	True	True	True	False	False	2	PASS	13	13	13	13	PASS	False	FAIL	12	FAIL	
Lotus_Powersuits_NpcPowersuits_NpcPowersuitAbilities_GhoulDevourerJetpackAbility.lua_B	True	True	True	False	False	2	PASS	7	7	7	7	PASS	False	PASS	7	PASS	
Lotus_Powersuits_NpcPowersuits_NpcPowersuitAbilities_GhoulDrillBurrowAbility.lua_B	True	True	True	True	True	1	PASS	6	6	6	6	None	False	PASS	6	None	
Lotus_Powersuits_NpcPowersuits_NpcPowersuitAbilities_GhoulExpiredJumpAbility.lua_B	True	True	True	False	False	2	PASS	6	6	6	6	PASS	False	PASS	6	PASS	
Lotus_Powersuits_NpcPowersuits_NpcPowersuitAbilities_GhoulExpiredSuicideAbility.lua_B	True	True	True	True	True	1	PASS	3	3	3	3	None	False	PASS	3	None	
Lotus_Powersuits_NpcPowersuits_NpcPowersuitAbilities_GhoulSawmanAbility.lua_B	True	True	True	False	False	2	PASS	9	9	9	9	PASS	False	PASS	9	PASS	
Lotus_Powersuits_NpcPowersuits_NpcPowersuitAbilities_GhoulSawmanProjectile.lua_B	True	True	True	False	False	2	PASS	4	4	4	4	PASS	False	PASS	4	PASS	
Lotus_Powersuits_NpcPowersuits_NpcPowersuitAbilities_GoldenMawExitAbility.lua_B	True	True	True	True	True	1	PASS	6	6	6	6	None	False	PASS	6	None	
Lotus_Powersuits_NpcPowersuits_NpcPowersuitAbilities_GrineerSkiffCounterMeasure.lua_B	True	True	True	False	False	2	PASS	6	6	6	6	PASS	False	PASS	6	PASS	
Lotus_Powersuits_NpcPowersuits_NpcPowersuitAbilities_GuardianEximusShield.lua_B	True	True	True	False	False	2	PASS	7	7	7	7	PASS	False	PASS	7	PASS	
Lotus_Powersuits_NpcPowersuits_NpcPowersuitAbilities_HandBomberWeapon.lua_B	True	True	True	True	True	1	PASS	3	3	3	3	None	False	PASS	3	None	
Lotus_Powersuits_NpcPowersuits_NpcPowersuitAbilities_HealerDroneHealAlly.lua_B	True	True	True	False	False	2	PASS	4	4	4	4	PASS	False	PASS	4	PASS	
Lotus_Powersuits_NpcPowersuits_NpcPowersuitAbilities_HealthLeechPatches.lua_B	True	True	True	False	False	3	PASS	11	11	11	11	PASS	False	FAIL	10	FAIL	
Lotus_Powersuits_NpcPowersuits_NpcPowersuitAbilities_HeavyMeleeChargeAbility.lua_B	True	True	True	False	False	2	PASS	5	5	5	5	PASS	False	PASS	5	PASS	
Lotus_Powersuits_NpcPowersuits_NpcPowersuitAbilities_HomingIceSpike.lua_B	True	True	True	True	True	1	PASS	4	4	4	4	None	False	PASS	4	None	
Lotus_Powersuits_NpcPowersuits_NpcPowersuitAbilities_HunhowSentientProjectile.lua_B	True	True	True	False	False	2	PASS	10	10	10	10	PASS	False	PASS	10	PASS	
Lotus_Powersuits_NpcPowersuits_NpcPowersuitAbilities_HunterShipMissileLauncher.lua_B	True	True	True	True	True	1	PASS	3	3	3	3	None	False	PASS	3	None	
Lotus_Powersuits_NpcPowersuits_NpcPowersuitAbilities_HyenaChargeAbility.lua_B	True	True	True	False	False	2	PASS	8	8	8	8	PASS	False	PASS	8	PASS	
Lotus_Powersuits_NpcPowersuits_NpcPowersuitAbilities_HyenaMortarLauncher.lua_B	True	True	True	True	True	1	PASS	3	3	3	3	None	False	PASS	3	None	
Lotus_Powersuits_NpcPowersuits_NpcPowersuitAbilities_HyenaSpinAttack.lua_B	True	True	True	True	True	1	PASS	3	3	3	3	None	False	PASS	3	None	
Lotus_Powersuits_NpcPowersuits_NpcPowersuitAbilities_HyenaStompAttack.lua_B	True	True	True	True	True	1	PASS	5	5	5	5	None	False	PASS	5	None	
Lotus_Powersuits_NpcPowersuits_NpcPowersuitAbilities_Iceicle.lua_B	True	True	True	True	True	1	PASS	4	4	4	4	None	False	PASS	4	None	
Lotus_Powersuits_NpcPowersuits_NpcPowersuitAbilities_IceShieldSpecter.lua_B	True	True	True	False	False	2	PASS	14	14	14	14	PASS	False	FAIL	13	FAIL	
Lotus_Powersuits_NpcPowersuits_NpcPowersuitAbilities_IceSpike.lua_B	True	True	True	False	False	2	PASS	6	6	6	6	PASS	False	PASS	6	PASS	
Lotus_Powersuits_NpcPowersuits_NpcPowersuitAbilities_IceSpikeReplicant.lua_B	True	True	True	False	False	2	PASS	16	16	16	16	PASS	False	PASS	16	PASS	
Lotus_Powersuits_NpcPowersuits_NpcPowersuitAbilities_ImpactInterrupter.lua_B	True	True	True	False	False	2	PASS	9	9	9	9	PASS	False	FAIL	8	FAIL	
Lotus_Powersuits_NpcPowersuits_NpcPowersuitAbilities_InfestedAladBeamAbility.lua_B	True	True	True	False	False	2	PASS	3	3	3	3	PASS	False	FAIL	2	FAIL	
Lotus_Powersuits_NpcPowersuits_NpcPowersuitAbilities_InfestedAladControlAbility.lua_B	True	True	True	False	False	3	PASS	10	10	10	10	PASS	False	FAIL	9	FAIL	
Lotus_Powersuits_NpcPowersuits_NpcPowersuitAbilities_InfestedAladShieldAbility.lua_B	True	True	True	False	False	2	PASS	5	5	5	5	PASS	False	PASS	5	PASS	
Lotus_Powersuits_NpcPowersuits_NpcPowersuitAbilities_InfestedGraspAbility.lua_B	True	True	True	False	False	2	PASS	4	4	4	4	PASS	False	FAIL	3	FAIL	
Lotus_Powersuits_NpcPowersuits_NpcPowersuitAbilities_InfestedJetpackAvatarScript.lua_B	True	True	True	True	True	1	PASS	2	2	2	2	None	False	PASS	2	None	
Lotus_Powersuits_NpcPowersuits_NpcPowersuitAbilities_InfestedJetpackChargeAbility.lua_B	True	True	True	False	False	2	PASS	5	5	5	5	PASS	False	PASS	5	PASS	
Lotus_Powersuits_NpcPowersuits_NpcPowersuitAbilities_InfestedJetpackSuicideAbility.lua_B	True	True	True	False	False	2	PASS	9	9	9	9	PASS	False	FAIL	8	FAIL	
Lotus_Powersuits_NpcPowersuits_NpcPowersuitAbilities_InfestedLeapAbility.lua_B	True	True	True	False	False	2	PASS	5	5	5	5	PASS	False	PASS	5	PASS	
Lotus_Powersuits_NpcPowersuits_NpcPowersuitAbilities_InfestedLeapSuicide.lua_B	True	True	True	True	True	1	PASS	6	6	6	6	None	False	PASS	6	None	
Lotus_Powersuits_NpcPowersuits_NpcPowersuitAbilities_InfestedLich_BlinkSlamAbility.lua_B	True	True	True	False	False	2	PASS	7	7	7	7	PASS	False	PASS	7	PASS	
Lotus_Powersuits_NpcPowersuits_NpcPowersuitAbilities_InfestedLich_BulletAttractorReplicant.lua_B	True	True	True	False	False	2	PASS	21	21	21	21	PASS	False	FAIL	20	FAIL	
Lotus_Powersuits_NpcPowersuits_NpcPowersuitAbilities_InfestedLich_CRTShieldBurstAbility.lua_B	True	True	True	False	False	None	PASS	16	16	16	16	None	False	FAIL	15	None	
Lotus_Powersuits_NpcPowersuits_NpcPowersuitAbilities_InfestedLich_HeadChargingAttackAbility.lua_B	True	True	True	False	False	2	PASS	8	8	8	8	PASS	False	PASS	8	PASS	
Lotus_Powersuits_NpcPowersuits_NpcPowersuitAbilities_InfestedLich_HoloEvasionAbility.lua_B	True	True	True	True	True	1	PASS	5	5	5	5	None	False	PASS	5	None	
Lotus_Powersuits_NpcPowersuits_NpcPowersuitAbilities_InfestedLich_HolographicIllusionRingAbility.lua_B	True	True	True	False	False	2	PASS	27	27	27	27	PASS	False	FAIL	25	FAIL	
Lotus_Powersuits_NpcPowersuits_NpcPowersuitAbilities_InfestedLich_InfestRupture.lua_B	True	True	True	False	False	2	PASS	24	24	24	24	PASS	False	FAIL	23	FAIL	
Lotus_Powersuits_NpcPowersuits_NpcPowersuitAbilities_InfestedLich_InfestTendrils.lua_B	True	True	True	False	False	3	PASS	25	25	25	25	PASS	False	FAIL	24	FAIL	
Lotus_Powersuits_NpcPowersuits_NpcPowersuitAbilities_InfestedLich_InvisibilityAbility.lua_B	True	True	True	False	False	2	PASS	13	13	13	13	PASS	False	PASS	13	PASS	
Lotus_Powersuits_NpcPowersuits_NpcPowersuitAbilities_InfestedLich_LaserDiscProjAbility.lua_B	True	True	True	False	False	2	PASS	15	15	15	15	PASS	False	FAIL	14	FAIL	
Lotus_Powersuits_NpcPowersuits_NpcPowersuitAbilities_InfestedLich_LichBrawlerBarrier.lua_B	True	True	True	False	False	2	PASS	23	23	23	23	PASS	False	FAIL	22	FAIL	
Lotus_Powersuits_NpcPowersuits_NpcPowersuitAbilities_InfestedLich_LichDecoy.lua_B	True	True	True	False	False	2	PASS	13	13	13	13	PASS	False	PASS	13	PASS	
Lotus_Powersuits_NpcPowersuits_NpcPowersuitAbilities_InfestedLich_LichGarudaSiphon.lua_B	True	True	True	False	False	2	PASS	20	20	20	20	PASS	False	PASS	20	PASS	
Lotus_Powersuits_NpcPowersuits_NpcPowersuitAbilities_InfestedLich_LichParasiticConsumption.lua_B	True	True	True	False	False	2	PASS	9	9	9	9	PASS	False	PASS	9	PASS	
Lotus_Powersuits_NpcPowersuits_NpcPowersuitAbilities_InfestedLich_LichRhinoChargeAbility.lua_B	True	True	True	True	True	1	PASS	11	11	11	11	None	False	FAIL	10	None	
Lotus_Powersuits_NpcPowersuits_NpcPowersuitAbilities_InfestedLich_MagneticManipulationAbility.lua_B	True	True	True	False	False	2	PASS	10	10	10	10	PASS	False	FAIL	6	FAIL	
Lotus_Powersuits_NpcPowersuits_NpcPowersuitAbilities_InfestedLich_MindhackMusicAbility.lua_B	True	True	True	False	False	2	PASS	16	16	16	16	PASS	False	FAIL	15	FAIL	
Lotus_Powersuits_NpcPowersuits_NpcPowersuitAbilities_InfestedLich_MonkeyHair.lua_B	True	True	True	False	False	2	PASS	25	25	25	25	PASS	False	PASS	25	PASS	
Lotus_Powersuits_NpcPowersuits_NpcPowersuitAbilities_InfestedLich_PaxBlades.lua_B	True	True	True	False	False	2	PASS	14	14	14	14	PASS	False	PASS	14	PASS	
Lotus_Powersuits_NpcPowersuits_NpcPowersuitAbilities_InfestedLich_PaxLink.lua_B	True	True	True	False	False	2	PASS	14	14	14	14	PASS	False	PASS	14	PASS	
Lotus_Powersuits_NpcPowersuits_NpcPowersuitAbilities_InfestedLich_ProjLauncher.lua_B	True	True	True	False	False	2	PASS	26	26	26	26	PASS	False	PASS	26	PASS	
Lotus_Powersuits_NpcPowersuits_NpcPowersuitAbilities_InfestedLich_RhinoStompAbility.lua_B	True	True	True	False	False	2	PASS	14	14	14	14	PASS	False	PASS	14	PASS	
Lotus_Powersuits_NpcPowersuits_NpcPowersuitAbilities_InfestedLich_SharedFateAbility.lua_B	True	True	True	False	False	2	PASS	10	10	10	10	PASS	False	PASS	10	PASS	
Lotus_Powersuits_NpcPowersuits_NpcPowersuitAbilities_InfestedLich_SummonTentaclesAbility.lua_B	True	True	True	False	False	2	PASS	16	16	16	16	PASS	False	PASS	16	PASS	
Lotus_Powersuits_NpcPowersuits_NpcPowersuitAbilities_InfestedLich_TechnorotAbility.lua_B	True	True	True	False	False	2	PASS	20	20	20	20	PASS	False	PASS	20	PASS	
Lotus_Powersuits_NpcPowersuits_NpcPowersuitAbilities_InfestedLich_TrapperStrike.lua_B	True	True	True	False	False	2	PASS	11	11	11	11	PASS	False	PASS	11	PASS	
Lotus_Powersuits_NpcPowersuits_NpcPowersuitAbilities_InfestedTankSlingshotAbility.lua_B	True	True	True	True	True	1	PASS	7	7	7	7	None	False	PASS	7	None	
Lotus_Powersuits_NpcPowersuits_NpcPowersuitAbilities_InfSpaceDroneSuicideAbility.lua_B	True	True	True	True	True	1	PASS	5	5	5	5	None	False	PASS	5	None	
Lotus_Powersuits_NpcPowersuits_NpcPowersuitAbilities_InkBlobAbility.lua_B	True	True	True	False	False	2	PASS	4	4	4	4	PASS	False	FAIL	3	FAIL	
Lotus_Powersuits_NpcPowersuits_NpcPowersuitAbilities_InvisibilityReplicantAbility.lua_B	True	True	True	False	False	2	PASS	12	12	12	12	PASS	False	PASS	12	PASS	
Lotus_Powersuits_NpcPowersuits_NpcPowersuitAbilities_IronSkinRhinoReplicant.lua_B	True	True	True	False	False	2	PASS	12	12	12	12	PASS	False	FAIL	11	FAIL	
Lotus_Powersuits_NpcPowersuits_NpcPowersuitAbilities_J3GolemSpaceDeathBeamAbility.lua_B	True	True	True	False	False	2	PASS	7	7	7	7	PASS	False	PASS	7	PASS	
Lotus_Powersuits_NpcPowersuits_NpcPowersuitAbilities_J3GolemSpaceMinionSwarmAbility.lua_B	True	True	True	False	False	2	PASS	6	6	6	6	PASS	False	FAIL	5	FAIL	
Lotus_Powersuits_NpcPowersuits_NpcPowersuitAbilities_J3GolemSpaceRadialSmashAbility.lua_B	True	True	True	True	True	1	PASS	4	4	4	4	None	False	PASS	4	None	
Lotus_Powersuits_NpcPowersuits_NpcPowersuitAbilities_J3GolemSpaceVolleyAbility.lua_B	True	True	True	False	False	2	PASS	5	5	5	5	PASS	False	PASS	5	PASS	
Lotus_Powersuits_NpcPowersuits_NpcPowersuitAbilities_JackalGrenadeAbility.lua_B	True	True	True	True	True	1	PASS	5	5	5	5	None	False	PASS	5	None	
Lotus_Powersuits_NpcPowersuits_NpcPowersuitAbilities_JackalUFOAbility.lua_B	True	True	True	False	False	4	PASS	10	10	10	10	PASS	False	FAIL	8	FAIL	
Lotus_Powersuits_NpcPowersuits_NpcPowersuitAbilities_JadeLightEximus.lua_B	True	True	True	False	False	2	PASS	10	10	10	10	PASS	False	FAIL	8	FAIL	
Lotus_Powersuits_NpcPowersuits_NpcPowersuitAbilities_JadeShadows_FallingStar.lua_B	True	True	True	False	False	2	PASS	6	6	6	6	PASS	False	PASS	6	PASS	
Lotus_Powersuits_NpcPowersuits_NpcPowersuitAbilities_JadeShadows_SonBossTeleport.lua_B	True	True	True	False	False	2	PASS	6	6	6	6	PASS	False	PASS	6	PASS	
Lotus_Powersuits_NpcPowersuits_NpcPowersuitAbilities_JadeShadows_StellarBlade.lua_B	True	True	True	False	False	2	PASS	4	4	4	4	PASS	False	PASS	4	PASS	
Lotus_Powersuits_NpcPowersuits_NpcPowersuitAbilities_JesterAttachAbility.lua_B	True	True	True	False	False	2	PASS	4	4	4	4	PASS	False	PASS	4	PASS	
Lotus_Powersuits_NpcPowersuits_NpcPowersuitAbilities_JesterClingAttack.lua_B	True	True	True	False	False	2	PASS	8	8	8	8	PASS	False	PASS	8	PASS	
Lotus_Powersuits_NpcPowersuits_NpcPowersuitAbilities_JesterDeployAbility.lua_B	True	True	True	False	False	2	PASS	6	6	6	6	PASS	False	PASS	6	FAIL	
Lotus_Powersuits_NpcPowersuits_NpcPowersuitAbilities_JesterPassive.lua_B	True	True	True	True	True	1	PASS	2	2	2	2	None	False	PASS	2	None	
Lotus_Powersuits_NpcPowersuits_NpcPowersuitAbilities_JuggernautKick.lua_B	True	True	True	False	False	2	PASS	3	3	3	3	PASS	False	PASS	3	PASS	
Lotus_Powersuits_NpcPowersuits_NpcPowersuitAbilities_JuggernautPoisonSpit.lua_B	True	True	True	False	False	2	PASS	7	7	7	7	PASS	False	PASS	7	PASS	
Lotus_Powersuits_NpcPowersuits_NpcPowersuitAbilities_JuggernautStomp.lua_B	True	True	True	False	False	2	PASS	8	8	8	8	PASS	False	PASS	8	PASS	
Lotus_Powersuits_NpcPowersuits_NpcPowersuitAbilities_KamikazeSuicideAbility.lua_B	True	True	True	False	False	2	PASS	4	4	4	4	PASS	False	PASS	4	PASS	
Lotus_Powersuits_NpcPowersuits_NpcPowersuitAbilities_KavatVampireBiteAbility.lua_B	True	True	True	True	True	1	PASS	6	6	6	6	None	False	PASS	6	None	
Lotus_Powersuits_NpcPowersuits_NpcPowersuitAbilities_KelaDeployRollerAbility.lua_B	True	True	True	True	True	1	PASS	4	4	4	4	None	False	PASS	4	None	
Lotus_Powersuits_NpcPowersuits_NpcPowersuitAbilities_KubrowCharge.lua_B	True	True	True	True	True	1	PASS	5	5	5	5	None	False	PASS	5	None	
Lotus_Powersuits_NpcPowersuits_NpcPowersuitAbilities_Lich_Avalanche.lua_B	True	True	True	False	False	2	PASS	16	16	16	16	PASS	False	PASS	16	PASS	
Lotus_Powersuits_NpcPowersuits_NpcPowersuitAbilities_Lich_BarrierAbility.lua_B	True	True	True	False	False	2	PASS	21	21	21	21	PASS	False	FAIL	20	FAIL	
Lotus_Powersuits_NpcPowersuits_NpcPowersuitAbilities_Lich_BFGAbility.lua_B	True	True	True	False	False	2	PASS	14	14	14	14	PASS	False	PASS	14	PASS	
Lotus_Powersuits_NpcPowersuits_NpcPowersuitAbilities_Lich_ChargeAbility.lua_B	True	True	True	False	False	2	PASS	6	6	6	6	PASS	False	FAIL	5	FAIL	
Lotus_Powersuits_NpcPowersuits_NpcPowersuitAbilities_Lich_ClonePet.lua_B	True	True	True	True	True	1	PASS	10	10	10	10	None	False	PASS	10	None	
Lotus_Powersuits_NpcPowersuits_NpcPowersuitAbilities_Lich_DecoyAbility.lua_B	True	True	True	False	False	2	PASS	16	16	16	16	PASS	False	FAIL	15	FAIL	
Lotus_Powersuits_NpcPowersuits_NpcPowersuitAbilities_Lich_Dodge.lua_B	True	True	True	False	False	2	PASS	8	8	8	8	PASS	False	PASS	8	PASS	
Lotus_Powersuits_NpcPowersuits_NpcPowersuitAbilities_Lich_ElectricShield.lua_B	True	True	True	False	False	2	PASS	10	10	10	10	PASS	False	PASS	10	PASS	
Lotus_Powersuits_NpcPowersuits_NpcPowersuitAbilities_Lich_Eruption.lua_B	True	True	True	False	False	2	PASS	5	5	5	5	PASS	False	PASS	5	PASS	
Lotus_Powersuits_NpcPowersuits_NpcPowersuitAbilities_Lich_ExplosiveDissolve.lua_B	True	True	True	False	False	2	PASS	8	8	8	8	PASS	False	FAIL	7	FAIL	
Lotus_Powersuits_NpcPowersuits_NpcPowersuitAbilities_Lich_FireBall.lua_B	True	True	True	False	False	2	PASS	8	8	8	8	PASS	False	PASS	8	PASS	
Lotus_Powersuits_NpcPowersuits_NpcPowersuitAbilities_Lich_FireBlast.lua_B	True	True	True	True	True	1	PASS	4	4	4	4	None	False	PASS	4	None	
Lotus_Powersuits_NpcPowersuits_NpcPowersuitAbilities_Lich_GrappleHook.lua_B	True	True	True	False	False	2	PASS	7	7	7	7	PASS	False	PASS	7	PASS	
Lotus_Powersuits_NpcPowersuits_NpcPowersuitAbilities_Lich_IceSpike.lua_B	True	True	True	False	False	2	PASS	16	16	16	16	PASS	False	PASS	16	PASS	
Lotus_Powersuits_NpcPowersuits_NpcPowersuitAbilities_Lich_IronFrameBlastAbility.lua_B	True	True	True	False	False	2	PASS	9	9	9	9	PASS	False	PASS	9	PASS	
Lotus_Powersuits_NpcPowersuits_NpcPowersuitAbilities_Lich_IronSkin.lua_B	True	True	True	False	False	2	PASS	12	12	12	12	PASS	False	FAIL	11	FAIL	
Lotus_Powersuits_NpcPowersuits_NpcPowersuitAbilities_Lich_LeadingProjectileFire.lua_B	True	True	True	True	True	1	PASS	6	6	6	6	None	False	PASS	6	None	
Lotus_Powersuits_NpcPowersuits_NpcPowersuitAbilities_Lich_LeapAbility.lua_B	True	True	True	False	False	2	PASS	8	8	8	8	PASS	False	PASS	8	PASS	
Lotus_Powersuits_NpcPowersuits_NpcPowersuitAbilities_Lich_LichEnthrall.lua_B	True	True	True	False	False	2	PASS	4	4	4	4	PASS	False	PASS	4	PASS	
Lotus_Powersuits_NpcPowersuits_NpcPowersuitAbilities_Lich_Liquify.lua_B	True	True	True	False	False	3	PASS	8	8	8	8	PASS	False	FAIL	7	FAIL	
Lotus_Powersuits_NpcPowersuits_NpcPowersuitAbilities_Lich_MegaBeam.lua_B	True	True	True	False	False	2	PASS	3	3	3	3	PASS	False	PASS	3	PASS	
Lotus_Powersuits_NpcPowersuits_NpcPowersuitAbilities_Lich_MolecularPrime.lua_B	True	True	True	False	False	2	PASS	8	8	8	8	PASS	False	PASS	8	PASS	
Lotus_Powersuits_NpcPowersuits_NpcPowersuitAbilities_Lich_NullStar.lua_B	True	True	True	False	False	2	PASS	13	13	13	13	PASS	False	FAIL	12	FAIL	
Lotus_Powersuits_NpcPowersuits_NpcPowersuitAbilities_Lich_PetDisarmPulseAbility.lua_B	True	True	True	False	False	2	PASS	12	12	12	12	PASS	False	PASS	12	PASS	
Lotus_Powersuits_NpcPowersuits_NpcPowersuitAbilities_Lich_PetMagneticRepulseAbility.lua_B	True	True	True	True	True	1	PASS	6	6	6	6	None	False	PASS	6	None	
Lotus_Powersuits_NpcPowersuits_NpcPowersuitAbilities_Lich_PetMegaLaserAbility.lua_B	True	True	True	False	False	2	PASS	6	6	6	6	PASS	False	FAIL	5	FAIL	
Lotus_Powersuits_NpcPowersuits_NpcPowersuitAbilities_Lich_PetOrbitalStrike.lua_B	True	True	True	True	True	1	PASS	2	2	2	2	None	False	PASS	2	None	
Lotus_Powersuits_NpcPowersuits_NpcPowersuitAbilities_Lich_PetPhotonStrike.lua_B	True	True	True	False	False	2	PASS	5	5	5	5	PASS	False	PASS	5	PASS	
Lotus_Powersuits_NpcPowersuits_NpcPowersuitAbilities_Lich_PetPowerDenial.lua_B	True	True	True	True	True	1	PASS	6	6	6	6	None	False	FAIL	5	None	
Lotus_Powersuits_NpcPowersuits_NpcPowersuitAbilities_Lich_PetSelfDestruct.lua_B	True	True	True	False	False	2	PASS	4	4	4	4	PASS	False	PASS	4	PASS	
Lotus_Powersuits_NpcPowersuits_NpcPowersuitAbilities_Lich_PetStealEximusAbility.lua_B	True	True	True	False	False	2	PASS	8	8	8	8	PASS	False	FAIL	7	FAIL	
Lotus_Powersuits_NpcPowersuits_NpcPowersuitAbilities_Lich_PetStompAbility.lua_B	True	True	True	False	False	2	PASS	4	4	4	4	PASS	False	FAIL	3	FAIL	
Lotus_Powersuits_NpcPowersuits_NpcPowersuitAbilities_Lich_PetTeslaShot.lua_B	True	True	True	True	True	1	PASS	4	4	4	4	None	False	PASS	4	None	
Lotus_Powersuits_NpcPowersuits_NpcPowersuitAbilities_Lich_Prowl.lua_B	True	True	True	False	False	2	PASS	9	9	9	9	PASS	False	PASS	9	PASS	
Lotus_Powersuits_NpcPowersuits_NpcPowersuitAbilities_Lich_Pull.lua_B	True	True	True	False	False	2	PASS	14	14	14	14	PASS	False	FAIL	13	FAIL	
Lotus_Powersuits_NpcPowersuits_NpcPowersuitAbilities_Lich_RadialBlind.lua_B	True	True	True	False	False	2	PASS	11	11	11	11	PASS	False	PASS	11	PASS	
Lotus_Powersuits_NpcPowersuits_NpcPowersuitAbilities_Lich_RadialDisarm.lua_B	True	True	True	False	False	2	PASS	14	14	14	14	PASS	False	FAIL	13	FAIL	
Lotus_Powersuits_NpcPowersuits_NpcPowersuitAbilities_Lich_Regeneration.lua_B	True	True	True	False	False	2	PASS	9	9	9	9	PASS	False	FAIL	7	FAIL	
Lotus_Powersuits_NpcPowersuits_NpcPowersuitAbilities_Lich_RhinoStompAbility.lua_B	True	True	True	False	False	2	PASS	14	14	14	14	PASS	False	PASS	14	PASS	
Lotus_Powersuits_NpcPowersuits_NpcPowersuitAbilities_Lich_Shed.lua_B	True	True	True	False	False	2	PASS	12	12	12	12	PASS	False	PASS	12	PASS	
Lotus_Powersuits_NpcPowersuits_NpcPowersuitAbilities_Lich_ShieldRegen.lua_B	True	True	True	False	False	2	PASS	13	13	13	13	PASS	False	PASS	13	PASS	
Lotus_Powersuits_NpcPowersuits_NpcPowersuitAbilities_Lich_ShockTrapAbility.lua_B	True	True	True	True	True	1	PASS	3	3	3	3	None	False	PASS	3	None	
Lotus_Powersuits_NpcPowersuits_NpcPowersuitAbilities_Lich_Smite.lua_B	True	True	True	False	False	2	PASS	10	10	10	10	PASS	False	PASS	10	PASS	
Lotus_Powersuits_NpcPowersuits_NpcPowersuitAbilities_Lich_SoulPunchAbility.lua_B	True	True	True	False	False	2	PASS	9	9	9	9	PASS	False	PASS	9	PASS	
Lotus_Powersuits_NpcPowersuits_NpcPowersuitAbilities_Lich_SpawnPet.lua_B	True	True	True	True	True	1	PASS	4	4	4	4	None	False	PASS	4	None	
Lotus_Powersuits_NpcPowersuits_NpcPowersuitAbilities_Lich_SpectralScream.lua_B	True	True	True	False	False	2	PASS	12	12	12	12	PASS	False	PASS	12	PASS	
Lotus_Powersuits_NpcPowersuits_NpcPowersuitAbilities_Lich_StairwayToHeaven.lua_B	True	True	True	False	False	2	PASS	16	16	16	16	PASS	False	FAIL	15	FAIL	
Lotus_Powersuits_NpcPowersuits_NpcPowersuitAbilities_Lich_StompAbility.lua_B	True	True	True	False	False	2	PASS	14	14	14	14	PASS	False	FAIL	13	FAIL	
Lotus_Powersuits_NpcPowersuits_NpcPowersuitAbilities_Lich_SwitchTeleportAbility.lua_B	True	True	True	False	False	2	PASS	7	7	7	7	PASS	False	FAIL	6	FAIL	
Lotus_Powersuits_NpcPowersuits_NpcPowersuitAbilities_Lich_TeleportAbility.lua_B	True	True	True	True	True	1	PASS	7	7	7	7	None	False	PASS	7	None	
Lotus_Powersuits_NpcPowersuits_NpcPowersuitAbilities_Lich_Trans.lua_B	True	True	True	True	True	1	PASS	2	2	2	2	None	False	PASS	2	None	
Lotus_Powersuits_NpcPowersuits_NpcPowersuitAbilities_Lich_TwirlAbility.lua_B	True	True	True	False	False	2	PASS	19	19	19	19	PASS	False	PASS	19	PASS	
Lotus_Powersuits_NpcPowersuits_NpcPowersuitAbilities_Lich_WardingHalo.lua_B	True	True	True	False	False	2	PASS	13	13	13	13	PASS	False	PASS	13	PASS	
Lotus_Powersuits_NpcPowersuits_NpcPowersuitAbilities_LinkReplicantNpcAbility.lua_B	True	True	True	False	False	2	PASS	12	12	12	12	PASS	False	FAIL	11	FAIL	
Lotus_Powersuits_NpcPowersuits_NpcPowersuitAbilities_MachetePull.lua_B	True	True	True	False	False	2	PASS	11	11	11	11	PASS	False	FAIL	10	FAIL	
Lotus_Powersuits_NpcPowersuits_NpcPowersuitAbilities_ManInTheWall_DoppelgangerExaltedBladestorm.lua_B	True	True	True	False	False	2	PASS	9	9	9	9	PASS	False	PASS	9	PASS	
Lotus_Powersuits_NpcPowersuits_NpcPowersuitAbilities_ManInTheWall_DoppelgangerOperatorBeam.lua_B	True	True	True	False	False	2	PASS	5	5	5	5	PASS	False	PASS	5	PASS	
Lotus_Powersuits_NpcPowersuits_NpcPowersuitAbilities_ManInTheWall_DoppelgangerSlashDash.lua_B	True	True	True	True	True	1	PASS	6	6	6	6	None	False	PASS	6	None	
Lotus_Powersuits_NpcPowersuits_NpcPowersuitAbilities_ManInTheWall_DoppelgangerStomp.lua_B	True	True	True	False	False	2	PASS	6	6	6	6	PASS	False	FAIL	5	FAIL	
Lotus_Powersuits_NpcPowersuits_NpcPowersuitAbilities_ManInTheWall_DoppelgangerTeleport.lua_B	True	True	True	False	False	2	PASS	7	7	7	7	PASS	False	PASS	7	PASS	
Lotus_Powersuits_NpcPowersuits_NpcPowersuitAbilities_ManInTheWall_DoppelgangerTendrils.lua_B	True	True	True	False	False	2	PASS	8	8	8	8	PASS	False	FAIL	6	FAIL	
Lotus_Powersuits_NpcPowersuits_NpcPowersuitAbilities_ManInTheWall_DoppelgangerTetherJavelin.lua_B	True	True	True	False	False	2	PASS	5	5	5	5	PASS	False	FAIL	4	FAIL	
Lotus_Powersuits_NpcPowersuits_NpcPowersuitAbilities_ManInTheWall_DoppelgangerVoltaicDrop.lua_B	True	True	True	True	True	1	PASS	5	5	5	5	None	False	FAIL	4	None	
Lotus_Powersuits_NpcPowersuits_NpcPowersuitAbilities_ManInTheWall_DoppelgangerWormholeMirror.lua_B	True	True	True	False	False	2	PASS	7	7	7	7	PASS	False	FAIL	6	FAIL	
Lotus_Powersuits_NpcPowersuits_NpcPowersuitAbilities_ManInTheWall_MITWMouthCannon.lua_B	True	True	True	False	False	2	PASS	6	6	6	6	PASS	False	FAIL	5	FAIL	
Lotus_Powersuits_NpcPowersuits_NpcPowersuitAbilities_ManInTheWall_MITWOctopedeBurrowAbility.lua_B	True	True	True	False	False	2	PASS	16	16	16	16	PASS	False	PASS	16	PASS	
Lotus_Powersuits_NpcPowersuits_NpcPowersuitAbilities_ManInTheWall_MITWOctopedeCrawlerExplode.lua_B	True	True	True	True	True	1	PASS	5	5	5	5	None	False	PASS	5	None	
Lotus_Powersuits_NpcPowersuits_NpcPowersuitAbilities_ManInTheWall_MITWOctopedeExOblivioneAbility.lua_B	True	True	True	False	False	2	PASS	16	16	16	16	PASS	False	PASS	16	PASS	
Lotus_Powersuits_NpcPowersuits_NpcPowersuitAbilities_ManInTheWall_MITWOctopedeEyeOfTheVoidAbility.lua_B	True	True	True	False	False	2	PASS	9	9	9	9	PASS	False	PASS	9	PASS	
Lotus_Powersuits_NpcPowersuits_NpcPowersuitAbilities_ManInTheWall_MITWOctopedeHardModeDoomPassive.lua_B	True	True	True	True	True	1	PASS	9	9	9	9	None	False	PASS	9	None	
Lotus_Powersuits_NpcPowersuits_NpcPowersuitAbilities_ManInTheWall_MITWOctopedeHardModeNullify.lua_B	True	True	True	True	True	1	PASS	2	2	2	2	None	False	PASS	2	None	
Lotus_Powersuits_NpcPowersuits_NpcPowersuitAbilities_ManInTheWall_MITWOctopedeHiddenHorrors.lua_B	True	True	True	False	False	2	PASS	16	16	16	16	PASS	False	PASS	16	PASS	
Lotus_Powersuits_NpcPowersuits_NpcPowersuitAbilities_ManInTheWall_MITWOctopedeLashOfLimbsAbility.lua_B	True	True	True	False	False	2	PASS	20	20	20	20	PASS	False	PASS	20	PASS	
Lotus_Powersuits_NpcPowersuits_NpcPowersuitAbilities_ManInTheWall_MITWOctopedeShriekingWailRings.lua_B	True	True	True	False	False	2	PASS	17	17	17	17	PASS	False	PASS	17	PASS	
Lotus_Powersuits_NpcPowersuits_NpcPowersuitAbilities_ManInTheWall_MITWOctopedeUnearthAbility.lua_B	True	True	True	False	False	2	PASS	21	21	21	21	PASS	False	PASS	21	PASS	
Lotus_Powersuits_NpcPowersuits_NpcPowersuitAbilities_ManInTheWall_MITWOctopedeUnhealingHands.lua_B	True	True	True	False	False	2	PASS	21	21	21	21	PASS	False	FAIL	18	FAIL	
Lotus_Powersuits_NpcPowersuits_NpcPowersuitAbilities_ManInTheWall_MITWOctopedeUnholyGroundAbility.lua_B	True	True	True	False	False	2	PASS	12	12	12	12	PASS	False	PASS	12	PASS	
Lotus_Powersuits_NpcPowersuits_NpcPowersuitAbilities_ManInTheWall_MITWSlinkyBeamAbility.lua_B	True	True	True	False	False	2	PASS	14	14	14	14	PASS	False	PASS	14	PASS	
Lotus_Powersuits_NpcPowersuits_NpcPowersuitAbilities_ManInTheWall_MITWSlinkyDeadZoneAbility.lua_B	True	True	True	False	False	2	PASS	6	6	6	6	PASS	False	PASS	6	PASS	
Lotus_Powersuits_NpcPowersuits_NpcPowersuitAbilities_ManInTheWall_MITWTurretArmSlapAbility.lua_B	True	True	True	True	True	1	PASS	3	3	3	3	None	False	PASS	3	None	
Lotus_Powersuits_NpcPowersuits_NpcPowersuitAbilities_ManInTheWall_TreasureBoxCloneAbility.lua_B	True	True	True	False	False	2	PASS	4	4	4	4	PASS	False	PASS	4	PASS	
Lotus_Powersuits_NpcPowersuits_NpcPowersuitAbilities_ManInTheWall_TreasureBoxSandPoolAbility.lua_B	True	True	True	False	False	2	PASS	6	6	6	6	PASS	False	PASS	6	PASS	
Lotus_Powersuits_NpcPowersuits_NpcPowersuitAbilities_MergeAbility.lua_B	True	True	True	False	False	2	PASS	5	5	5	5	PASS	False	PASS	5	PASS	
Lotus_Powersuits_NpcPowersuits_NpcPowersuitAbilities_MITWEnnemiesVFX.lua_B	True	True	True	True	True	1	PASS	6	6	6	6	None	False	PASS	6	None	
Lotus_Powersuits_NpcPowersuits_NpcPowersuitAbilities_MITWNecramechMeleeEMPAbility.lua_B	True	True	True	True	True	1	PASS	4	4	4	4	None	False	PASS	4	None	
Lotus_Powersuits_NpcPowersuits_NpcPowersuitAbilities_MITWSupportTriangleHealingAbility.lua_B	True	True	True	False	False	2	PASS	18	18	18	18	PASS	False	PASS	18	PASS	
Lotus_Powersuits_NpcPowersuits_NpcPowersuitAbilities_MITWSupportTrianglePyramidAttack.lua_B	True	True	True	False	False	2	PASS	6	6	6	6	PASS	False	PASS	6	PASS	
Lotus_Powersuits_NpcPowersuits_NpcPowersuitAbilities_MITWSupportTriangleUtility.lua_B	True	True	True	False	False	2	PASS	4	4	4	4	PASS	False	PASS	4	PASS	
Lotus_Powersuits_NpcPowersuits_NpcPowersuitAbilities_MoaLeapAbility.lua_B	True	True	True	False	False	2	PASS	4	4	4	4	PASS	False	PASS	4	PASS	
Lotus_Powersuits_NpcPowersuits_NpcPowersuitAbilities_ModCrpRadialNullify.lua_B	True	True	True	False	False	3	PASS	3	3	3	3	PASS	False	PASS	3	PASS	
Lotus_Powersuits_NpcPowersuits_NpcPowersuitAbilities_ModularCorpusLaser.lua_B	True	True	True	False	False	2	PASS	4	4	4	4	PASS	False	PASS	4	PASS	
Lotus_Powersuits_NpcPowersuits_NpcPowersuitAbilities_MortarAbility.lua_B	True	True	True	False	False	2	PASS	5	5	5	5	PASS	False	PASS	5	PASS	
Lotus_Powersuits_NpcPowersuits_NpcPowersuitAbilities_MultiProjLauncher.lua_B	True	True	True	True	True	1	PASS	3	3	3	3	None	False	PASS	3	None	
Lotus_Powersuits_NpcPowersuits_NpcPowersuitAbilities_MultiTargetProjLauncher.lua_B	True	True	True	True	True	1	PASS	5	5	5	5	None	False	PASS	5	None	
Lotus_Powersuits_NpcPowersuits_NpcPowersuitAbilities_MutalistDashAbility.lua_B	True	True	True	True	True	1	PASS	3	3	3	3	None	False	PASS	3	None	
Lotus_Powersuits_NpcPowersuits_NpcPowersuitAbilities_Narmer_NarmerGuardsBeamAbility.lua_B	True	True	True	True	True	1	PASS	4	4	4	4	None	False	PASS	4	None	
Lotus_Powersuits_NpcPowersuits_NpcPowersuitAbilities_Narmer_NarmerSummonGuardsAbility.lua_B	True	True	True	True	True	1	PASS	5	5	5	5	None	False	PASS	5	None	
Lotus_Powersuits_NpcPowersuits_NpcPowersuitAbilities_NomadTeleportAbility.lua_B	True	True	True	True	True	1	PASS	3	3	3	3	None	False	PASS	3	None	
Lotus_Powersuits_NpcPowersuits_NpcPowersuitAbilities_NoxChargeAbility.lua_B	True	True	True	False	False	2	PASS	6	6	6	6	PASS	False	FAIL	5	FAIL	
Lotus_Powersuits_NpcPowersuits_NpcPowersuitAbilities_NpcJetpackMeleeSmashAbility.lua_B	True	True	True	True	True	1	PASS	5	5	5	5	None	False	PASS	5	None	
Lotus_Powersuits_NpcPowersuits_NpcPowersuitAbilities_NpcLeaderFireBlast.lua_B	True	True	True	True	True	1	PASS	4	4	4	4	None	False	PASS	4	None	
Lotus_Powersuits_NpcPowersuits_NpcPowersuitAbilities_NpcLeaderSnoGlobe.lua_B	True	True	True	True	True	1	PASS	11	11	11	11	None	False	PASS	11	None	
Lotus_Powersuits_NpcPowersuits_NpcPowersuitAbilities_NpcReckoning.lua_B	True	True	True	True	True	1	PASS	7	7	7	7	None	False	PASS	7	None	
Lotus_Powersuits_NpcPowersuits_NpcPowersuitAbilities_NpcSwitchTeleportAbility.lua_B	True	True	True	False	False	2	PASS	7	7	7	7	PASS	False	FAIL	5	FAIL	
Lotus_Powersuits_NpcPowersuits_NpcPowersuitAbilities_NpcTeleportAbility.lua_B	True	True	True	False	False	2	PASS	4	4	4	4	PASS	False	PASS	4	PASS	
Lotus_Powersuits_NpcPowersuits_NpcPowersuitAbilities_NullStarReplicantAbility.lua_B	True	True	True	False	False	2	PASS	15	15	15	15	PASS	False	FAIL	13	FAIL	
Lotus_Powersuits_NpcPowersuits_NpcPowersuitAbilities_OraxiaAILeapAbility.lua_B	True	True	True	False	False	2	PASS	9	9	9	9	PASS	False	PASS	9	PASS	
Lotus_Powersuits_NpcPowersuits_NpcPowersuitAbilities_OraxiaAiStomp.lua_B	True	True	True	False	False	2	PASS	5	5	5	5	PASS	False	FAIL	4	FAIL	
Lotus_Powersuits_NpcPowersuits_NpcPowersuitAbilities_OraxiaAISummonSpiderlings.lua_B	True	True	True	True	True	1	PASS	4	4	4	4	None	False	PASS	4	None	
Lotus_Powersuits_NpcPowersuits_NpcPowersuitAbilities_OraxiaAiWallLatch.lua_B	True	True	True	False	False	2	PASS	4	4	4	4	PASS	False	PASS	4	PASS	
Lotus_Powersuits_NpcPowersuits_NpcPowersuitAbilities_OraxiaAiWallToWall.lua_B	True	True	True	False	False	2	PASS	4	4	4	4	PASS	False	PASS	4	PASS	
Lotus_Powersuits_NpcPowersuits_NpcPowersuitAbilities_OraxiaAIWeb.lua_B	True	True	True	False	False	2	PASS	14	14	14	14	PASS	False	FAIL	13	FAIL	
Lotus_Powersuits_NpcPowersuits_NpcPowersuitAbilities_OraxiaWallToGround.lua_B	True	True	True	False	False	2	PASS	6	6	6	6	PASS	False	FAIL	5	FAIL	
Lotus_Powersuits_NpcPowersuits_NpcPowersuitAbilities_OutriderMineAbility.lua_B	True	True	True	False	False	2	PASS	4	4	4	4	PASS	False	PASS	4	PASS	
Lotus_Powersuits_NpcPowersuits_NpcPowersuitAbilities_OverLoadReplicant.lua_B	True	True	True	False	False	2	PASS	16	16	16	16	PASS	False	PASS	16	FAIL	
Lotus_Powersuits_NpcPowersuits_NpcPowersuitAbilities_PalladinoSpawnCat.lua_B	True	True	True	True	True	1	PASS	6	6	6	6	None	False	PASS	6	None	
Lotus_Powersuits_NpcPowersuits_NpcPowersuitAbilities_PickUpCrawlerAbility.lua_B	True	True	True	True	True	1	PASS	5	5	5	5	None	False	PASS	5	None	
Lotus_Powersuits_NpcPowersuits_NpcPowersuitAbilities_PlaceTrap.lua_B	True	True	True	True	True	1	PASS	4	4	4	4	None	False	PASS	4	None	
Lotus_Powersuits_NpcPowersuits_NpcPowersuitAbilities_PoisonDropAbility.lua_B	True	True	True	True	True	1	PASS	3	3	3	3	None	False	PASS	3	None	
Lotus_Powersuits_NpcPowersuits_NpcPowersuitAbilities_PoisonReplicantAbility.lua_B	True	True	True	False	False	3	PASS	20	20	20	20	PASS	False	FAIL	19	FAIL	
Lotus_Powersuits_NpcPowersuits_NpcPowersuitAbilities_PossessedRedVeilMeleeSeekAbility.lua_B	True	True	True	True	True	1	PASS	4	4	4	4	None	False	PASS	4	None	
Lotus_Powersuits_NpcPowersuits_NpcPowersuitAbilities_PossessedRedVeilMeleeWaveAbility.lua_B	True	True	True	True	True	1	PASS	2	2	2	2	None	False	PASS	2	None	
Lotus_Powersuits_NpcPowersuits_NpcPowersuitAbilities_PowerFistSlamAbility.lua_B	True	True	True	True	True	1	PASS	2	2	2	2	None	False	PASS	2	None	
Lotus_Powersuits_NpcPowersuits_NpcPowersuitAbilities_PrisonerThrowProjectile.lua_B	True	True	True	True	True	1	PASS	5	5	5	5	None	False	PASS	5	None	
Lotus_Powersuits_NpcPowersuits_NpcPowersuitAbilities_ProjLauncher.lua_B	True	True	True	True	True	1	PASS	5	5	5	5	None	False	PASS	5	None	
Lotus_Powersuits_NpcPowersuits_NpcPowersuitAbilities_PursuitCloakAbility.lua_B	True	True	True	True	True	1	PASS	4	4	4	4	None	False	PASS	4	None	
Lotus_Powersuits_NpcPowersuits_NpcPowersuitAbilities_PursuitMineAbility.lua_B	True	True	True	False	False	2	PASS	4	4	4	4	PASS	False	PASS	4	PASS	
Lotus_Powersuits_NpcPowersuits_NpcPowersuitAbilities_PursuitMissileAbility.lua_B	True	True	True	False	False	2	PASS	5	5	5	5	PASS	False	PASS	5	PASS	
Lotus_Powersuits_NpcPowersuits_NpcPowersuitAbilities_Push.lua_B	True	True	True	True	True	1	PASS	3	3	3	3	None	False	PASS	3	None	
Lotus_Powersuits_NpcPowersuits_NpcPowersuitAbilities_QuadRobotSpawnDronesAbility.lua_B	True	True	True	True	True	1	PASS	5	5	5	5	None	False	PASS	5	None	
Lotus_Powersuits_NpcPowersuits_NpcPowersuitAbilities_QuadShield.lua_B	True	True	True	True	True	1	PASS	5	5	5	5	None	False	PASS	5	None	
Lotus_Powersuits_NpcPowersuits_NpcPowersuitAbilities_RadialBlindReplicantAbility.lua_B	True	True	True	False	False	2	PASS	15	15	15	15	PASS	False	FAIL	14	FAIL	
Lotus_Powersuits_NpcPowersuits_NpcPowersuitAbilities_RadialDisarmReplicantAbility.lua_B	True	True	True	False	False	2	PASS	14	14	14	14	PASS	False	FAIL	13	FAIL	
Lotus_Powersuits_NpcPowersuits_NpcPowersuitAbilities_RadialGrenadeLauncher.lua_B	True	True	True	True	True	1	PASS	3	3	3	3	None	False	PASS	3	None	
Lotus_Powersuits_NpcPowersuits_NpcPowersuitAbilities_RadialJavelinReplicantAbility.lua_B	True	True	True	False	False	2	PASS	17	17	17	17	PASS	False	PASS	17	PASS	
Lotus_Powersuits_NpcPowersuits_NpcPowersuitAbilities_Railjack_CapitalShipMissileVolley.lua_B	True	True	True	False	False	2	PASS	6	6	6	6	PASS	False	PASS	6	PASS	
Lotus_Powersuits_NpcPowersuits_NpcPowersuitAbilities_Railjack_CommanderLightningAbility.lua_B	True	True	True	False	False	2	PASS	4	4	4	4	PASS	False	PASS	4	PASS	
Lotus_Powersuits_NpcPowersuits_NpcPowersuitAbilities_Railjack_CorpusCapitalShipMissileVolley.lua_B	True	True	True	False	False	2	PASS	9	9	9	9	PASS	False	PASS	9	PASS	
Lotus_Powersuits_NpcPowersuits_NpcPowersuitAbilities_Railjack_CorpusCrewShipMissileAbility.lua_B	True	True	True	False	False	2	PASS	8	8	8	8	PASS	False	PASS	8	PASS	
Lotus_Powersuits_NpcPowersuits_NpcPowersuitAbilities_Railjack_CorpusCrewShipSpawnFightersSupportAbility.lua_B	True	True	True	True	True	1	PASS	5	5	5	5	None	False	PASS	5	None	
Lotus_Powersuits_NpcPowersuits_NpcPowersuitAbilities_Railjack_CorpusObeliskBeamAbility.lua_B	True	True	True	False	False	2	PASS	6	6	6	6	PASS	False	PASS	6	PASS	
Lotus_Powersuits_NpcPowersuits_NpcPowersuitAbilities_Railjack_CrewshipMedicBubbleAbility.lua_B	True	True	True	False	False	2	PASS	11	11	11	11	PASS	False	FAIL	10	FAIL	
Lotus_Powersuits_NpcPowersuits_NpcPowersuitAbilities_Railjack_GhostShipBarrageAbility.lua_B	True	True	True	True	True	1	PASS	4	4	4	4	None	False	PASS	4	None	
Lotus_Powersuits_NpcPowersuits_NpcPowersuitAbilities_Railjack_MissilePlatformMissileAbility.lua_B	True	True	True	True	True	1	PASS	6	6	6	6	None	False	PASS	6	None	
Lotus_Powersuits_NpcPowersuits_NpcPowersuitAbilities_Railjack_RamSledBoarding.lua_B	True	True	True	False	False	2	PASS	9	9	9	9	PASS	False	FAIL	8	FAIL	
Lotus_Powersuits_NpcPowersuits_NpcPowersuitAbilities_Railjack_RamSledSpawnAbility.lua_B	True	True	True	False	False	2	PASS	7	7	7	7	PASS	False	FAIL	6	FAIL	
Lotus_Powersuits_NpcPowersuits_NpcPowersuitAbilities_Railjack_SpaceFighterShieldAbility.lua_B	True	True	True	True	True	1	PASS	5	5	5	5	None	False	PASS	5	None	
Lotus_Powersuits_NpcPowersuits_NpcPowersuitAbilities_Railjack_SpaceFighterSntHealBall.lua_B	True	True	True	False	False	2	PASS	6	6	6	6	PASS	False	FAIL	5	FAIL	
Lotus_Powersuits_NpcPowersuits_NpcPowersuitAbilities_Railjack_SpaceFighterSntIllusionAbility.lua_B	True	True	True	True	True	1	PASS	6	6	6	6	None	False	PASS	6	None	
Lotus_Powersuits_NpcPowersuits_NpcPowersuitAbilities_Railjack_SpaceRepositioningTeleport.lua_B	True	True	True	True	True	1	PASS	4	4	4	4	None	False	PASS	4	None	
Lotus_Powersuits_NpcPowersuits_NpcPowersuitAbilities_RaptorTwoLaserBarrageAbility.lua_B	True	True	True	True	True	1	PASS	5	5	5	5	None	False	PASS	5	None	
Lotus_Powersuits_NpcPowersuits_NpcPowersuitAbilities_RaptorTwoMortarAbility.lua_B	True	True	True	False	False	2	PASS	5	5	5	5	PASS	False	PASS	5	PASS	
Lotus_Powersuits_NpcPowersuits_NpcPowersuitAbilities_RaptorTwoSpawnDronesAbility.lua_B	True	True	True	True	True	1	PASS	4	4	4	4	None	False	PASS	4	None	
Lotus_Powersuits_NpcPowersuits_NpcPowersuitAbilities_ReinforcePointAbility.lua_B	True	True	True	True	True	1	PASS	6	6	6	6	None	False	PASS	6	None	
Lotus_Powersuits_NpcPowersuits_NpcPowersuitAbilities_RellChaseTeleport.lua_B	True	True	True	True	True	1	PASS	4	4	4	4	None	False	PASS	4	None	
Lotus_Powersuits_NpcPowersuits_NpcPowersuitAbilities_RellCondemn.lua_B	True	True	True	False	False	2	PASS	11	11	11	11	PASS	False	PASS	11	PASS	
Lotus_Powersuits_NpcPowersuits_NpcPowersuitAbilities_RellExpelSpiritsAbility.lua_B	True	True	True	True	True	1	PASS	4	4	4	4	None	False	PASS	4	None	
Lotus_Powersuits_NpcPowersuits_NpcPowersuitAbilities_RhinoChargeReplicantAbility.lua_B	True	True	True	False	False	2	PASS	15	15	15	15	PASS	False	FAIL	13	FAIL	
Lotus_Powersuits_NpcPowersuits_NpcPowersuitAbilities_RiotBipedConcussiveBlastAbility.lua_B	True	True	True	True	True	1	PASS	3	3	3	3	None	False	PASS	3	None	
Lotus_Powersuits_NpcPowersuits_NpcPowersuitAbilities_RiotBipedNetAbility.lua_B	True	True	True	False	False	2	PASS	3	3	3	3	PASS	False	PASS	3	PASS	
Lotus_Powersuits_NpcPowersuits_NpcPowersuitAbilities_RiotBipedNetProjectile.lua_B	True	True	True	False	False	2	PASS	5	5	5	5	PASS	False	PASS	5	PASS	
Lotus_Powersuits_NpcPowersuits_NpcPowersuitAbilities_RiotBipedNeuralyzerAbility.lua_B	True	True	True	False	False	2	PASS	7	7	7	7	PASS	False	PASS	7	PASS	
Lotus_Powersuits_NpcPowersuits_NpcPowersuitAbilities_RiotBunkerAbility.lua_B	True	True	True	False	False	2	PASS	4	4	4	4	PASS	False	PASS	4	PASS	
Lotus_Powersuits_NpcPowersuits_NpcPowersuitAbilities_RiotProjectileAreaAttack.lua_B	True	True	True	False	False	2	PASS	4	4	4	4	PASS	False	PASS	4	PASS	
Lotus_Powersuits_NpcPowersuits_NpcPowersuitAbilities_RoyalGuardChargeAbility.lua_B	True	True	True	False	False	2	PASS	7	7	7	7	PASS	False	FAIL	6	FAIL	
Lotus_Powersuits_NpcPowersuits_NpcPowersuitAbilities_RoyalGuardPassive.lua_B	True	True	True	False	False	2	PASS	12	12	12	12	PASS	False	PASS	12	PASS	
Lotus_Powersuits_NpcPowersuits_NpcPowersuitAbilities_RoyalGuardSmashAbility.lua_B	True	True	True	False	False	2	PASS	7	7	7	7	PASS	False	PASS	7	PASS	
Lotus_Powersuits_NpcPowersuits_NpcPowersuitAbilities_RushersLatchAbility.lua_B	True	True	True	False	False	None	PASS	15	15	15	15	None	False	FAIL	14	None	
Lotus_Powersuits_NpcPowersuits_NpcPowersuitAbilities_SandmanCopyAbility.lua_B	True	True	True	False	False	2	PASS	9	9	9	9	PASS	False	PASS	9	PASS	
Lotus_Powersuits_NpcPowersuits_NpcPowersuitAbilities_SargasRukEruption.lua_B	True	True	True	False	False	2	PASS	4	4	4	4	PASS	False	PASS	4	PASS	
Lotus_Powersuits_NpcPowersuits_NpcPowersuitAbilities_SargasRukFireballLauncher.lua_B	True	True	True	True	True	1	PASS	3	3	3	3	None	False	PASS	3	None	
Lotus_Powersuits_NpcPowersuits_NpcPowersuitAbilities_SargasRukFireBlast.lua_B	True	True	True	True	True	1	PASS	4	4	4	4	None	False	PASS	4	None	
Lotus_Powersuits_NpcPowersuits_NpcPowersuitAbilities_SargasRukGun.lua_B	True	True	True	False	False	2	PASS	3	3	3	3	PASS	False	PASS	3	PASS	
Lotus_Powersuits_NpcPowersuits_NpcPowersuitAbilities_SargasRukSpawnSupport.lua_B	True	True	True	False	False	2	PASS	3	3	3	3	PASS	False	PASS	3	PASS	
Lotus_Powersuits_NpcPowersuits_NpcPowersuitAbilities_ScatterShot.lua_B	True	True	True	True	True	1	PASS	3	3	3	3	None	False	PASS	3	None	
Lotus_Powersuits_NpcPowersuits_NpcPowersuitAbilities_Scream.lua_B	True	True	True	True	True	1	PASS	5	5	5	5	None	False	PASS	5	None	
Lotus_Powersuits_NpcPowersuits_NpcPowersuitAbilities_SentientAerolystFeather.lua_B	True	True	True	False	False	2	PASS	4	4	4	4	PASS	False	PASS	4	PASS	
Lotus_Powersuits_NpcPowersuits_NpcPowersuitAbilities_SentientAerolystHealing.lua_B	True	True	True	False	False	2	PASS	5	5	5	5	PASS	False	PASS	5	PASS	
Lotus_Powersuits_NpcPowersuits_NpcPowersuitAbilities_SentientAerolystVolley.lua_B	True	True	True	False	False	2	PASS	8	8	8	8	PASS	False	PASS	8	PASS	
Lotus_Powersuits_NpcPowersuits_NpcPowersuitAbilities_SentientAerolystWingAttack.lua_B	True	True	True	False	False	2	PASS	3	3	3	3	PASS	False	PASS	3	PASS	
Lotus_Powersuits_NpcPowersuits_NpcPowersuitAbilities_SentientBrachiolystDiveAbility.lua_B	True	True	True	True	True	1	PASS	5	5	5	5	None	False	PASS	5	None	
Lotus_Powersuits_NpcPowersuits_NpcPowersuitAbilities_SentientCarrier.lua_B	True	True	True	True	True	1	PASS	2	2	2	2	None	False	PASS	2	None	
Lotus_Powersuits_NpcPowersuits_NpcPowersuitAbilities_SentientClotholystSlamAbility.lua_B	True	True	True	False	False	2	PASS	8	8	8	8	PASS	False	FAIL	7	FAIL	
Lotus_Powersuits_NpcPowersuits_NpcPowersuitAbilities_SentientClotholystSpin.lua_B	True	True	True	False	False	2	PASS	5	5	5	5	PASS	False	PASS	5	PASS	
Lotus_Powersuits_NpcPowersuits_NpcPowersuitAbilities_SentientFlare.lua_B	True	True	True	True	True	1	PASS	4	4	4	4	None	False	PASS	4	None	
Lotus_Powersuits_NpcPowersuits_NpcPowersuitAbilities_SentientGodRays.lua_B	True	True	True	False	False	2	PASS	19	19	19	19	PASS	False	FAIL	17	FAIL	
Lotus_Powersuits_NpcPowersuits_NpcPowersuitAbilities_SentientLink.lua_B	True	True	True	True	True	1	PASS	3	3	3	3	None	False	PASS	3	None	
Lotus_Powersuits_NpcPowersuits_NpcPowersuitAbilities_SentientPortalAbility.lua_B	True	True	True	False	False	2	PASS	6	6	6	6	PASS	False	PASS	6	PASS	
Lotus_Powersuits_NpcPowersuits_NpcPowersuitAbilities_SentientPortalProjectileAbility.lua_B	True	True	True	True	True	1	PASS	6	6	6	6	None	False	FAIL	5	None	
Lotus_Powersuits_NpcPowersuits_NpcPowersuitAbilities_SentientScanAbility.lua_B	True	True	True	True	True	1	PASS	7	7	7	7	None	False	PASS	7	None	
Lotus_Powersuits_NpcPowersuits_NpcPowersuitAbilities_SentientSparkAbsorb.lua_B	True	True	True	True	True	1	PASS	6	6	6	6	None	False	PASS	6	None	
Lotus_Powersuits_NpcPowersuits_NpcPowersuitAbilities_SentientStalkerSparkGrenade.lua_B	True	True	True	True	True	1	PASS	7	7	7	7	None	False	FAIL	6	None	
Lotus_Powersuits_NpcPowersuits_NpcPowersuitAbilities_SentientTornado.lua_B	True	True	True	False	False	2	PASS	5	5	5	5	PASS	False	PASS	5	PASS	
Lotus_Powersuits_NpcPowersuits_NpcPowersuitAbilities_SentientTrooperDowngrade.lua_B	True	True	True	True	True	1	PASS	2	2	2	2	None	False	PASS	2	None	
Lotus_Powersuits_NpcPowersuits_NpcPowersuitAbilities_Shadowgrapher_ChiaroscuroAura.lua_B	True	True	True	False	False	2	PASS	3	3	3	3	PASS	False	PASS	3	PASS	
Lotus_Powersuits_NpcPowersuits_NpcPowersuitAbilities_Shadowgrapher_InkBalloonMine.lua_B	True	True	True	False	False	2	PASS	7	7	7	7	PASS	False	PASS	7	PASS	
Lotus_Powersuits_NpcPowersuits_NpcPowersuitAbilities_Shadowgrapher_InkSketchbook.lua_B	True	True	True	False	False	2	PASS	10	10	10	10	PASS	False	PASS	10	PASS	
Lotus_Powersuits_NpcPowersuits_NpcPowersuitAbilities_Shadowgrapher_InkSplatter.lua_B	True	True	True	False	False	2	PASS	14	14	14	14	PASS	False	PASS	14	PASS	
Lotus_Powersuits_NpcPowersuits_NpcPowersuitAbilities_Shadowgrapher_InkTeleport.lua_B	True	True	True	False	False	2	PASS	3	3	3	3	PASS	False	PASS	3	PASS	
Lotus_Powersuits_NpcPowersuits_NpcPowersuitAbilities_ShedReplicantAbility.lua_B	True	True	True	False	False	2	PASS	14	14	14	14	PASS	False	PASS	14	PASS	
Lotus_Powersuits_NpcPowersuits_NpcPowersuitAbilities_ShellAncientSwingAbility.lua_B	True	True	True	False	False	2	PASS	4	4	4	4	PASS	False	PASS	4	PASS	
Lotus_Powersuits_NpcPowersuits_NpcPowersuitAbilities_ShieldRegenMagReplicant.lua_B	True	True	True	False	False	2	PASS	13	13	13	13	PASS	False	PASS	13	PASS	
Lotus_Powersuits_NpcPowersuits_NpcPowersuitAbilities_ShockEximusOrbAbility.lua_B	True	True	True	True	True	1	PASS	5	5	5	5	None	False	PASS	5	None	
Lotus_Powersuits_NpcPowersuits_NpcPowersuitAbilities_ShockVoltSpecter.lua_B	True	True	True	False	False	2	PASS	20	20	20	20	PASS	False	FAIL	17	FAIL	
Lotus_Powersuits_NpcPowersuits_NpcPowersuitAbilities_SlashAttackThereAndBack.lua_B	True	True	True	False	False	2	PASS	8	8	8	8	PASS	False	PASS	8	PASS	
Lotus_Powersuits_NpcPowersuits_NpcPowersuitAbilities_SlashDashNewReplicantAbility.lua_B	True	True	True	False	False	2	PASS	20	20	20	20	PASS	False	FAIL	19	FAIL	
Lotus_Powersuits_NpcPowersuits_NpcPowersuitAbilities_SmokeScreen.lua_B	True	True	True	True	True	1	PASS	4	4	4	4	None	False	PASS	4	None	
Lotus_Powersuits_NpcPowersuits_NpcPowersuitAbilities_SmokeScreenCaptureTarget.lua_B	True	True	True	True	True	1	PASS	5	5	5	5	None	False	PASS	5	None	
Lotus_Powersuits_NpcPowersuits_NpcPowersuitAbilities_SpaceFighterEliteFlareAbility.lua_B	True	True	True	True	True	1	PASS	5	5	5	5	None	False	PASS	5	None	
Lotus_Powersuits_NpcPowersuits_NpcPowersuitAbilities_SpaceMineDeploy.lua_B	True	True	True	False	False	2	PASS	6	6	6	6	PASS	False	PASS	6	PASS	
Lotus_Powersuits_NpcPowersuits_NpcPowersuitAbilities_SpaceMissileAbility.lua_B	True	True	True	True	True	1	PASS	5	5	5	5	None	False	PASS	5	None	
Lotus_Powersuits_NpcPowersuits_NpcPowersuitAbilities_SpaceTurretMissileAbility.lua_B	True	True	True	False	False	2	PASS	3	3	3	3	PASS	False	FAIL	2	FAIL	
Lotus_Powersuits_NpcPowersuits_NpcPowersuitAbilities_SpawnAllyAbility.lua_B	True	True	True	True	True	1	PASS	5	5	5	5	None	False	PASS	5	None	
Lotus_Powersuits_NpcPowersuits_NpcPowersuitAbilities_SpawnRushers.lua_B	True	True	True	False	False	2	PASS	8	8	8	8	PASS	False	PASS	8	PASS	
Lotus_Powersuits_NpcPowersuits_NpcPowersuitAbilities_SpawnSwarmDrones.lua_B	True	True	True	True	True	1	PASS	6	6	6	6	None	False	PASS	6	None	
Lotus_Powersuits_NpcPowersuits_NpcPowersuitAbilities_SplitterLeapAbility.lua_B	True	True	True	True	True	1	PASS	7	7	7	7	None	False	PASS	7	None	
Lotus_Powersuits_NpcPowersuits_NpcPowersuitAbilities_SplitUpAbility.lua_B	True	True	True	True	True	1	PASS	3	3	3	3	None	False	PASS	3	None	
Lotus_Powersuits_NpcPowersuits_NpcPowersuitAbilities_StalkerEnergyBlade.lua_B	True	True	True	True	True	1	PASS	5	5	5	5	None	False	PASS	5	None	
Lotus_Powersuits_NpcPowersuits_NpcPowersuitAbilities_StalkerGroundSlam.lua_B	True	True	True	True	True	1	PASS	7	7	7	7	None	False	PASS	7	None	
Lotus_Powersuits_NpcPowersuits_NpcPowersuitAbilities_StalkerPushBack.lua_B	True	True	True	False	False	2	PASS	5	5	5	5	PASS	False	PASS	5	PASS	
Lotus_Powersuits_NpcPowersuits_NpcPowersuitAbilities_SuckAbility.lua_B	True	True	True	False	False	2	PASS	8	8	8	8	PASS	False	PASS	8	PASS	
Lotus_Powersuits_NpcPowersuits_NpcPowersuitAbilities_SuperMoaJumpAbility.lua_B	True	True	True	True	True	1	PASS	4	4	4	4	None	False	PASS	4	None	
Lotus_Powersuits_NpcPowersuits_NpcPowersuitAbilities_SwimmingMawChargeAbility.lua_B	True	True	True	False	False	2	PASS	6	6	6	6	PASS	False	PASS	6	PASS	
Lotus_Powersuits_NpcPowersuits_NpcPowersuitAbilities_SwordOfDoomReplicantAbility.lua_B	True	True	True	False	False	2	PASS	29	29	29	29	PASS	False	PASS	29	PASS	
Lotus_Powersuits_NpcPowersuits_NpcPowersuitAbilities_Taser.lua_B	True	True	True	False	False	2	PASS	6	6	6	6	PASS	False	PASS	6	PASS	
Lotus_Powersuits_NpcPowersuits_NpcPowersuitAbilities_Tau_Lustratus_LustratusArcherChargeShotAbility.lua_B	True	True	True	False	False	2	PASS	9	9	9	9	PASS	False	PASS	9	PASS	
Lotus_Powersuits_NpcPowersuits_NpcPowersuitAbilities_Tau_Lustratus_LustratusArcherRainOfArrowsAbility.lua_B	True	True	True	True	True	1	PASS	14	14	14	14	None	False	PASS	14	None	
Lotus_Powersuits_NpcPowersuits_NpcPowersuitAbilities_Tau_Lustratus_LustratusDaxChargeAbility.lua_B	True	True	True	False	False	2	PASS	19	19	19	19	PASS	False	PASS	19	PASS	
Lotus_Powersuits_NpcPowersuits_NpcPowersuitAbilities_Tau_Lustratus_LustratusDaxPlungeAbility.lua_B	True	True	True	False	False	2	PASS	24	24	24	24	PASS	False	PASS	24	PASS	
Lotus_Powersuits_NpcPowersuits_NpcPowersuitAbilities_Tau_Lustratus_LustratusDaxWaveAbility.lua_B	True	True	True	False	False	2	PASS	19	19	19	19	PASS	False	FAIL	18	FAIL	
Lotus_Powersuits_NpcPowersuits_NpcPowersuitAbilities_Tau_OrokinEmpire_DaxMedicAoeWave.lua_B	True	True	True	False	False	2	PASS	3	3	3	3	PASS	False	PASS	3	PASS	
Lotus_Powersuits_NpcPowersuits_NpcPowersuitAbilities_Tau_OrokinEmpire_DaxMedicHealingWave.lua_B	True	True	True	False	False	2	PASS	12	12	12	12	PASS	False	FAIL	11	FAIL	
Lotus_Powersuits_NpcPowersuits_NpcPowersuitAbilities_Tau_OrokinEmpire_DaxMedicShieldDroneAbility.lua_B	True	True	True	False	False	2	PASS	23	23	23	23	PASS	False	FAIL	21	FAIL	
Lotus_Powersuits_NpcPowersuits_NpcPowersuitAbilities_Tau_OrokinEmpire_GrineerTrapperDeployTurretAbility.lua_B	True	True	True	True	True	1	PASS	4	4	4	4	None	False	PASS	4	None	
Lotus_Powersuits_NpcPowersuits_NpcPowersuitAbilities_Tau_OrokinEmpire_GrineerTrapperGrenadeAbility.lua_B	True	True	True	False	False	2	PASS	12	12	12	12	PASS	False	FAIL	11	FAIL	
Lotus_Powersuits_NpcPowersuits_NpcPowersuitAbilities_Tau_OrokinEmpire_GrineerTrapperGrenadeUtility.lua_B	True	True	True	True	True	1	PASS	5	5	5	5	None	False	PASS	5	None	
Lotus_Powersuits_NpcPowersuits_NpcPowersuitAbilities_Tau_OrokinEmpire_GrineerTrapperPassive.lua_B	True	True	True	False	False	2	PASS	3	3	3	3	PASS	False	PASS	3	PASS	
Lotus_Powersuits_NpcPowersuits_NpcPowersuitAbilities_Tau_OrokinEmpire_TauDaxArcherCanisterAbility.lua_B	True	True	True	False	False	2	PASS	9	9	9	9	PASS	False	FAIL	8	FAIL	
Lotus_Powersuits_NpcPowersuits_NpcPowersuitAbilities_Tau_OrokinEmpire_TauDaxHeavyBlockAbility.lua_B	True	True	True	False	False	2	PASS	8	8	8	8	PASS	False	FAIL	7	FAIL	
Lotus_Powersuits_NpcPowersuits_NpcPowersuitAbilities_Tau_OrokinEmpire_TauDaxHeavyStompAbility.lua_B	True	True	True	True	True	1	PASS	4	4	4	4	None	False	PASS	4	None	
Lotus_Powersuits_NpcPowersuits_NpcPowersuitAbilities_Tau_OrokinEmpire_TauDaxNinjaStabAbility.lua_B	True	True	True	False	False	2	PASS	6	6	6	6	PASS	False	PASS	6	PASS	
Lotus_Powersuits_NpcPowersuits_NpcPowersuitAbilities_Tau_OrokinEmpire_TauDaxNinjaTeleportShotAbility.lua_B	True	True	True	False	False	2	PASS	12	12	12	12	PASS	False	PASS	12	PASS	
Lotus_Powersuits_NpcPowersuits_NpcPowersuitAbilities_Tau_OrokinEmpire_TauDaxOrbitalStrike.lua_B	True	True	True	False	False	3	PASS	6	6	6	6	PASS	False	PASS	6	FAIL	
Lotus_Powersuits_NpcPowersuits_NpcPowersuitAbilities_Tau_OrokinEmpire_TauDaxSwordsmanChargeAbility.lua_B	True	True	True	False	False	2	PASS	12	12	12	12	PASS	False	PASS	12	PASS	
Lotus_Powersuits_NpcPowersuits_NpcPowersuitAbilities_Tau_OrokinEmpire_TauDaxSwordsmanPlungeAbility.lua_B	True	True	True	False	False	2	PASS	14	14	14	14	PASS	False	PASS	14	PASS	
Lotus_Powersuits_NpcPowersuits_NpcPowersuitAbilities_Tau_OrokinEmpire_TrapperDroneBeamSweepAbility.lua_B	True	True	True	False	False	2	PASS	4	4	4	4	PASS	False	FAIL	3	FAIL	
Lotus_Powersuits_NpcPowersuits_NpcPowersuitAbilities_Tau_Sentient_BombMarrowtickRocketAbility.lua_B	True	True	True	False	False	2	PASS	6	6	6	6	PASS	False	PASS	6	PASS	
Lotus_Powersuits_NpcPowersuits_NpcPowersuitAbilities_Tau_Sentient_MarrowtickSuicideAbility.lua_B	True	True	True	True	True	1	PASS	6	6	6	6	None	False	PASS	6	None	
Lotus_Powersuits_NpcPowersuits_NpcPowersuitAbilities_Tau_Sentient_SentientAerialLaserAbility.lua_B	True	True	True	False	False	3	PASS	5	5	5	5	PASS	False	FAIL	4	FAIL	
Lotus_Powersuits_NpcPowersuits_NpcPowersuitAbilities_Tau_Sentient_SentientAerialStrikeAbility.lua_B	True	True	True	False	False	2	PASS	11	11	11	11	PASS	False	PASS	11	PASS	
Lotus_Powersuits_NpcPowersuits_NpcPowersuitAbilities_Tau_Sentient_SentientBarrageAbility.lua_B	True	True	True	False	False	2	PASS	11	11	11	11	PASS	False	PASS	11	PASS	
Lotus_Powersuits_NpcPowersuits_NpcPowersuitAbilities_Tau_Sentient_SentientDeathLaserAbility.lua_B	True	True	True	False	False	2	PASS	11	11	11	11	PASS	False	FAIL	10	FAIL	
Lotus_Powersuits_NpcPowersuits_NpcPowersuitAbilities_Tau_Sentient_SentientGiantAbilitiesUtil.lua_B	True	True	True	False	False	2	PASS	6	6	6	6	PASS	False	FAIL	5	FAIL	
Lotus_Powersuits_NpcPowersuits_NpcPowersuitAbilities_Tau_Sentient_SentientGiantLaserAbility.lua_B	True	True	True	False	False	2	PASS	6	6	6	6	PASS	False	PASS	6	PASS	
Lotus_Powersuits_NpcPowersuits_NpcPowersuitAbilities_Tau_Sentient_SentientGiantMarrowtickSpawnAbility.lua_B	True	True	True	False	False	3	PASS	11	11	11	11	PASS	False	PASS	11	PASS	
Lotus_Powersuits_NpcPowersuits_NpcPowersuitAbilities_Tau_Sentient_SentientGiantRepositionAbility.lua_B	True	True	True	False	False	2	PASS	12	12	12	12	PASS	False	PASS	12	PASS	
Lotus_Powersuits_NpcPowersuits_NpcPowersuitAbilities_Tau_Sentient_SentientGiantStompAbility.lua_B	True	True	True	False	False	2	PASS	15	15	15	15	PASS	False	PASS	15	PASS	
Lotus_Powersuits_NpcPowersuits_NpcPowersuitAbilities_Tau_Sentient_SentientGiantSwipeAbility.lua_B	True	True	True	False	False	2	PASS	4	4	4	4	PASS	False	PASS	4	PASS	
Lotus_Powersuits_NpcPowersuits_NpcPowersuitAbilities_Tau_Sentient_SentientHazardChoralystSpawnAbility.lua_B	True	True	True	False	False	2	PASS	6	6	6	6	PASS	False	FAIL	5	FAIL	
Lotus_Powersuits_NpcPowersuits_NpcPowersuitAbilities_Tau_Sentient_SentientHazardDeathSphereLaserAbility.lua_B	True	True	True	False	False	2	PASS	9	9	9	9	PASS	False	PASS	9	PASS	
Lotus_Powersuits_NpcPowersuits_NpcPowersuitAbilities_TeleportFromProjectile.lua_B	True	True	True	True	True	1	PASS	5	5	5	5	None	False	PASS	5	None	
Lotus_Powersuits_NpcPowersuits_NpcPowersuitAbilities_TeshinDiscAbility.lua_B	True	True	True	False	False	2	PASS	12	12	12	12	PASS	False	PASS	12	PASS	
Lotus_Powersuits_NpcPowersuits_NpcPowersuitAbilities_TeshinDiveAbility.lua_B	True	True	True	False	False	2	PASS	5	5	5	5	PASS	False	PASS	5	PASS	
Lotus_Powersuits_NpcPowersuits_NpcPowersuitAbilities_TeshinIceMine.lua_B	True	True	True	False	False	2	PASS	4	4	4	4	PASS	False	PASS	4	PASS	
Lotus_Powersuits_NpcPowersuits_NpcPowersuitAbilities_TeshinPassive.lua_B	True	True	True	True	True	1	PASS	3	3	3	3	None	False	PASS	3	None	
Lotus_Powersuits_NpcPowersuits_NpcPowersuitAbilities_ThumperExcavate.lua_B	True	True	True	False	False	2	PASS	5	5	5	5	PASS	False	PASS	5	PASS	
Lotus_Powersuits_NpcPowersuits_NpcPowersuitAbilities_ThumperJump.lua_B	True	True	True	False	False	2	PASS	5	5	5	5	PASS	False	PASS	5	PASS	
Lotus_Powersuits_NpcPowersuits_NpcPowersuitAbilities_TNWJackalUFOAbility.lua_B	True	True	True	False	False	2	PASS	9	9	9	9	PASS	False	FAIL	8	FAIL	
Lotus_Powersuits_NpcPowersuits_NpcPowersuitAbilities_ToxicEximusFumesAbility.lua_B	True	True	True	False	False	2	PASS	5	5	5	5	PASS	False	PASS	5	PASS	
Lotus_Powersuits_NpcPowersuits_NpcPowersuitAbilities_TwinSpawn.lua_B	True	True	True	True	True	1	PASS	3	3	3	3	None	False	PASS	3	None	
Lotus_Powersuits_NpcPowersuits_NpcPowersuitAbilities_TylRegorFistRockets.lua_B	True	True	True	True	True	1	PASS	5	5	5	5	None	False	PASS	5	None	
Lotus_Powersuits_NpcPowersuits_NpcPowersuitAbilities_VayHekDroneLauncher.lua_B	True	True	True	False	False	2	PASS	3	3	3	3	PASS	False	PASS	3	PASS	
Lotus_Powersuits_NpcPowersuits_NpcPowersuitAbilities_VayHekDroneOrbitalStrike.lua_B	True	True	True	False	False	2	PASS	3	3	3	3	PASS	False	PASS	3	PASS	
Lotus_Powersuits_NpcPowersuits_NpcPowersuitAbilities_VayHekRaidSwoopAbility.lua_B	True	True	True	True	True	1	PASS	4	4	4	4	None	False	PASS	4	None	
Lotus_Powersuits_NpcPowersuits_NpcPowersuitAbilities_VayHekRaidTakeOverAbility.lua_B	True	True	True	False	False	2	PASS	3	3	3	3	PASS	False	PASS	3	PASS	
Lotus_Powersuits_NpcPowersuits_NpcPowersuitAbilities_VayHekRaidZapAbility.lua_B	True	True	True	False	False	2	PASS	3	3	3	3	PASS	False	PASS	3	PASS	
Lotus_Powersuits_NpcPowersuits_NpcPowersuitAbilities_VayHekSwoopAbility.lua_B	True	True	True	False	False	2	PASS	4	4	4	4	PASS	False	PASS	4	PASS	
Lotus_Powersuits_NpcPowersuits_NpcPowersuitAbilities_VayHekTakeOverAbility.lua_B	True	True	True	False	False	2	PASS	3	3	3	3	PASS	False	PASS	3	PASS	
Lotus_Powersuits_NpcPowersuits_NpcPowersuitAbilities_VayHekUberAttack.lua_B	True	True	True	False	False	2	PASS	3	3	3	3	PASS	False	PASS	3	PASS	
Lotus_Powersuits_NpcPowersuits_NpcPowersuitAbilities_VayHekVampireAbility.lua_B	True	True	True	True	True	1	PASS	3	3	3	3	None	False	PASS	3	None	
Lotus_Powersuits_NpcPowersuits_NpcPowersuitAbilities_VayHekZapAbility.lua_B	True	True	True	False	False	2	PASS	3	3	3	3	PASS	False	PASS	3	PASS	
Lotus_Powersuits_NpcPowersuits_NpcPowersuitAbilities_Venus_Bounce.lua_B	True	True	True	True	True	1	PASS	2	2	2	2	None	False	PASS	2	None	
Lotus_Powersuits_NpcPowersuits_NpcPowersuitAbilities_Venus_VenusCommanderTripwireMinesAbility.lua_B	True	True	True	False	False	2	PASS	6	6	6	6	PASS	False	PASS	6	PASS	
Lotus_Powersuits_NpcPowersuits_NpcPowersuitAbilities_Venus_VenusPillarAbility.lua_B	True	True	True	True	True	1	PASS	6	6	6	6	None	False	PASS	6	None	
Lotus_Powersuits_NpcPowersuits_NpcPowersuitAbilities_Venus_VenusShieldDroneBubbleAbility.lua_B	True	True	True	True	True	1	PASS	6	6	6	6	None	False	PASS	6	None	
Lotus_Powersuits_NpcPowersuits_NpcPowersuitAbilities_Venus_VenusThrowBlastAbility.lua_B	True	True	True	False	False	2	PASS	6	6	6	6	PASS	False	PASS	6	PASS	
Lotus_Powersuits_NpcPowersuits_NpcPowersuitAbilities_VenusVipLaserBarrageAbility.lua_B	True	True	True	True	True	1	PASS	6	6	6	6	None	False	PASS	6	None	
Lotus_Powersuits_NpcPowersuits_NpcPowersuitAbilities_VenusVipMortarAbility.lua_B	True	True	True	True	True	1	PASS	4	4	4	4	None	False	PASS	4	None	
Lotus_Powersuits_NpcPowersuits_NpcPowersuitAbilities_VenusVipSpawnSupportAbility.lua_B	True	True	True	True	True	1	PASS	3	3	3	3	None	False	PASS	3	None	
Lotus_Powersuits_NpcPowersuits_NpcPowersuitAbilities_VoidPools.lua_B	True	True	True	False	False	2	PASS	6	6	6	6	PASS	False	PASS	6	PASS	
Lotus_Powersuits_NpcPowersuits_NpcPowersuitAbilities_VorPushBeam.lua_B	True	True	True	False	False	None	PASS	5	5	5	5	None	False	FAIL	4	None	
Lotus_Powersuits_NpcPowersuits_NpcPowersuitAbilities_VorReworkBeamSweep.lua_B	True	True	True	True	True	1	PASS	6	6	6	6	None	False	PASS	6	None	
Lotus_Powersuits_NpcPowersuits_NpcPowersuitAbilities_VorReworkOrbAbility.lua_B	True	True	True	True	True	1	PASS	16	16	16	16	None	False	FAIL	15	None	
Lotus_Powersuits_NpcPowersuits_NpcPowersuitAbilities_VorReworkStrikeAbility.lua_B	True	True	True	False	False	2	PASS	10	10	10	10	PASS	False	PASS	10	PASS	
Lotus_Powersuits_NpcPowersuits_NpcPowersuitAbilities_VorTutorialBeamStrikeAbility.lua_B	True	True	True	True	True	1	PASS	4	4	4	4	None	False	PASS	4	None	
Lotus_Powersuits_NpcPowersuits_NpcPowersuitAbilities_VorTutorialPushBeam.lua_B	True	True	True	False	False	2	PASS	6	6	6	6	PASS	False	FAIL	5	FAIL	
Lotus_Powersuits_NpcPowersuits_NpcPowersuitAbilities_VorTwoBeamStrikeAbility.lua_B	True	True	True	False	False	2	PASS	4	4	4	4	PASS	False	PASS	4	PASS	
Lotus_Powersuits_NpcPowersuits_NpcPowersuitAbilities_VorTwoRadialAbility.lua_B	True	True	True	True	True	1	PASS	3	3	3	3	None	False	PASS	3	None	
Lotus_Powersuits_NpcPowersuits_NpcPowersuitAbilities_WarriorChargeAbility.lua_B	True	True	True	False	False	2	PASS	6	6	6	6	PASS	False	FAIL	5	FAIL	
Lotus_Powersuits_NpcPowersuits_NpcPowersuitAbilities_WeaponPoisonReplicantAbility.lua_B	True	True	True	False	False	2	PASS	12	12	12	12	PASS	False	PASS	12	PASS	
Lotus_Powersuits_NpcPowersuits_NpcPowersuitAbilities_WeaponThrow.lua_B	True	True	True	True	True	1	PASS	4	4	4	4	None	False	PASS	4	None	
Lotus_Powersuits_NpcPowersuits_NpcPowersuitAbilities_WeaveMutalistJumpSmashAbility.lua_B	True	True	True	False	False	2	PASS	5	5	5	5	PASS	False	PASS	5	PASS	
Lotus_Powersuits_NpcPowersuits_NpcPowersuitAbilities_WeaveMutalistSpikeAbility.lua_B	True	True	True	False	False	2	PASS	9	9	9	9	PASS	False	FAIL	8	FAIL	
Lotus_Powersuits_NpcPowersuits_NpcPowersuitAbilities_WellOfLifeReplicantAbility.lua_B	True	True	True	False	False	2	PASS	15	15	15	15	PASS	False	FAIL	14	FAIL	
Lotus_Powersuits_NpcPowersuits_NpcPowersuitAbilities_WF1999Abilities_InfestedAncientFlailAbility.lua_B	True	True	True	True	True	1	PASS	6	6	6	6	None	False	PASS	6	None	
Lotus_Powersuits_NpcPowersuits_NpcPowersuitAbilities_WF1999Abilities_InfestedAncientMidRangeSlapAbility.lua_B	True	True	True	True	True	1	PASS	5	5	5	5	None	False	PASS	5	None	
Lotus_Powersuits_NpcPowersuits_NpcPowersuitAbilities_WF1999Abilities_InfestedAncientTankHealAbility.lua_B	True	True	True	False	False	2	PASS	6	6	6	6	PASS	False	PASS	6	PASS	
Lotus_Powersuits_NpcPowersuits_NpcPowersuitAbilities_WF1999Abilities_InfestedBabauRollingRotAbility.lua_B	True	True	True	False	False	2	PASS	13	13	13	13	PASS	False	PASS	13	PASS	
Lotus_Powersuits_NpcPowersuits_NpcPowersuitAbilities_WF1999Abilities_InfestedBabauTentacleFlailAbility.lua_B	True	True	True	True	True	1	PASS	6	6	6	6	None	False	PASS	6	None	
Lotus_Powersuits_NpcPowersuits_NpcPowersuitAbilities_WF1999Abilities_InfestedBabauUndergroundAttackAbility.lua_B	True	True	True	True	True	1	PASS	6	6	6	6	None	False	PASS	6	None	
Lotus_Powersuits_NpcPowersuits_NpcPowersuitAbilities_WF1999Abilities_InfestedBabauVampirePassiveAbility.lua_B	True	True	True	False	False	2	PASS	10	10	10	10	PASS	False	PASS	10	PASS	
Lotus_Powersuits_NpcPowersuits_NpcPowersuitAbilities_WF1999Abilities_InfestedCaptureAbilities_CaptureMutationCloakAbility.lua_B	True	True	True	True	True	1	PASS	4	4	4	4	None	False	PASS	4	None	
Lotus_Powersuits_NpcPowersuits_NpcPowersuitAbilities_WF1999Abilities_InfestedCaptureAbilities_InfestedCaptureDisks.lua_B	True	True	True	False	False	2	PASS	17	17	17	17	PASS	False	PASS	17	PASS	
Lotus_Powersuits_NpcPowersuits_NpcPowersuitAbilities_WF1999Abilities_InfestedHoverBombardAbility.lua_B	True	True	True	True	True	1	PASS	8	8	8	8	None	False	PASS	8	None	
Lotus_Powersuits_NpcPowersuits_NpcPowersuitAbilities_WF1999Abilities_InfestedPartyZoneAbility.lua_B	True	True	True	False	False	2	PASS	11	11	11	11	PASS	False	FAIL	10	FAIL	
Lotus_Powersuits_NpcPowersuits_NpcPowersuitAbilities_WF1999Abilities_InfestedUndazoaBlinkOutAbility.lua_B	True	True	True	False	False	2	PASS	5	5	5	5	PASS	False	PASS	5	PASS	
Lotus_Powersuits_NpcPowersuits_NpcPowersuitAbilities_WF1999Abilities_InfestedVolatileRocketAbility.lua_B	True	True	True	True	True	1	PASS	9	9	9	9	None	False	PASS	9	None	
Lotus_Powersuits_NpcPowersuits_NpcPowersuitAbilities_WF1999Abilities_LasrianButcherDashShoesAbility.lua_B	True	True	True	False	False	2	PASS	5	5	5	5	PASS	False	PASS	5	PASS	
Lotus_Powersuits_NpcPowersuits_NpcPowersuitAbilities_WF1999Abilities_LasrianChemNoxPassive.lua_B	True	True	True	False	False	2	PASS	6	6	6	6	PASS	False	PASS	6	PASS	
Lotus_Powersuits_NpcPowersuits_NpcPowersuitAbilities_WF1999Abilities_LasrianDeployMedstationAbility.lua_B	True	True	True	False	False	2	PASS	6	6	6	6	PASS	False	FAIL	5	FAIL	
Lotus_Powersuits_NpcPowersuits_NpcPowersuitAbilities_WF1999Abilities_LasrianGoonadeUtility.lua_B	True	True	True	False	False	2	PASS	6	6	6	6	PASS	False	PASS	6	PASS	
Lotus_Powersuits_NpcPowersuits_NpcPowersuitAbilities_WF1999Abilities_LasrianGoonadierGrenadeAbility.lua_B	True	True	True	False	False	4	PASS	12	12	12	12	PASS	False	FAIL	10	FAIL	
Lotus_Powersuits_NpcPowersuits_NpcPowersuitAbilities_WF1999Abilities_LasrianShieldLancerPistolAltFireAbility.lua_B	True	True	True	True	True	1	PASS	4	4	4	4	None	False	PASS	4	None	
Lotus_Powersuits_NpcPowersuits_NpcPowersuitAbilities_WF1999Abilities_LasrianTankAirBurstAbility.lua_B	True	True	True	False	False	2	PASS	17	17	17	17	PASS	False	FAIL	14	FAIL	
Lotus_Powersuits_NpcPowersuits_NpcPowersuitAbilities_WF1999Abilities_LasrianTankCannonSweepAbility.lua_B	True	True	True	False	False	2	PASS	9	9	9	9	PASS	False	PASS	9	PASS	
Lotus_Powersuits_NpcPowersuits_NpcPowersuitAbilities_WF1999Abilities_LasrianTankEfervonSprayAbility.lua_B	True	True	True	False	False	2	PASS	14	14	14	14	PASS	False	FAIL	13	FAIL	
Lotus_Powersuits_NpcPowersuits_NpcPowersuitAbilities_WF1999Abilities_LasrianTankInfestedCannonAbility.lua_B	True	True	True	True	True	1	PASS	6	6	6	6	None	False	PASS	6	None	
Lotus_Powersuits_NpcPowersuits_NpcPowersuitAbilities_WF1999Abilities_LasrianTankInfestedMissileBarrage.lua_B	True	True	True	False	False	2	PASS	11	11	11	11	PASS	False	FAIL	10	FAIL	
Lotus_Powersuits_NpcPowersuits_NpcPowersuitAbilities_WF1999Abilities_LasrianTankInfestedSpikesAbility.lua_B	True	True	True	False	False	2	PASS	8	8	8	8	PASS	False	FAIL	7	FAIL	
Lotus_Powersuits_NpcPowersuits_NpcPowersuitAbilities_WF1999Abilities_LasrianTankInfestedStompAbility.lua_B	True	True	True	False	False	2	PASS	7	7	7	7	PASS	False	PASS	7	PASS	
Lotus_Powersuits_NpcPowersuits_NpcPowersuitAbilities_WF1999Abilities_LasrianTankInfestedSwipeAbility.lua_B	True	True	True	False	False	2	PASS	8	8	8	8	PASS	False	PASS	8	PASS	
Lotus_Powersuits_NpcPowersuits_NpcPowersuitAbilities_WF1999Abilities_LasrianTankJumpAbility.lua_B	True	True	True	False	False	2	PASS	13	13	13	13	PASS	False	FAIL	12	FAIL	
Lotus_Powersuits_NpcPowersuits_NpcPowersuitAbilities_WF1999Abilities_LasrianTankPanicMissileAbility.lua_B	True	True	True	False	False	2	PASS	10	10	10	10	PASS	False	PASS	10	PASS	
Lotus_Powersuits_NpcPowersuits_NpcPowersuitAbilities_WF1999Abilities_LasrianTankRamAbility.lua_B	True	True	True	False	False	2	PASS	9	9	9	9	PASS	False	PASS	9	PASS	
Lotus_Powersuits_NpcPowersuits_NpcPowersuitAbilities_WolfAmalgamAxeSpikeAbility.lua_B	True	True	True	True	True	1	PASS	5	5	5	5	None	False	PASS	5	None	
Lotus_Powersuits_NpcPowersuits_NpcPowersuitAbilities_WolfHammerThrow.lua_B	True	True	True	False	False	2	PASS	4	4	4	4	PASS	False	PASS	4	PASS	
Lotus_Powersuits_NpcPowersuits_NpcPowersuitAbilities_WolfSpinAbility.lua_B	True	True	True	False	False	2	PASS	4	4	4	4	PASS	False	FAIL	3	FAIL	
Lotus_Powersuits_NpcPowersuits_NpcPowersuitAbilities_WorldOnFireReplicantAbility.lua_B	True	True	True	False	False	2	PASS	19	19	19	19	PASS	False	PASS	19	PASS	
Lotus_Powersuits_NpcPowersuits_NpcPowersuitAbilities_WormHoleReplicantAbility.lua_B	True	True	True	False	False	2	PASS	19	19	19	19	PASS	False	FAIL	16	FAIL	
Lotus_Powersuits_NpcPowersuits_NpcPowersuitAbilities_YinYangAuraReplicantAbility.lua_B	True	True	True	False	False	2	PASS	12	12	12	12	PASS	False	PASS	12	PASS	
Lotus_Powersuits_NpcPowersuits_NpcPowersuitAbilities_YinYangBurstReplicantAbility.lua_B	True	True	True	False	False	2	PASS	15	15	15	15	PASS	False	FAIL	14	FAIL	
Lotus_Powersuits_NpcPowersuits_NpcPowersuitAbilities_YinYangSwitchReplicantAbility.lua_B	True	True	True	False	False	2	PASS	16	16	16	16	PASS	False	PASS	16	PASS	
Lotus_Powersuits_NpcPowersuits_NpcPowersuitAbilities_YinYangTargetReplicantAbility.lua_B	True	True	True	False	False	2	PASS	24	24	24	24	PASS	False	FAIL	23	FAIL	
Lotus_Powersuits_NpcPowersuits_NpcPowersuitAbilities_Zariman_DuviriMeleeTeleport.lua_B	True	True	True	False	False	2	PASS	14	14	14	14	PASS	False	PASS	14	PASS	
Lotus_Powersuits_NpcPowersuits_NpcPowersuitAbilities_Zariman_DuviriRifleTelportAbility.lua_B	True	True	True	False	False	2	PASS	12	12	12	12	PASS	False	PASS	12	PASS	
Lotus_Powersuits_NpcPowersuits_NpcPowersuitAbilities_Zariman_VoidAngelArmageddonChannel.lua_B	True	True	True	False	False	2	PASS	4	4	4	4	PASS	False	PASS	4	PASS	
Lotus_Powersuits_NpcPowersuits_NpcPowersuitAbilities_Zariman_VoidAngelAura.lua_B	True	True	True	True	True	1	PASS	2	2	2	2	None	False	PASS	2	None	
Lotus_Powersuits_NpcPowersuits_NpcPowersuitAbilities_Zariman_VoidAngelBeaconAbility.lua_B	True	True	True	True	True	1	PASS	9	9	9	9	None	False	PASS	9	None	
Lotus_Powersuits_NpcPowersuits_NpcPowersuitAbilities_Zariman_VoidAngelBeamSweepAbility.lua_B	True	True	True	False	False	2	PASS	9	9	9	9	PASS	False	PASS	9	PASS	
Lotus_Powersuits_NpcPowersuits_NpcPowersuitAbilities_Zariman_VoidAngelBulletOrbAbility.lua_B	True	True	True	False	False	2	PASS	7	7	7	7	PASS	False	PASS	7	PASS	
Lotus_Powersuits_NpcPowersuits_NpcPowersuitAbilities_Zariman_VoidAngelCorruptionAbility.lua_B	True	True	True	False	False	2	PASS	11	11	11	11	PASS	False	FAIL	10	FAIL	
Lotus_Powersuits_NpcPowersuits_NpcPowersuitAbilities_Zariman_VoidAngelGroundSpike.lua_B	True	True	True	False	False	3	PASS	9	9	9	9	PASS	False	FAIL	8	FAIL	
Lotus_Powersuits_NpcPowersuits_NpcPowersuitAbilities_Zariman_VoidAngelTeleportAbility.lua_B	True	True	True	False	False	2	PASS	4	4	4	4	PASS	False	PASS	4	PASS	
Lotus_Powersuits_NpcPowersuits_NpcPowersuitAbilities_Zariman_VoidAngelWingClipAbility.lua_B	True	True	True	False	False	2	PASS	9	9	9	9	PASS	False	FAIL	8	FAIL	
Lotus_Powersuits_Odalisk_Abilities_OdaliskAnchor.lua_B	True	True	True	False	False	2	PASS	25	25	25	25	PASS	False	FAIL	23	FAIL	
Lotus_Powersuits_Odalisk_Abilities_OdaliskBFG.lua_B	True	True	True	False	False	2	PASS	27	27	27	27	PASS	False	PASS	27	PASS	
Lotus_Powersuits_Odalisk_Abilities_OdaliskDispensary.lua_B	True	True	True	False	False	2	PASS	18	18	18	18	PASS	False	PASS	18	PASS	
Lotus_Powersuits_Odalisk_Abilities_OdaliskFan.lua_B	True	True	True	False	False	3	PASS	35	35	35	35	PASS	False	PASS	35	PASS	
Lotus_Powersuits_Odalisk_OdaliskDispensaryAugmentPickUp.lua_B	True	True	True	True	True	1	PASS	4	4	4	4	None	False	PASS	4	None	
Lotus_Powersuits_Odalisk_OdaliskPassive.lua_B	True	True	True	False	False	2	PASS	9	9	9	9	PASS	False	PASS	9	PASS	
Lotus_Powersuits_Operator_OperatorFitment.lua_B	True	True	True	False	False	2	PASS	13	13	13	13	PASS	False	PASS	13	PASS	
Lotus_Powersuits_Operator_OperatorLib.lua_B	True	True	True	False	False	2	PASS	61	61	61	61	PASS	False	PASS	61	PASS	
Lotus_Powersuits_Operator_Ward_ArmourMotePickup.lua_B	True	True	True	True	True	1	PASS	3	3	3	3	None	False	PASS	3	None	
Lotus_Powersuits_Oraxia_Abilities_OraxiaClimb.lua_B	True	True	True	False	False	2	PASS	41	41	41	41	PASS	False	PASS	41	FAIL	
Lotus_Powersuits_Oraxia_Abilities_OraxiaEntangle.lua_B	True	True	True	False	False	2	PASS	21	21	21	21	PASS	False	PASS	21	PASS	
Lotus_Powersuits_Oraxia_Abilities_OraxiaLunge.lua_B	True	True	True	False	False	2	PASS	20	20	20	20	PASS	False	PASS	20	PASS	
Lotus_Powersuits_Oraxia_Abilities_OraxiaSpiders.lua_B	True	True	True	False	False	2	PASS	31	31	31	31	PASS	False	PASS	31	PASS	
Lotus_Powersuits_Oraxia_OraxiaPassive.lua_B	True	True	True	False	False	2	PASS	8	8	8	8	PASS	False	PASS	8	PASS	
Lotus_Powersuits_Pacifist_Abilities_PacifistDisarm.lua_B	True	True	True	False	False	2	PASS	11	11	11	11	PASS	False	FAIL	9	FAIL	
Lotus_Powersuits_Pacifist_Abilities_PacifistDodge.lua_B	True	True	True	False	False	2	PASS	17	17	17	17	PASS	False	PASS	17	PASS	
Lotus_Powersuits_Pacifist_Abilities_PacifistFist.lua_B	True	True	True	False	False	3	PASS	37	37	37	37	PASS	False	PASS	37	PASS	
Lotus_Powersuits_Pacifist_Abilities_PacifistWave.lua_B	True	True	True	False	False	3	PASS	18	18	18	18	PASS	False	FAIL	17	FAIL	
Lotus_Powersuits_Pacifist_PacifistPassive.lua_B	True	True	True	False	False	2	PASS	7	7	7	7	PASS	False	PASS	7	PASS	
Lotus_Powersuits_Pagemaster_Abilities_PagemasterBook.lua_B	True	True	True	False	False	2	PASS	34	34	34	34	PASS	False	PASS	34	PASS	
Lotus_Powersuits_Pagemaster_Abilities_PagemasterDeath.lua_B	True	True	True	False	False	2	PASS	11	11	11	11	PASS	False	PASS	11	PASS	
Lotus_Powersuits_Pagemaster_Abilities_PagemasterFinalChapter.lua_B	True	True	True	False	False	2	PASS	35	35	35	35	PASS	False	PASS	35	PASS	
Lotus_Powersuits_Pagemaster_Abilities_PagemasterLife.lua_B	True	True	True	False	False	2	PASS	12	12	12	12	PASS	False	PASS	12	PASS	
Lotus_Powersuits_Pagemaster_PagemasterPassive.lua_B	True	True	True	True	True	1	PASS	9	9	9	9	None	False	PASS	9	None	
Lotus_Powersuits_Paladin_Abilities_Reckoning.lua_B	True	True	True	False	False	2	PASS	29	29	29	29	PASS	False	FAIL	27	FAIL	
Lotus_Powersuits_Paladin_Abilities_Regeneration.lua_B	True	True	True	False	False	2	PASS	23	23	23	23	PASS	False	PASS	23	PASS	
Lotus_Powersuits_Paladin_Abilities_Smite.lua_B	True	True	True	False	False	2	PASS	20	20	20	20	PASS	False	PASS	20	PASS	
Lotus_Powersuits_Paladin_Abilities_StairwayToHeaven.lua_B	True	True	True	False	False	2	PASS	18	18	18	18	PASS	False	FAIL	17	FAIL	
Lotus_Powersuits_Paladin_PaladinPassive.lua_B	True	True	True	False	False	2	PASS	10	10	10	10	PASS	False	PASS	10	FAIL	
Lotus_Powersuits_PaxDuviricus_Abilities_PaxBlades.lua_B	True	True	True	False	False	2	PASS	27	27	27	27	PASS	False	FAIL	26	FAIL	
Lotus_Powersuits_PaxDuviricus_Abilities_PaxField.lua_B	True	True	True	False	False	2	PASS	16	16	16	16	PASS	False	PASS	16	PASS	
Lotus_Powersuits_PaxDuviricus_Abilities_PaxLink.lua_B	True	True	True	False	False	2	PASS	14	14	14	14	PASS	False	PASS	14	PASS	
Lotus_Powersuits_PaxDuviricus_Abilities_PaxTeleport.lua_B	True	True	True	False	False	2	PASS	19	19	19	19	PASS	False	FAIL	18	FAIL	
Lotus_Powersuits_PaxDuviricus_PaxPassive.lua_B	True	True	True	True	True	1	PASS	4	4	4	4	None	False	PASS	4	None	
Lotus_Powersuits_Pirate_Abilities_CannonBarrage.lua_B	True	True	True	False	False	2	PASS	19	19	19	19	PASS	False	FAIL	18	FAIL	
Lotus_Powersuits_Pirate_Abilities_Kraken.lua_B	True	True	True	False	False	2	PASS	21	21	21	21	PASS	False	FAIL	19	FAIL	
Lotus_Powersuits_Pirate_Abilities_PirateArmour.lua_B	True	True	True	False	False	2	PASS	12	12	12	12	PASS	False	PASS	12	PASS	
Lotus_Powersuits_Pirate_Abilities_TidalWaveNew.lua_B	True	True	True	False	False	2	PASS	20	20	20	20	PASS	False	FAIL	18	FAIL	
Lotus_Powersuits_Pirate_PiratePassive.lua_B	True	True	True	True	True	1	PASS	6	6	6	6	None	False	PASS	6	None	
Lotus_Powersuits_PowersuitAbilities_AbilityAuraLib.lua_B	True	True	True	False	False	2	PASS	23	23	23	23	PASS	False	FAIL	22	FAIL	
Lotus_Powersuits_PowersuitAbilities_ArloZealotRaiseTheDead.lua_B	True	True	True	True	True	1	PASS	6	6	6	6	None	False	PASS	6	None	
Lotus_Powersuits_PowersuitAbilities_AttackChargeAbility.lua_B	True	True	True	False	False	2	PASS	7	7	7	7	PASS	False	PASS	7	PASS	
Lotus_Powersuits_PowersuitAbilities_AWGrappleHookPower.lua_B	True	True	True	False	False	2	PASS	19	19	19	19	PASS	False	FAIL	18	FAIL	
Lotus_Powersuits_PowersuitAbilities_BlastSlowAbility.lua_B	True	True	True	False	False	2	PASS	9	9	9	9	PASS	False	PASS	9	PASS	
Lotus_Powersuits_PowersuitAbilities_BrawlerPunch.lua_B	True	True	True	False	False	2	PASS	28	28	28	28	PASS	False	FAIL	27	FAIL	
Lotus_Powersuits_PowersuitAbilities_CatenachChainAbility.lua_B	True	True	True	False	False	2	PASS	17	17	17	17	PASS	False	PASS	17	PASS	
Lotus_Powersuits_PowersuitAbilities_DiveBomb.lua_B	True	True	True	False	False	2	PASS	10	10	10	10	PASS	False	PASS	10	PASS	
Lotus_Powersuits_PowersuitAbilities_DrenchTwoAbility.lua_B	True	True	True	False	False	2	PASS	16	16	16	16	PASS	False	PASS	16	PASS	
Lotus_Powersuits_PowersuitAbilities_DropRepeater.lua_B	True	True	True	False	False	2	PASS	10	10	10	10	PASS	False	FAIL	9	FAIL	
Lotus_Powersuits_PowersuitAbilities_EnergyField.lua_B	True	True	True	False	False	2	PASS	17	17	17	17	PASS	False	PASS	17	PASS	
Lotus_Powersuits_PowersuitAbilities_FreeAbilityCasts.lua_B	True	True	True	False	False	2	PASS	6	6	6	6	PASS	False	PASS	6	PASS	
Lotus_Powersuits_PowersuitAbilities_GulphagorLatchAbility.lua_B	True	True	True	False	False	2	PASS	11	11	11	11	PASS	False	PASS	11	PASS	
Lotus_Powersuits_PowersuitAbilities_HelminthCompanion.lua_B	True	True	True	False	False	2	PASS	6	6	6	6	PASS	False	PASS	6	PASS	
Lotus_Powersuits_PowersuitAbilities_HelminthEfficiency.lua_B	True	True	True	False	False	2	PASS	6	6	6	6	PASS	False	PASS	6	PASS	
Lotus_Powersuits_PowersuitAbilities_HelminthEnergyShare.lua_B	True	True	True	False	False	2	PASS	9	9	9	9	PASS	False	PASS	9	PASS	
Lotus_Powersuits_PowersuitAbilities_HelminthHack.lua_B	True	True	True	False	False	2	PASS	5	5	5	5	PASS	False	PASS	5	PASS	
Lotus_Powersuits_PowersuitAbilities_HelminthMaxStatus.lua_B	True	True	True	False	False	2	PASS	8	8	8	8	PASS	False	PASS	8	PASS	
Lotus_Powersuits_PowersuitAbilities_HelminthProcBlock.lua_B	True	True	True	False	False	2	PASS	12	12	12	12	PASS	False	PASS	12	PASS	
Lotus_Powersuits_PowersuitAbilities_HelminthShieldArmor.lua_B	True	True	True	False	False	2	PASS	8	8	8	8	PASS	False	PASS	8	PASS	
Lotus_Powersuits_PowersuitAbilities_HelminthShields.lua_B	True	True	True	False	False	2	PASS	5	5	5	5	PASS	False	PASS	5	PASS	
Lotus_Powersuits_PowersuitAbilities_HelminthSpeed.lua_B	True	True	True	False	False	2	PASS	6	6	6	6	PASS	False	PASS	6	PASS	
Lotus_Powersuits_PowersuitAbilities_HelminthStatus.lua_B	True	True	True	False	False	2	PASS	6	6	6	6	PASS	False	PASS	6	PASS	
Lotus_Powersuits_PowersuitAbilities_HelminthStrength.lua_B	True	True	True	False	False	2	PASS	6	6	6	6	PASS	False	PASS	6	PASS	
Lotus_Powersuits_PowersuitAbilities_HelminthStun.lua_B	True	True	True	False	False	2	PASS	9	9	9	9	PASS	False	PASS	9	PASS	
Lotus_Powersuits_PowersuitAbilities_HelminthTreasure.lua_B	True	True	True	False	False	2	PASS	12	12	12	12	PASS	False	PASS	12	PASS	
Lotus_Powersuits_PowersuitAbilities_LaunchAdmiralTurret.lua_B	True	True	True	True	True	1	PASS	4	4	4	4	None	False	PASS	4	None	
Lotus_Powersuits_PowersuitAbilities_LaunchFabricator.lua_B	True	True	True	True	True	1	PASS	3	3	3	3	None	False	PASS	3	None	
Lotus_Powersuits_PowersuitAbilities_Liquify.lua_B	True	True	True	False	False	2	PASS	26	26	26	26	PASS	False	FAIL	23	FAIL	
Lotus_Powersuits_PowersuitAbilities_MagneticField.lua_B	True	True	True	False	False	2	PASS	12	12	12	12	PASS	False	PASS	12	PASS	
Lotus_Powersuits_PowersuitAbilities_MolecularPrimeDissolve.lua_B	True	True	True	False	False	2	PASS	4	4	4	4	PASS	False	PASS	4	PASS	
Lotus_Powersuits_PowersuitAbilities_NarmerMaskAbility.lua_B	True	True	True	False	False	2	PASS	5	5	5	5	PASS	False	PASS	5	PASS	
Lotus_Powersuits_PowersuitAbilities_NiraWhipHook.lua_B	True	True	True	False	False	4	PASS	9	9	9	9	PASS	False	FAIL	8	FAIL	
Lotus_Powersuits_PowersuitAbilities_OperatorAttackUltimateAbility.lua_B	True	True	True	False	False	2	PASS	22	22	22	22	PASS	False	PASS	22	PASS	
Lotus_Powersuits_PowersuitAbilities_OperatorDefenseShield.lua_B	True	True	True	False	False	2	PASS	6	6	6	6	PASS	False	PASS	6	PASS	
Lotus_Powersuits_PowersuitAbilities_OperatorDefenseUltimateAbility.lua_B	True	True	True	False	False	2	PASS	15	15	15	15	PASS	False	PASS	15	PASS	
Lotus_Powersuits_PowersuitAbilities_OperatorDisarmingProjection.lua_B	True	True	True	False	False	2	PASS	5	5	5	5	PASS	False	PASS	5	PASS	
Lotus_Powersuits_PowersuitAbilities_OperatorFocus.lua_B	True	True	True	False	False	2	PASS	9	9	9	9	PASS	False	PASS	9	PASS	
Lotus_Powersuits_PowersuitAbilities_OperatorGhostWave.lua_B	True	True	True	False	False	2	PASS	12	12	12	12	PASS	False	PASS	12	PASS	
Lotus_Powersuits_PowersuitAbilities_OperatorLiftWave.lua_B	True	True	True	False	False	2	PASS	13	13	13	13	PASS	False	PASS	13	PASS	
Lotus_Powersuits_PowersuitAbilities_OperatorPowerUltimateAbility.lua_B	True	True	True	False	False	2	PASS	28	28	28	28	PASS	False	FAIL	27	FAIL	
Lotus_Powersuits_PowersuitAbilities_OperatorProjectionExecution.lua_B	True	True	True	False	False	2	PASS	9	9	9	9	PASS	False	PASS	9	PASS	
Lotus_Powersuits_PowersuitAbilities_OperatorSonicVortex.lua_B	True	True	True	False	False	2	PASS	12	12	12	12	PASS	False	PASS	12	PASS	
Lotus_Powersuits_PowersuitAbilities_OperatorSunderingDissipation.lua_B	True	True	True	False	False	2	PASS	14	14	14	14	PASS	False	PASS	14	PASS	
Lotus_Powersuits_PowersuitAbilities_OperatorTacticUltimateAbility.lua_B	True	True	True	False	False	2	PASS	19	19	19	19	PASS	False	PASS	19	PASS	
Lotus_Powersuits_PowersuitAbilities_OperatorTransference.lua_B	True	True	True	False	False	2	PASS	66	66	66	66	PASS	False	FAIL	61	FAIL	
Lotus_Powersuits_PowersuitAbilities_OperatorWardUltimateAbility.lua_B	True	True	True	False	False	2	PASS	29	29	29	29	PASS	False	PASS	29	PASS	
Lotus_Powersuits_PowersuitAbilities_ProjLauncher.lua_B	True	True	True	False	False	2	PASS	30	30	30	30	PASS	False	PASS	30	PASS	
Lotus_Powersuits_PowersuitAbilities_PVPLib.lua_B	True	True	True	False	False	2	PASS	18	18	18	18	PASS	False	PASS	18	PASS	
Lotus_Powersuits_PowersuitAbilities_RadialBlastAbility.lua_B	True	True	True	False	False	2	PASS	4	4	4	4	PASS	False	PASS	4	PASS	
Lotus_Powersuits_PowersuitAbilities_SlashDashAbility.lua_B	True	True	True	False	False	2	PASS	11	11	11	11	PASS	False	PASS	11	PASS	
Lotus_Powersuits_PowersuitAbilities_SuperJumpAbility.lua_B	True	True	True	False	False	2	PASS	7	7	7	7	PASS	False	PASS	7	PASS	
Lotus_Powersuits_PowersuitAbilities_TauntTriggerLogic.lua_B	True	True	True	True	True	1	PASS	4	4	4	4	None	False	PASS	4	None	
Lotus_Powersuits_PowersuitAbilities_TeamInvisibilityAbility.lua_B	True	True	True	False	False	2	PASS	5	5	5	5	PASS	False	PASS	5	PASS	
Lotus_Powersuits_PowersuitAbilities_TrapperStrike.lua_B	True	True	True	False	False	2	PASS	13	13	13	13	PASS	False	PASS	13	PASS	
Lotus_Powersuits_PowersuitAbilities_Vortex.lua_B	True	True	True	False	False	2	PASS	10	10	10	10	PASS	False	FAIL	9	FAIL	
Lotus_Powersuits_PowersuitAbilities_VythelasRuneAbility.lua_B	True	True	True	True	True	1	PASS	19	19	19	19	None	False	FAIL	18	None	
Lotus_Powersuits_PowersuitAbilities_WeaveMutalistRadialBlindAbility.lua_B	True	True	True	False	False	2	PASS	5	5	5	5	PASS	False	PASS	5	PASS	
Lotus_Powersuits_PowersuitAbilities_WorldOnFire.lua_B	True	True	True	False	False	2	PASS	20	20	20	20	PASS	False	PASS	20	PASS	
Lotus_Powersuits_Priest_Abilities_PriestCondemn.lua_B	True	True	True	False	False	2	PASS	17	17	17	17	PASS	False	FAIL	15	FAIL	
Lotus_Powersuits_Priest_Abilities_PriestPact.lua_B	True	True	True	False	False	2	PASS	22	22	22	22	PASS	False	FAIL	21	FAIL	
Lotus_Powersuits_Priest_Abilities_PriestPenance.lua_B	True	True	True	False	False	2	PASS	16	16	16	16	PASS	False	PASS	16	PASS	
Lotus_Powersuits_Priest_Abilities_PriestRavage.lua_B	True	True	True	False	False	2	PASS	21	21	21	21	PASS	False	FAIL	20	FAIL	
Lotus_Powersuits_Priest_PriestPassive.lua_B	True	True	True	False	False	2	PASS	12	12	12	12	PASS	False	PASS	12	PASS	
Lotus_Powersuits_Ranger_Abilities_RangerBow.lua_B	True	True	True	False	False	2	PASS	26	26	26	26	PASS	False	PASS	26	PASS	
Lotus_Powersuits_Ranger_Abilities_RangerControl.lua_B	True	True	True	False	False	None	PASS	22	22	22	22	None	False	FAIL	21	None	
Lotus_Powersuits_Ranger_Abilities_RangerQuiver.lua_B	True	True	True	False	False	2	PASS	43	43	43	43	PASS	False	FAIL	41	FAIL	
Lotus_Powersuits_Ranger_Abilities_RangerSteal.lua_B	True	True	True	False	False	2	PASS	25	25	25	25	PASS	False	FAIL	24	FAIL	
Lotus_Powersuits_Ranger_RangerPassive.lua_B	True	True	True	True	True	1	PASS	4	4	4	4	None	False	PASS	4	None	
Lotus_Powersuits_Revenant_Abilities_RevenantAffliction.lua_B	True	True	True	False	False	2	PASS	17	17	17	17	PASS	False	PASS	17	PASS	
Lotus_Powersuits_Revenant_Abilities_RevenantMark.lua_B	True	True	True	False	False	2	PASS	26	26	26	26	PASS	False	FAIL	25	FAIL	
Lotus_Powersuits_Revenant_Abilities_RevenantReborn.lua_B	True	True	True	False	False	2	PASS	14	14	14	14	PASS	False	FAIL	13	FAIL	
Lotus_Powersuits_Revenant_Abilities_RevenantSentient.lua_B	True	True	True	False	False	2	PASS	19	19	19	19	PASS	False	PASS	19	PASS	
Lotus_Powersuits_Revenant_RevenantPassive.lua_B	True	True	True	False	False	2	PASS	5	5	5	5	PASS	False	PASS	5	PASS	
Lotus_Powersuits_Rhino_Abilities_IronSkin.lua_B	True	True	True	False	False	2	PASS	16	16	16	16	PASS	False	PASS	16	PASS	
Lotus_Powersuits_Rhino_Abilities_RhinoChargeAbility.lua_B	True	True	True	False	False	2	PASS	20	20	20	20	PASS	False	FAIL	18	FAIL	
Lotus_Powersuits_Rhino_Abilities_RhinoDamageRoar.lua_B	True	True	True	False	False	2	PASS	13	13	13	13	PASS	False	PASS	13	PASS	
Lotus_Powersuits_Rhino_Abilities_RhinoStompAbility.lua_B	True	True	True	False	False	2	PASS	16	16	16	16	PASS	False	PASS	16	PASS	
Lotus_Powersuits_Rhino_RhinoPassive.lua_B	True	True	True	False	True	2	PASS	5	5	5	5	PASS	False	PASS	5	PASS	
Lotus_Powersuits_Runner_Abilities_RunnerPlating.lua_B	True	True	True	False	False	2	PASS	13	13	13	13	PASS	False	FAIL	11	FAIL	
Lotus_Powersuits_Runner_Abilities_RunnerRedline.lua_B	True	True	True	False	False	2	PASS	14	14	14	14	PASS	False	PASS	14	PASS	
Lotus_Powersuits_Runner_Abilities_RunnerRush.lua_B	True	True	True	False	False	2	PASS	18	18	18	18	PASS	False	FAIL	17	FAIL	
Lotus_Powersuits_Runner_Abilities_RunnerTransfer.lua_B	True	True	True	False	False	2	PASS	24	24	24	24	PASS	False	FAIL	23	FAIL	
Lotus_Powersuits_Runner_RunnerPassive.lua_B	True	True	True	False	False	2	PASS	17	17	17	17	PASS	False	FAIL	16	FAIL	
Lotus_Powersuits_Sandman_Abilities_SandmanArmor.lua_B	True	True	True	False	False	2	PASS	32	32	32	32	PASS	False	FAIL	31	FAIL	
Lotus_Powersuits_Sandman_Abilities_SandmanBlast.lua_B	True	True	True	False	False	2	PASS	18	18	18	18	PASS	False	PASS	18	PASS	
Lotus_Powersuits_Sandman_Abilities_SandmanDevour.lua_B	True	True	True	False	False	2	PASS	35	35	35	35	PASS	False	FAIL	32	FAIL	
Lotus_Powersuits_Sandman_Abilities_SandmanStorm.lua_B	True	True	True	False	False	2	PASS	15	15	15	15	PASS	False	PASS	15	PASS	
Lotus_Powersuits_Sandman_Abilities_SandmanSwarm.lua_B	True	True	True	False	False	3	PASS	24	24	24	24	PASS	False	FAIL	23	FAIL	
Lotus_Powersuits_Sandman_SandmanEffects.lua_B	True	True	True	False	False	2	PASS	4	4	4	4	PASS	False	PASS	4	PASS	
Lotus_Powersuits_Sandman_SandmanPassive.lua_B	True	True	True	False	False	2	PASS	18	18	18	18	PASS	False	PASS	18	FAIL	
Lotus_Powersuits_Saryn_Abilities_ExplosiveDissolve.lua_B	True	True	True	False	False	2	PASS	8	8	8	8	PASS	False	FAIL	7	FAIL	
Lotus_Powersuits_Saryn_Abilities_Poison.lua_B	True	True	True	False	False	3	PASS	25	25	25	25	PASS	False	FAIL	24	FAIL	
Lotus_Powersuits_Saryn_Abilities_Shed.lua_B	True	True	True	False	False	2	PASS	18	18	18	18	PASS	False	PASS	18	PASS	
Lotus_Powersuits_Saryn_Abilities_WeaponPoison.lua_B	True	True	True	False	False	2	PASS	14	14	14	14	PASS	False	PASS	14	PASS	
Lotus_Powersuits_Saryn_SarynPassive.lua_B	True	True	True	True	True	1	PASS	4	4	4	4	None	False	PASS	4	None	
Lotus_Powersuits_Sentient_Abilities_SentientBlast.lua_B	True	True	True	False	False	2	PASS	12	12	12	12	PASS	False	PASS	12	PASS	
Lotus_Powersuits_Sentient_Abilities_SentientStomp.lua_B	True	True	True	False	False	2	PASS	15	15	15	15	PASS	False	PASS	15	PASS	
Lotus_Powersuits_Sentient_Abilities_SentientSummon.lua_B	True	True	True	False	False	2	PASS	27	27	27	27	PASS	False	FAIL	26	FAIL	
Lotus_Powersuits_Sentient_Abilities_SentientWhirlwind.lua_B	True	True	True	False	False	2	PASS	25	25	25	25	PASS	False	FAIL	24	FAIL	
Lotus_Powersuits_Sentient_SentientPassive.lua_B	True	True	True	True	True	1	PASS	8	8	8	8	None	False	PASS	8	None	
Lotus_Powersuits_Sentient_SummonHeal.lua_B	True	True	True	False	False	2	PASS	9	9	9	9	PASS	False	PASS	9	PASS	
Lotus_Powersuits_SiriusOrion_Abilities_OrionBuff.lua_B	True	True	True	False	False	2	PASS	20	20	20	20	PASS	False	PASS	20	PASS	
Lotus_Powersuits_SiriusOrion_Abilities_OrionScythe.lua_B	True	True	True	False	False	2	PASS	14	14	14	14	PASS	False	PASS	14	PASS	
Lotus_Powersuits_SiriusOrion_Abilities_OrionVortex.lua_B	True	True	True	False	False	2	PASS	19	19	19	19	PASS	False	PASS	19	PASS	
Lotus_Powersuits_SiriusOrion_Abilities_SiriusBuff.lua_B	True	True	True	False	False	2	PASS	18	18	18	18	PASS	False	PASS	18	PASS	
Lotus_Powersuits_SiriusOrion_Abilities_SiriusField.lua_B	True	True	True	False	False	2	PASS	26	26	26	26	PASS	False	PASS	26	PASS	
Lotus_Powersuits_SiriusOrion_Abilities_SiriusOrionUltimate.lua_B	True	True	True	False	False	2	PASS	54	54	54	54	PASS	False	PASS	54	PASS	
Lotus_Powersuits_SiriusOrion_Abilities_SiriusScythe.lua_B	True	True	True	False	False	2	PASS	15	15	15	15	PASS	False	PASS	15	PASS	
Lotus_Powersuits_SiriusOrion_SiriusOrionCrib.lua_B	True	True	True	False	False	2	PASS	3	3	3	3	PASS	False	PASS	3	PASS	
Lotus_Powersuits_SiriusOrion_SiriusOrionPassive.lua_B	True	True	True	False	False	2	PASS	33	33	33	33	PASS	False	PASS	33	PASS	
Lotus_Powersuits_Stalker_Abilities_StalkerAbsorb.lua_B	True	True	True	False	False	2	PASS	9	9	9	9	PASS	False	PASS	9	PASS	
Lotus_Powersuits_Stalker_StalkerPassive.lua_B	True	True	True	True	True	1	PASS	4	4	4	4	None	False	PASS	4	None	
Lotus_Powersuits_Temple_Abilities_TempleGuitar.lua_B	True	True	True	False	False	2	PASS	24	24	24	24	PASS	False	PASS	24	PASS	
Lotus_Powersuits_Temple_Abilities_TempleShred.lua_B	True	True	True	False	False	2	PASS	17	17	17	17	PASS	False	FAIL	16	FAIL	
Lotus_Powersuits_Temple_Abilities_TempleSolo.lua_B	True	True	True	False	False	2	PASS	25	25	25	25	PASS	False	PASS	25	PASS	
Lotus_Powersuits_Temple_Abilities_TempleSpeakers.lua_B	True	True	True	False	False	2	PASS	14	14	14	14	PASS	False	PASS	14	PASS	
Lotus_Powersuits_Temple_TemplePassive.lua_B	True	True	True	False	False	2	PASS	13	13	13	13	PASS	False	PASS	13	PASS	
Lotus_Powersuits_Tengu_Abilities_TailWind.lua_B	True	True	True	False	False	3	PASS	30	30	30	30	PASS	False	PASS	30	PASS	
Lotus_Powersuits_Tengu_Abilities_TenguBurst.lua_B	True	True	True	False	False	2	PASS	18	18	18	18	PASS	False	PASS	18	PASS	
Lotus_Powersuits_Tengu_Abilities_Tornado.lua_B	True	True	True	False	False	2	PASS	21	21	21	21	PASS	False	PASS	21	PASS	
Lotus_Powersuits_Tengu_Abilities_Turbulence.lua_B	True	True	True	False	False	2	PASS	13	13	13	13	PASS	False	PASS	13	PASS	
Lotus_Powersuits_Tengu_TenguPassive.lua_B	True	True	True	False	False	2	PASS	4	4	4	4	PASS	False	PASS	4	PASS	
Lotus_Powersuits_Trapper_Abilities_StasisProbe.lua_B	True	True	True	False	False	2	PASS	28	28	28	28	PASS	False	FAIL	26	FAIL	
Lotus_Powersuits_Trapper_Abilities_TrapperMultinade.lua_B	True	True	True	False	False	2	PASS	36	36	36	36	PASS	False	FAIL	34	FAIL	
Lotus_Powersuits_Trapper_Abilities_ZapProbe.lua_B	True	True	True	False	False	2	PASS	32	32	32	32	PASS	False	FAIL	31	FAIL	
Lotus_Powersuits_Trapper_TrapperPassive.lua_B	True	True	True	True	True	1	PASS	4	4	4	4	None	False	PASS	4	None	
Lotus_Powersuits_Trinity_Abilities_BlessingAbility.lua_B	True	True	True	False	False	2	PASS	17	17	17	17	PASS	False	PASS	17	PASS	
Lotus_Powersuits_Trinity_Abilities_EnergyVampireAbility.lua_B	True	True	True	False	False	2	PASS	23	23	23	23	PASS	False	PASS	23	PASS	
Lotus_Powersuits_Trinity_Abilities_LinkAbility.lua_B	True	True	True	False	False	2	PASS	14	14	14	14	PASS	False	FAIL	13	FAIL	
Lotus_Powersuits_Trinity_Abilities_WellOfLifeAbility.lua_B	True	True	True	False	False	2	PASS	29	29	29	29	PASS	False	PASS	29	PASS	
Lotus_Powersuits_Trinity_TrinityPassive.lua_B	True	True	True	True	True	1	PASS	10	10	10	10	None	False	PASS	10	None	
Lotus_Powersuits_Volt_Abilities_OverLoad.lua_B	True	True	True	False	False	2	PASS	18	18	18	18	PASS	False	FAIL	17	FAIL	
Lotus_Powersuits_Volt_Abilities_Shield.lua_B	True	True	True	False	False	3	PASS	30	30	30	30	PASS	False	FAIL	29	FAIL	
Lotus_Powersuits_Volt_Abilities_Shock.lua_B	True	True	True	False	False	2	PASS	27	27	27	27	PASS	False	FAIL	24	FAIL	
Lotus_Powersuits_Volt_Abilities_Speed.lua_B	True	True	True	False	False	2	PASS	19	19	19	19	PASS	False	FAIL	18	FAIL	
Lotus_Powersuits_Volt_VoltPassive.lua_B	True	True	True	True	True	1	PASS	5	5	5	5	None	False	PASS	5	None	
Lotus_Powersuits_Werewolf_Abilities_WerewolfBite.lua_B	True	True	True	False	False	2	PASS	16	16	16	16	PASS	False	PASS	16	PASS	
Lotus_Powersuits_Werewolf_Abilities_WerewolfHowl.lua_B	True	True	True	False	False	2	PASS	37	37	37	37	PASS	False	PASS	37	PASS	
Lotus_Powersuits_Werewolf_Abilities_WerewolfLeap.lua_B	True	True	True	False	False	2	PASS	15	15	15	15	PASS	False	PASS	15	PASS	
Lotus_Powersuits_Werewolf_Abilities_WerewolfShroud.lua_B	True	True	True	False	False	None	PASS	34	34	34	34	None	False	FAIL	32	None	
Lotus_Powersuits_Werewolf_WerewolfPassive.lua_B	True	True	True	False	False	2	PASS	17	17	17	17	PASS	False	PASS	17	PASS	
Lotus_Powersuits_Wisp_Abilities_WispHarness.lua_B	True	True	True	False	False	2	PASS	19	19	19	19	PASS	False	FAIL	17	FAIL	
Lotus_Powersuits_Wisp_Abilities_WispLight.lua_B	True	True	True	False	False	2	PASS	9	9	9	9	PASS	False	PASS	9	PASS	
Lotus_Powersuits_Wisp_Abilities_WispReservoir.lua_B	True	True	True	False	False	2	PASS	42	42	42	42	PASS	False	FAIL	36	FAIL	
Lotus_Powersuits_Wisp_Abilities_WispSun.lua_B	True	True	True	False	False	2	PASS	19	19	19	19	PASS	False	FAIL	18	FAIL	
Lotus_Powersuits_Wisp_WispCloak.lua_B	True	True	True	True	True	1	PASS	2	2	2	2	None	False	PASS	2	None	
Lotus_Powersuits_Wisp_WispPassive.lua_B	True	True	True	False	False	2	PASS	8	8	8	8	PASS	False	FAIL	7	FAIL	
Lotus_Powersuits_Wraith_Abilities_ReaperGrasp.lua_B	True	True	True	False	False	2	PASS	7	7	7	7	PASS	False	PASS	7	PASS	
Lotus_Powersuits_Wraith_Abilities_ReaperHarvest.lua_B	True	True	True	False	False	2	PASS	11	11	11	11	PASS	False	FAIL	10	FAIL	
Lotus_Powersuits_Wraith_Abilities_ReaperWail.lua_B	True	True	True	False	False	2	PASS	7	7	7	7	PASS	False	PASS	7	PASS	
Lotus_Powersuits_Wraith_Abilities_ReaperWraith.lua_B	True	True	True	False	False	2	PASS	9	9	9	9	PASS	False	PASS	9	PASS	
Lotus_Powersuits_Wraith_Abilities_WraithGloom.lua_B	True	True	True	False	False	2	PASS	15	15	15	15	PASS	False	FAIL	14	FAIL	
Lotus_Powersuits_Wraith_Abilities_WraithReap.lua_B	True	True	True	False	False	2	PASS	18	18	18	18	PASS	False	PASS	18	PASS	
Lotus_Powersuits_Wraith_Abilities_WraithReaper.lua_B	True	True	True	False	False	2	PASS	13	13	13	13	PASS	False	PASS	13	PASS	
Lotus_Powersuits_Wraith_Abilities_WraithSow.lua_B	True	True	True	False	False	2	PASS	16	16	16	16	PASS	False	PASS	16	PASS	
Lotus_Powersuits_Wraith_WraithPassive.lua_B	True	True	True	False	False	2	PASS	22	22	22	22	PASS	False	PASS	22	FAIL	
Lotus_Powersuits_Yareli_Abilities_YareliBoard.lua_B	True	True	True	False	False	2	PASS	26	26	26	26	PASS	False	FAIL	25	FAIL	
Lotus_Powersuits_Yareli_Abilities_YareliBubble.lua_B	True	True	True	False	False	2	PASS	17	17	17	17	PASS	False	PASS	17	PASS	
Lotus_Powersuits_Yareli_Abilities_YareliDisks.lua_B	True	True	True	False	False	2	PASS	17	17	17	17	PASS	False	PASS	17	PASS	
Lotus_Powersuits_Yareli_Abilities_YareliSpout.lua_B	True	True	True	False	False	2	PASS	15	15	15	15	PASS	False	PASS	15	PASS	
Lotus_Powersuits_Yareli_YareliPassive.lua_B	True	True	True	True	True	1	PASS	6	6	6	6	None	False	PASS	6	None	
Lotus_Powersuits_YinYang_Abilities_YinYangAura.lua_B	True	True	True	False	False	2	PASS	14	14	14	14	PASS	False	PASS	14	PASS	
Lotus_Powersuits_YinYang_Abilities_YinYangBurst.lua_B	True	True	True	False	False	2	PASS	16	16	16	16	PASS	False	FAIL	14	FAIL	
Lotus_Powersuits_YinYang_Abilities_YinYangSwitch.lua_B	True	True	True	False	False	2	PASS	18	18	18	18	PASS	False	PASS	18	PASS	
Lotus_Powersuits_YinYang_Abilities_YinYangTarget.lua_B	True	True	True	False	False	2	PASS	35	35	35	35	PASS	False	PASS	35	PASS	
Lotus_Powersuits_YinYang_YinYangPassive.lua_B	True	True	True	True	True	1	PASS	7	7	7	7	None	False	PASS	7	None	
Lotus_Scripts_1999_APCEncounterManagerSetup.lua_B	True	True	True	True	True	1	PASS	2	2	2	2	None	False	PASS	2	None	
Lotus_Scripts_1999_APCReinforcements.lua_B	True	True	True	False	False	2	PASS	8	8	8	8	PASS	False	FAIL	7	FAIL	
Lotus_Scripts_1999_Arcade_CaliberChicks_CaliberChicks.lua_B	True	True	True	False	False	2	PASS	82	82	82	82	PASS	False	FAIL	80	FAIL	
Lotus_Scripts_1999_Arcade_CaliberChicks_CaliberChicksAudio.lua_B	True	True	True	False	False	2	PASS	17	17	17	17	PASS	False	PASS	17	PASS	
Lotus_Scripts_1999_Arcade_CaliberChicks_CaliberChicksDebug.lua_B	True	True	True	True	True	1	PASS	17	17	17	17	None	False	PASS	17	None	
Lotus_Scripts_1999_Arcade_CaliberChicks_CaliberChicksGlitch.lua_B	True	True	True	False	False	2	PASS	16	16	16	16	PASS	False	FAIL	15	FAIL	
Lotus_Scripts_1999_Arcade_CaliberChicks_CaliberChicksHelperFuncs.lua_B	True	True	True	False	False	3	PASS	6	6	6	6	PASS	False	PASS	6	PASS	
Lotus_Scripts_1999_Arcade_CaliberChicks_MinigameBossHelper.lua_B	True	True	True	True	True	1	PASS	2	2	2	2	None	False	PASS	2	None	
Lotus_Scripts_1999_Arcade_CaliberChicks_MinigameBossI.lua_B	True	True	True	False	False	2	PASS	7	7	7	7	PASS	False	FAIL	6	FAIL	
Lotus_Scripts_1999_Arcade_CaliberChicks_MinigameBossII.lua_B	True	True	True	False	False	None	PASS	6	6	6	6	None	False	FAIL	5	None	
Lotus_Scripts_1999_Arcade_CaliberChicks_MinigameBossIII.lua_B	True	True	True	False	False	None	PASS	5	5	5	5	None	False	FAIL	4	None	
Lotus_Scripts_1999_Arcade_CaliberChicks_MinigameCamera.lua_B	True	True	True	False	False	2	PASS	9	9	9	9	PASS	False	PASS	9	PASS	
Lotus_Scripts_1999_Arcade_CaliberChicks_MinigameEnemy.lua_B	True	True	True	False	False	2	PASS	9	9	9	9	PASS	False	PASS	9	PASS	
Lotus_Scripts_1999_Arcade_CaliberChicks_MinigameGame.lua_B	True	True	True	False	False	2	PASS	54	54	54	54	PASS	False	PASS	54	PASS	
Lotus_Scripts_1999_Arcade_CaliberChicks_MinigameHudTrigger.lua_B	True	True	True	False	False	2	PASS	2	2	2	2	PASS	False	PASS	2	PASS	
Lotus_Scripts_1999_Arcade_CaliberChicks_MinigameJillianLaserCannon.lua_B	True	True	True	False	False	3	PASS	6	6	6	6	PASS	False	PASS	6	PASS	
Lotus_Scripts_1999_Arcade_CaliberChicks_MinigameKillPlane.lua_B	True	True	True	False	False	2	PASS	3	3	3	3	PASS	False	PASS	3	PASS	
Lotus_Scripts_1999_Arcade_CaliberChicks_MinigameLevelDesignHelper.lua_B	True	True	True	False	False	2	PASS	12	12	12	12	PASS	False	PASS	12	PASS	
Lotus_Scripts_1999_Arcade_CaliberChicks_MinigameLillianDroneStrike.lua_B	True	True	True	False	False	3	PASS	6	6	6	6	PASS	False	PASS	6	PASS	
Lotus_Scripts_1999_Arcade_CaliberChicks_MinigameParallaxScrolling.lua_B	True	True	True	True	True	1	PASS	5	5	5	5	None	False	PASS	5	None	
Lotus_Scripts_1999_Arcade_CaliberChicks_MinigamePickup.lua_B	True	True	True	True	True	1	PASS	8	8	8	8	None	False	PASS	8	None	
Lotus_Scripts_1999_Arcade_CaliberChicks_MinigamePlayerDash.lua_B	True	True	True	False	False	2	PASS	3	3	3	3	PASS	False	PASS	3	PASS	
Lotus_Scripts_1999_Arcade_CaliberChicks_MinigameScoreSystem.lua_B	True	True	True	False	False	2	PASS	10	10	10	10	PASS	False	PASS	10	PASS	
Lotus_Scripts_1999_Arcade_CaliberChicks_MinigameScriptedMoveTo.lua_B	True	True	True	True	True	1	PASS	2	2	2	2	None	False	PASS	2	None	
Lotus_Scripts_1999_Arcade_CaliberChicks_MinigameTestV2.lua_B	True	True	True	False	False	2	FAIL	7	8	7	8	FAIL	False	PASS	8	PASS	
Lotus_Scripts_1999_Arcade_CaliberChicks_MinigameTransitionBossI.lua_B	True	True	True	False	False	2	PASS	4	4	4	4	PASS	False	PASS	4	PASS	
Lotus_Scripts_1999_Arcade_CaliberChicks_MinigameTransitionBossII.lua_B	True	True	True	False	False	2	PASS	4	4	4	4	PASS	False	PASS	4	PASS	
Lotus_Scripts_1999_Arcade_CaliberChicks_MinigameTransitionBossIII.lua_B	True	True	True	False	False	2	PASS	4	4	4	4	PASS	False	PASS	4	PASS	
Lotus_Scripts_1999_Arcade_CaliberChicks_MinigameWaypoint.lua_B	True	True	True	False	False	2	PASS	3	3	3	3	PASS	False	PASS	3	PASS	
Lotus_Scripts_1999_Arcade_LevelLoaderScript.lua_B	True	True	True	False	False	2	PASS	7	7	7	7	PASS	False	PASS	7	PASS	
Lotus_Scripts_1999_Arcade_VoltEximusMissionSetup.lua_B	True	True	True	True	True	1	PASS	5	5	5	5	None	False	PASS	5	None	
Lotus_Scripts_1999_BalloonConsoleControl.lua_B	True	True	True	False	False	2	PASS	12	12	12	12	PASS	False	FAIL	10	FAIL	
Lotus_Scripts_1999_BalloonDropdown.lua_B	True	True	True	False	False	2	PASS	17	17	17	17	PASS	False	FAIL	14	FAIL	
Lotus_Scripts_1999_CalendarLib.lua_B	True	True	True	False	False	3	PASS	19	19	19	19	PASS	False	PASS	19	FAIL	
Lotus_Scripts_1999_CaptureDoppelgangerAvatarScript.lua_B	True	True	True	False	False	2	PASS	15	15	15	15	PASS	False	PASS	15	PASS	
Lotus_Scripts_1999_CmdCalendar.lua_B	True	True	True	True	True	1	PASS	4	4	4	4	None	False	PASS	4	None	
Lotus_Scripts_1999_CreateMotorcycle.lua_B	True	True	True	False	False	2	PASS	6	6	6	6	PASS	False	PASS	6	PASS	
Lotus_Scripts_1999_DefenseSpeaker.lua_B	True	True	True	False	False	2	PASS	17	17	17	17	PASS	False	PASS	17	PASS	
Lotus_Scripts_1999_DemoHubGameRules.lua_B	True	True	True	True	True	1	PASS	2	2	2	2	None	False	PASS	2	None	
Lotus_Scripts_1999_DestructibleBarricade.lua_B	True	True	True	False	False	2	PASS	6	6	6	6	PASS	False	PASS	6	PASS	
Lotus_Scripts_1999_DialogueScriptNodes.lua_B	True	True	True	True	True	1	PASS	23	23	23	23	None	False	PASS	23	None	
Lotus_Scripts_1999_FablesAndFrontiersCinematics.lua_B	True	True	True	True	True	1	PASS	2	2	2	2	None	False	PASS	2	None	
Lotus_Scripts_1999_GroupIdleBarkMonitor.lua_B	True	True	True	False	False	2	PASS	3	3	3	3	PASS	False	FAIL	1	FAIL	
Lotus_Scripts_1999_HexKissScene.lua_B	True	True	True	True	True	1	PASS	3	3	3	3	None	False	PASS	3	None	
Lotus_Scripts_1999_HexMallDrone.lua_B	True	True	True	True	True	1	PASS	2	2	2	2	None	False	PASS	2	None	
Lotus_Scripts_1999_HexMallSong.lua_B	True	True	True	True	True	1	PASS	3	3	3	3	None	False	PASS	3	None	
Lotus_Scripts_1999_HexSyndicateDialog.lua_B	True	True	True	False	False	2	PASS	161	161	161	161	PASS	False	FAIL	158	FAIL	
Lotus_Scripts_1999_HubNpcs.lua_B	True	True	True	True	True	1	PASS	5	5	5	5	None	False	PASS	5	None	
Lotus_Scripts_1999_LasriaLift.lua_B	True	True	True	True	True	1	PASS	3	3	3	3	None	False	PASS	3	None	
Lotus_Scripts_1999_LasriaSecurity.lua_B	True	True	True	False	False	2	PASS	2	2	2	2	PASS	False	PASS	2	PASS	
Lotus_Scripts_1999_LasXStadiumScreenSequenceController.lua_B	True	True	True	False	False	2	PASS	14	14	14	14	PASS	False	PASS	14	PASS	
Lotus_Scripts_1999_LockedConsole.lua_B	True	True	True	False	False	2	PASS	2	2	2	2	PASS	False	PASS	2	PASS	
Lotus_Scripts_1999_LockedSafe.lua_B	True	True	True	False	False	2	PASS	7	7	7	7	PASS	False	PASS	7	PASS	
Lotus_Scripts_1999_MaggotExplode.lua_B	True	True	True	True	True	1	PASS	9	9	9	9	None	False	PASS	9	None	
Lotus_Scripts_1999_MissileBarrage.lua_B	True	True	True	False	False	2	PASS	7	7	7	7	PASS	False	PASS	7	PASS	
Lotus_Scripts_1999_ModularCitizenRandomizer.lua_B	True	True	True	False	False	2	PASS	5	5	5	5	PASS	False	PASS	5	PASS	
Lotus_Scripts_1999_MotorcycleRacing_MotorcycleRace.lua_B	True	True	True	False	False	2	PASS	28	28	28	28	PASS	False	PASS	28	PASS	
Lotus_Scripts_1999_MotorcycleRacing_MotorcycleSlideGate.lua_B	True	True	True	True	True	1	PASS	2	2	2	2	None	False	PASS	2	None	
Lotus_Scripts_1999_MotorcycleRacing_RaceGate.lua_B	True	True	True	True	True	1	PASS	3	3	3	3	None	False	PASS	3	None	
Lotus_Scripts_1999_MotorcycleStream.lua_B	True	True	True	False	False	2	PASS	52	52	52	52	PASS	False	FAIL	51	FAIL	
Lotus_Scripts_1999_PagerDeco.lua_B	True	True	True	False	False	2	PASS	6	6	6	6	PASS	False	FAIL	5	FAIL	
Lotus_Scripts_1999_ParachuteAirplane.lua_B	True	True	True	True	True	1	PASS	2	2	2	2	None	False	PASS	2	None	
Lotus_Scripts_1999_ParachuteAirplaneImgui.lua_B	True	True	True	True	True	1	PASS	7	7	7	7	None	False	PASS	7	None	
Lotus_Scripts_1999_PlayableDemo.lua_B	True	True	True	False	False	2	PASS	21	21	21	21	PASS	False	PASS	21	PASS	
Lotus_Scripts_1999_PrepareNYECinematic.lua_B	True	True	True	True	True	1	PASS	3	3	3	3	None	False	PASS	3	None	
Lotus_Scripts_1999_PronePosition.lua_B	True	True	True	False	False	2	PASS	12	12	12	12	PASS	False	PASS	12	PASS	
Lotus_Scripts_1999_ProtoVoltArcadeAnims.lua_B	True	True	True	False	False	2	PASS	4	4	4	4	PASS	False	PASS	4	PASS	
Lotus_Scripts_1999_RomanceCheckBoolean.lua_B	True	True	True	False	False	2	PASS	7	7	7	7	PASS	False	FAIL	6	FAIL	
Lotus_Scripts_1999_SeasonLevelLib.lua_B	True	True	True	True	True	1	PASS	4	4	4	4	None	False	PASS	4	None	
Lotus_Scripts_1999_StadiumSetup.lua_B	True	True	True	True	True	1	PASS	3	3	3	3	None	False	PASS	3	None	
Lotus_Scripts_1999_TailorShop.lua_B	True	True	True	False	False	2	PASS	32	32	32	32	PASS	False	PASS	32	PASS	
Lotus_Scripts_1999_VaniaBountyMgr.lua_B	True	True	True	False	False	2	PASS	13	13	13	13	PASS	False	FAIL	12	FAIL	
Lotus_Scripts_1999_VehicleEncounter.lua_B	True	True	True	False	False	2	PASS	10	10	10	10	PASS	False	FAIL	9	FAIL	
Lotus_Scripts_1999_VisitKalymosCheck.lua_B	True	True	True	True	True	1	PASS	2	2	2	2	None	False	PASS	2	None	
Lotus_Scripts_1999_VoltFnFTableTeleport.lua_B	True	True	True	False	False	2	PASS	7	7	7	7	PASS	False	PASS	7	PASS	
Lotus_Scripts_AbilityThrottling_AbilityThrottlingLib.lua_B	True	True	True	False	False	2	PASS	7	7	7	7	PASS	False	PASS	7	PASS	
Lotus_Scripts_Accessibility.lua_B	True	True	True	False	False	2	PASS	9	9	9	9	PASS	False	FAIL	8	FAIL	
Lotus_Scripts_AcidDart.lua_B	True	True	True	False	False	2	PASS	2	2	2	2	PASS	False	PASS	2	PASS	
Lotus_Scripts_ActivateAPCEncounter.lua_B	True	True	True	True	True	1	PASS	3	3	3	3	None	False	FAIL	2	None	
Lotus_Scripts_ActivateTurretsInSpawns.lua_B	True	True	True	False	False	2	PASS	3	3	3	3	PASS	False	PASS	3	PASS	
Lotus_Scripts_AdBot.lua_B	True	True	True	False	False	2	PASS	12	12	12	12	PASS	False	FAIL	11	FAIL	
Lotus_Scripts_AddAttachmentsToDeco.lua_B	True	True	True	False	False	2	PASS	3	3	3	3	PASS	False	PASS	3	PASS	
Lotus_Scripts_AddDisallowedSpawnTag.lua_B	True	True	True	True	True	1	PASS	2	2	2	2	None	False	PASS	2	None	
Lotus_Scripts_AICommands.lua_B	True	True	True	False	False	2	PASS	24	24	24	24	PASS	False	PASS	24	PASS	
Lotus_Scripts_AimGravityFX.lua_B	True	True	True	False	False	2	PASS	3	3	3	3	PASS	False	FAIL	2	FAIL	
Lotus_Scripts_AIOrders.lua_B	True	True	True	True	True	1	PASS	6	6	6	6	None	False	PASS	6	None	
Lotus_Scripts_AiSetup.lua_B	True	True	True	True	True	1	PASS	2	2	2	2	None	False	PASS	2	None	
Lotus_Scripts_AladVMonitor.lua_B	True	True	True	False	False	3	PASS	4	4	4	4	PASS	False	PASS	4	PASS	
Lotus_Scripts_AlignSkybox.lua_B	True	True	True	True	True	1	PASS	3	3	3	3	None	False	PASS	3	None	
Lotus_Scripts_AmalgamSatyr.lua_B	True	True	True	False	False	2	PASS	5	5	5	5	PASS	False	PASS	5	PASS	
Lotus_Scripts_AmbientConversation.lua_B	True	True	True	False	False	2	PASS	6	6	6	6	PASS	False	FAIL	5	FAIL	
Lotus_Scripts_AmbientWorker.lua_B	True	True	True	False	False	2	PASS	3	3	3	3	PASS	False	PASS	3	PASS	
Lotus_Scripts_AnimalAwarenessMarker.lua_B	True	True	True	False	False	2	PASS	3	3	3	3	PASS	False	PASS	3	PASS	
Lotus_Scripts_Animation.lua_B	True	True	True	False	False	2	PASS	16	16	16	16	PASS	False	PASS	16	PASS	
Lotus_Scripts_Animation_AnimationEvents.lua_B	True	True	True	True	True	1	PASS	4	4	4	4	None	False	PASS	4	None	
Lotus_Scripts_Animation_ApproachAnim.lua_B	True	True	True	True	True	1	PASS	4	4	4	4	None	False	FAIL	3	None	
Lotus_Scripts_Animation_CreateLoadoutDeco.lua_B	True	True	True	True	True	1	PASS	5	5	5	5	None	False	FAIL	4	None	
Lotus_Scripts_AnimByDamage.lua_B	True	True	True	True	True	1	PASS	2	2	2	2	None	False	PASS	2	None	
Lotus_Scripts_AnimPathSwitch.lua_B	True	True	True	False	False	2	PASS	6	6	6	6	PASS	False	PASS	6	PASS	
Lotus_Scripts_ApplyLotusCustomization.lua_B	True	True	True	False	False	2	PASS	7	7	7	7	PASS	False	PASS	7	PASS	
Lotus_Scripts_ApplyOperatorCustomization.lua_B	True	True	True	False	False	2	PASS	8	8	8	8	PASS	False	FAIL	7	FAIL	
Lotus_Scripts_Arbitration.lua_B	True	True	True	False	False	2	PASS	35	35	35	35	PASS	False	FAIL	32	FAIL	
Lotus_Scripts_ArchwingPursuitShip.lua_B	True	True	True	False	False	2	PASS	14	14	14	14	PASS	False	FAIL	13	FAIL	
Lotus_Scripts_AsteroidSpawn.lua_B	True	True	True	True	True	1	PASS	3	3	3	3	None	False	PASS	3	None	
Lotus_Scripts_Attach.lua_B	True	True	True	False	False	2	PASS	12	12	12	12	PASS	False	PASS	12	PASS	
Lotus_Scripts_AttachDecoToMover.lua_B	True	True	True	True	True	1	PASS	5	5	5	5	None	False	PASS	5	None	
Lotus_Scripts_AttachFlashMovie.lua_B	True	True	True	True	True	1	PASS	2	2	2	2	None	False	PASS	2	None	
Lotus_Scripts_AttachToPlayer.lua_B	True	True	True	True	True	1	PASS	2	2	2	2	None	False	PASS	2	None	
Lotus_Scripts_Audio_AudioLogAction.lua_B	True	True	True	True	True	1	PASS	3	3	3	3	None	False	PASS	3	None	
Lotus_Scripts_Audio_EnableFirstTagged.lua_B	True	True	True	True	True	1	PASS	4	4	4	4	None	False	PASS	4	None	
Lotus_Scripts_Audio_PlaySound.lua_B	True	True	True	False	False	2	PASS	6	6	6	6	PASS	False	FAIL	5	FAIL	
Lotus_Scripts_Audio_PlaySoundFromTransmission.lua_B	True	True	True	True	True	1	PASS	2	2	2	2	None	False	PASS	2	None	
Lotus_Scripts_Audio_PlaySoundOnTriggeringEntity.lua_B	True	True	True	True	True	1	PASS	2	2	2	2	None	False	PASS	2	None	
Lotus_Scripts_Audio_PlayTaggedTransmission.lua_B	True	True	True	True	True	1	PASS	3	3	3	3	None	False	PASS	3	None	
Lotus_Scripts_Audio_PlayTransmission.lua_B	True	True	True	False	False	2	PASS	9	9	9	9	PASS	False	PASS	9	PASS	
Lotus_Scripts_Audio_ScaleOcclusion.lua_B	True	True	True	False	False	2	PASS	4	4	4	4	PASS	False	PASS	4	PASS	
Lotus_Scripts_Audio_SentientChoir.lua_B	True	True	True	True	True	1	PASS	3	3	3	3	None	False	PASS	3	None	
Lotus_Scripts_Audio_TransmissionDSP.lua_B	True	True	True	True	True	1	PASS	2	2	2	2	None	False	PASS	2	None	
Lotus_Scripts_Audio_TriggerPort.lua_B	True	True	True	True	True	1	PASS	2	2	2	2	None	False	PASS	2	None	
Lotus_Scripts_AutosimParentDestroy.lua_B	True	True	True	True	True	1	PASS	7	7	7	7	None	False	PASS	7	None	
Lotus_Scripts_AvatarAttachPlayerToMover.lua_B	True	True	True	True	True	1	PASS	3	3	3	3	None	False	PASS	3	None	
Lotus_Scripts_AvatarHighlightingLib.lua_B	True	True	True	False	False	2	PASS	11	11	11	11	PASS	False	PASS	11	PASS	
Lotus_Scripts_AvatarPushPopInputFilter.lua_B	True	True	True	True	True	1	PASS	3	3	3	3	None	False	PASS	3	None	
Lotus_Scripts_AvatarRandomizer.lua_B	True	True	True	False	False	2	PASS	3	3	3	3	PASS	False	PASS	3	PASS	
Lotus_Scripts_BeamTurret.lua_B	True	True	True	False	False	2	PASS	10	10	10	10	PASS	False	PASS	10	PASS	
Lotus_Scripts_BipedSpawner.lua_B	True	True	True	False	False	2	PASS	10	10	10	10	PASS	False	PASS	10	PASS	
Lotus_Scripts_BlastDoorOpen.lua_B	True	True	True	True	True	1	PASS	6	6	6	6	None	False	PASS	6	None	
Lotus_Scripts_BlockArsenal.lua_B	True	True	True	True	True	1	PASS	2	2	2	2	None	False	PASS	2	None	
Lotus_Scripts_BoneDirector.lua_B	True	True	True	True	True	1	PASS	5	5	5	5	None	False	PASS	5	None	
Lotus_Scripts_BossAmbulasArena.lua_B	True	True	True	False	False	3	PASS	17	17	17	17	PASS	False	PASS	17	PASS	
Lotus_Scripts_BossKelaArena.lua_B	True	True	True	False	False	2	PASS	24	24	24	24	PASS	False	PASS	24	PASS	
Lotus_Scripts_BossKelaTransmissions.lua_B	True	True	True	True	True	1	PASS	4	4	4	4	None	False	PASS	4	None	
Lotus_Scripts_BossTransmissions.lua_B	True	True	True	False	False	2	PASS	5	5	5	5	PASS	False	PASS	5	PASS	
Lotus_Scripts_Button.lua_B	True	True	True	True	True	1	PASS	8	8	8	8	None	False	PASS	8	None	
Lotus_Scripts_CacheHuntPickup.lua_B	True	True	True	False	False	3	PASS	22	22	22	22	PASS	False	FAIL	19	FAIL	
Lotus_Scripts_CameraSpot.lua_B	True	True	True	True	True	1	PASS	2	2	2	2	None	False	PASS	2	None	
Lotus_Scripts_CameraSpotSwitcher.lua_B	True	True	True	False	False	2	PASS	4	4	4	4	PASS	False	PASS	4	PASS	
Lotus_Scripts_CaptureNew.lua_B	True	True	True	False	False	4	PASS	45	45	45	45	PASS	False	FAIL	44	FAIL	
Lotus_Scripts_CaptureShipDoor.lua_B	True	True	True	True	True	1	PASS	3	3	3	3	None	False	PASS	3	None	
Lotus_Scripts_ChairDecoration.lua_B	True	True	True	True	True	1	PASS	2	2	2	2	None	False	PASS	2	None	
Lotus_Scripts_ChallengeMgr.lua_B	True	True	True	True	True	1	PASS	4	4	4	4	None	False	PASS	4	None	
Lotus_Scripts_ChallengeRooms_ArchwingRaceChallenge.lua_B	True	True	True	True	True	1	PASS	5	5	5	5	None	False	PASS	5	None	
Lotus_Scripts_ChallengeRooms_ArchwingTimedExterminateChallenge.lua_B	True	True	True	False	False	2	PASS	9	9	9	9	PASS	False	FAIL	8	FAIL	
Lotus_Scripts_ChallengeRooms_ArenaChallenge.lua_B	True	True	True	False	False	2	PASS	17	17	17	17	PASS	False	FAIL	16	FAIL	
Lotus_Scripts_ChallengeRooms_BaseChallengeRoom.lua_B	True	True	True	False	False	2	PASS	7	7	7	7	PASS	False	FAIL	6	FAIL	
Lotus_Scripts_ChallengeRooms_CanisterChallenge.lua_B	True	True	True	False	False	2	PASS	23	23	23	23	PASS	False	PASS	23	PASS	
Lotus_Scripts_ChallengeRooms_ChallengeRoomRank1.lua_B	True	True	True	True	True	1	PASS	11	11	11	11	None	False	PASS	11	None	
Lotus_Scripts_ChallengeRooms_ChamberSurvivalChallenge.lua_B	True	True	True	False	False	2	PASS	15	15	15	15	PASS	False	PASS	15	PASS	
Lotus_Scripts_ChallengeRooms_ChaseChallenge.lua_B	True	True	True	False	False	2	PASS	6	6	6	6	PASS	False	FAIL	5	FAIL	
Lotus_Scripts_ChallengeRooms_ComboChallenge.lua_B	True	True	True	False	False	2	PASS	12	12	12	12	PASS	False	PASS	12	FAIL	
Lotus_Scripts_ChallengeRooms_DefenseChallenge.lua_B	True	True	True	False	False	2	PASS	7	7	7	7	PASS	False	PASS	7	FAIL	
Lotus_Scripts_ChallengeRooms_GauntletChallenge.lua_B	True	True	True	False	False	2	PASS	6	6	6	6	PASS	False	PASS	6	PASS	
Lotus_Scripts_ChallengeRooms_HackingChallenge.lua_B	True	True	True	False	False	2	PASS	6	6	6	6	PASS	False	PASS	6	PASS	
Lotus_Scripts_ChallengeRooms_InterceptionChallenge.lua_B	True	True	True	False	False	3	PASS	23	23	23	23	PASS	False	FAIL	19	FAIL	
Lotus_Scripts_ChallengeRooms_OperatorChallenge.lua_B	True	True	True	False	False	2	PASS	11	11	11	11	PASS	False	FAIL	10	FAIL	
Lotus_Scripts_ChallengeRooms_PlatformChallenge.lua_B	True	True	True	False	False	2	PASS	10	10	10	10	PASS	False	PASS	10	FAIL	
Lotus_Scripts_ChallengeRooms_RaceChallenge.lua_B	True	True	True	True	True	1	PASS	8	8	8	8	None	False	PASS	8	None	
Lotus_Scripts_ChallengeRooms_RescueChallenge.lua_B	True	True	True	True	True	1	PASS	8	8	8	8	None	False	PASS	8	None	
Lotus_Scripts_ChallengeRooms_StealthChallenge.lua_B	True	True	True	True	True	1	PASS	8	8	8	8	None	False	PASS	8	None	
Lotus_Scripts_ChallengeRooms_SurvivalChallenge.lua_B	True	True	True	False	False	2	PASS	11	11	11	11	PASS	False	FAIL	10	FAIL	
Lotus_Scripts_ChallengeRooms_TargetChallenge.lua_B	True	True	True	False	False	2	PASS	11	11	11	11	PASS	False	FAIL	10	FAIL	
Lotus_Scripts_ChallengeRooms_TimeAttackChallenge.lua_B	True	True	True	False	False	2	PASS	7	7	7	7	PASS	False	FAIL	6	FAIL	
Lotus_Scripts_ChallengeRooms_WaveChallenge.lua_B	True	True	True	False	False	3	PASS	5	5	5	5	PASS	False	FAIL	4	FAIL	
Lotus_Scripts_Challenges_AllMissionsOfTypeXComplete.lua_B	True	True	True	True	True	1	PASS	2	2	2	2	None	False	PASS	2	None	
Lotus_Scripts_Challenges_ChallengeNotifyTag.lua_B	True	True	True	True	True	1	PASS	2	2	2	2	None	False	PASS	2	None	
Lotus_Scripts_Challenges_CheckCraftedItems.lua_B	True	True	True	True	True	1	PASS	2	2	2	2	None	False	PASS	2	None	
Lotus_Scripts_Challenges_CheckDateState.lua_B	True	True	True	False	False	2	PASS	2	2	2	2	PASS	False	PASS	2	PASS	
Lotus_Scripts_Challenges_CheckDialogueBoolean.lua_B	True	True	True	True	True	1	PASS	2	2	2	2	None	False	PASS	2	None	
Lotus_Scripts_Challenges_CheckDialogueCounter.lua_B	True	True	True	True	True	1	PASS	2	2	2	2	None	False	PASS	2	None	
Lotus_Scripts_Challenges_CheckInventoryOwnership.lua_B	True	True	True	False	False	2	PASS	2	2	2	2	PASS	False	PASS	2	PASS	
Lotus_Scripts_Challenges_CheckItemMastery.lua_B	True	True	True	True	True	1	PASS	2	2	2	2	None	False	PASS	2	None	
Lotus_Scripts_Challenges_CheckMission.lua_B	True	True	True	True	True	1	PASS	3	3	3	3	None	False	PASS	3	None	
Lotus_Scripts_Challenges_CheckNemesisKilled.lua_B	True	True	True	True	True	1	PASS	2	2	2	2	None	False	PASS	2	None	
Lotus_Scripts_Challenges_CheckPlayerRank.lua_B	True	True	True	True	True	1	PASS	2	2	2	2	None	False	PASS	2	None	
Lotus_Scripts_Challenges_CheckPlayerSkill.lua_B	True	True	True	True	True	1	PASS	2	2	2	2	None	False	PASS	2	None	
Lotus_Scripts_Challenges_CheckQuestCompletion.lua_B	True	True	True	False	False	2	PASS	2	2	2	2	PASS	False	PASS	2	PASS	
Lotus_Scripts_Challenges_CheckSourceObjectType.lua_B	True	True	True	True	True	1	PASS	2	2	2	2	None	False	PASS	2	None	
Lotus_Scripts_Challenges_CheckUniqueMaxedArcanes.lua_B	True	True	True	False	False	2	PASS	2	2	2	2	PASS	False	PASS	2	PASS	
Lotus_Scripts_Challenges_CoHCompleteCheck.lua_B	True	True	True	True	True	1	PASS	6	6	6	6	None	False	PASS	6	None	
Lotus_Scripts_Challenges_CoHDefenseCheck.lua_B	True	True	True	True	True	1	PASS	3	3	3	3	None	False	PASS	3	None	
Lotus_Scripts_Challenges_DestructableDecoration.lua_B	True	True	True	False	False	2	PASS	4	4	4	4	PASS	False	PASS	4	PASS	
Lotus_Scripts_Challenges_DestructableDecorationByType.lua_B	True	True	True	True	True	1	PASS	3	3	3	3	None	False	PASS	3	None	
Lotus_Scripts_Challenges_EliteAlertMission.lua_B	True	True	True	True	True	1	PASS	2	2	2	2	None	False	PASS	2	None	
Lotus_Scripts_Challenges_FinisherOrMercyKill.lua_B	True	True	True	False	False	2	PASS	4	4	4	4	PASS	False	PASS	4	PASS	
Lotus_Scripts_Challenges_HexConquestCompletionCheck.lua_B	True	True	True	True	True	1	PASS	2	2	2	2	None	False	PASS	2	None	
Lotus_Scripts_Challenges_InvincibleObjective.lua_B	True	True	True	False	False	2	PASS	4	4	4	4	PASS	False	PASS	4	PASS	
Lotus_Scripts_Challenges_KDriveHeadshot.lua_B	True	True	True	True	True	1	PASS	2	2	2	2	None	False	PASS	2	None	
Lotus_Scripts_Challenges_KillOnKDrive.lua_B	True	True	True	False	False	2	PASS	4	4	4	4	PASS	False	PASS	4	PASS	
Lotus_Scripts_Challenges_KillThreeQuick.lua_B	True	True	True	True	True	1	PASS	2	2	2	2	None	False	PASS	2	None	
Lotus_Scripts_Challenges_MatchAbilityWeapons.lua_B	True	True	True	False	False	2	PASS	2	2	2	2	PASS	False	PASS	2	PASS	
Lotus_Scripts_Challenges_MatchEnemyLevel.lua_B	True	True	True	True	True	1	PASS	5	5	5	5	None	False	PASS	5	None	
Lotus_Scripts_Challenges_MatchEximus.lua_B	True	True	True	False	False	2	PASS	2	2	2	2	PASS	False	PASS	2	PASS	
Lotus_Scripts_Challenges_MatchGameRules.lua_B	True	True	True	True	True	1	PASS	5	5	5	5	None	False	PASS	5	None	
Lotus_Scripts_Challenges_MatchInDuviri.lua_B	True	True	True	True	True	1	PASS	4	4	4	4	None	False	PASS	4	None	
Lotus_Scripts_Challenges_MatchItemRarity.lua_B	True	True	True	True	True	1	PASS	2	2	2	2	None	False	PASS	2	None	
Lotus_Scripts_Challenges_MatchMissionInfo.lua_B	True	True	True	True	True	1	PASS	2	2	2	2	None	False	PASS	2	None	
Lotus_Scripts_Challenges_MatchMissionType.lua_B	True	True	True	True	True	1	PASS	2	2	2	2	None	False	PASS	2	None	
Lotus_Scripts_Challenges_MatchMissionVariant.lua_B	True	True	True	False	False	2	PASS	2	2	2	2	PASS	False	PASS	2	PASS	
Lotus_Scripts_Challenges_MatchMultipleItems.lua_B	True	True	True	True	True	1	PASS	3	3	3	3	None	False	PASS	3	None	
Lotus_Scripts_Challenges_MatchMultipleProcs.lua_B	True	True	True	False	False	2	PASS	2	2	2	2	PASS	False	PASS	2	PASS	
Lotus_Scripts_Challenges_MatchMultipleTags.lua_B	True	True	True	False	False	2	PASS	2	2	2	2	PASS	False	PASS	2	PASS	
Lotus_Scripts_Challenges_MatchObjectTypes.lua_B	True	True	True	True	True	1	PASS	2	2	2	2	None	False	PASS	2	None	
Lotus_Scripts_Challenges_MatchSortie.lua_B	True	True	True	False	False	2	PASS	2	2	2	2	PASS	False	PASS	2	PASS	
Lotus_Scripts_Challenges_MatchSpecificTag.lua_B	True	True	True	True	True	1	PASS	2	2	2	2	None	False	PASS	2	None	
Lotus_Scripts_Challenges_MatchTagAndSourceType.lua_B	True	True	True	False	False	2	PASS	4	4	4	4	PASS	False	PASS	4	PASS	
Lotus_Scripts_Challenges_MountedKill.lua_B	True	True	True	True	True	1	PASS	2	2	2	2	None	False	PASS	2	None	
Lotus_Scripts_Challenges_NecramechKill.lua_B	True	True	True	True	True	1	PASS	4	4	4	4	None	False	PASS	4	None	
Lotus_Scripts_Challenges_NetPersistentValCheck.lua_B	True	True	True	True	True	1	PASS	2	2	2	2	None	False	PASS	2	None	
Lotus_Scripts_Challenges_NotLandscape.lua_B	True	True	True	False	False	2	PASS	2	2	2	2	PASS	False	PASS	2	PASS	
Lotus_Scripts_Challenges_OnlyPistolAndGlaiveEquipped.lua_B	True	True	True	True	True	1	PASS	3	3	3	3	None	False	PASS	3	None	
Lotus_Scripts_Challenges_PlayWithFriends.lua_B	True	True	True	False	False	2	PASS	4	4	4	4	PASS	False	PASS	4	PASS	
Lotus_Scripts_Challenges_PostureKill.lua_B	True	True	True	True	True	1	PASS	7	7	7	7	None	False	PASS	7	None	
Lotus_Scripts_Challenges_PvpChallenges_Assist.lua_B	True	True	True	True	True	1	PASS	2	2	2	2	None	False	PASS	2	None	
Lotus_Scripts_Challenges_PvpChallenges_Combo.lua_B	True	True	True	False	False	2	PASS	2	2	2	2	PASS	False	PASS	2	PASS	
Lotus_Scripts_Challenges_PvpChallenges_Domination.lua_B	True	True	True	True	True	1	PASS	2	2	2	2	None	False	PASS	2	None	
Lotus_Scripts_Challenges_PvpChallenges_KillFlagHolder.lua_B	True	True	True	False	False	2	PASS	2	2	2	2	PASS	False	PASS	2	PASS	
Lotus_Scripts_Challenges_PvpChallenges_KillNearFlag.lua_B	True	True	True	False	False	2	PASS	2	2	2	2	PASS	False	PASS	2	PASS	
Lotus_Scripts_Challenges_PvpChallenges_KillStreak.lua_B	True	True	True	False	False	2	PASS	2	2	2	2	PASS	False	PASS	2	PASS	
Lotus_Scripts_Challenges_PvpChallenges_KillTargetInAir.lua_B	True	True	True	True	True	1	PASS	2	2	2	2	None	False	PASS	2	None	
Lotus_Scripts_Challenges_PvpChallenges_KillWhileInAir.lua_B	True	True	True	True	True	1	PASS	2	2	2	2	None	False	PASS	2	None	
Lotus_Scripts_Challenges_PvpChallenges_KillWhileSliding.lua_B	True	True	True	True	True	1	PASS	2	2	2	2	None	False	PASS	2	None	
Lotus_Scripts_Challenges_PvpChallenges_Payback.lua_B	True	True	True	True	True	1	PASS	2	2	2	2	None	False	PASS	2	None	
Lotus_Scripts_Challenges_PvpChallenges_PublicEnemy.lua_B	True	True	True	True	True	1	PASS	3	3	3	3	None	False	PASS	3	None	
Lotus_Scripts_Challenges_PvpChallenges_Revenge.lua_B	True	True	True	True	True	1	PASS	2	2	2	2	None	False	PASS	2	None	
Lotus_Scripts_Challenges_PvpChallenges_SuicideAssist.lua_B	True	True	True	True	True	1	PASS	3	3	3	3	None	False	PASS	3	None	
Lotus_Scripts_Challenges_PvpChallenges_Timed_TimedAffectorSuperEnergy.lua_B	True	True	True	True	True	1	PASS	3	3	3	3	None	False	PASS	3	None	
Lotus_Scripts_Challenges_PvpChallenges_Timed_TimedAffectorSuperEverything.lua_B	True	True	True	True	True	1	PASS	3	3	3	3	None	False	PASS	3	None	
Lotus_Scripts_Challenges_PvpChallenges_Timed_TimedAffectorSuperMeleeDamage.lua_B	True	True	True	True	True	1	PASS	3	3	3	3	None	False	PASS	3	None	
Lotus_Scripts_Challenges_PvpChallenges_Timed_TimedAffectorSuperPistolDamage.lua_B	True	True	True	True	True	1	PASS	3	3	3	3	None	False	PASS	3	None	
Lotus_Scripts_Challenges_PvpChallenges_Timed_TimedAffectorSuperPowerDamage.lua_B	True	True	True	True	True	1	PASS	3	3	3	3	None	False	PASS	3	None	
Lotus_Scripts_Challenges_PvpChallenges_Timed_TimedChallengeFlagCapture.lua_B	True	True	True	False	False	2	PASS	3	3	3	3	PASS	False	PASS	3	PASS	
Lotus_Scripts_Challenges_PvpChallenges_Timed_TimedChallengeFlagReturn.lua_B	True	True	True	False	False	2	PASS	3	3	3	3	PASS	False	PASS	3	PASS	
Lotus_Scripts_Challenges_PvpChallenges_Timed_TimedChallengeGameModeWins.lua_B	True	True	True	False	False	2	PASS	3	3	3	3	PASS	False	PASS	3	PASS	
Lotus_Scripts_Challenges_PvpChallenges_Timed_TimedChallengeKillPayback.lua_B	True	True	True	True	True	1	PASS	4	4	4	4	None	False	PASS	4	None	
Lotus_Scripts_Challenges_PvpChallenges_Timed_TimedChallengeKillsCombo.lua_B	True	True	True	True	True	1	PASS	4	4	4	4	None	False	PASS	4	None	
Lotus_Scripts_Challenges_PvpChallenges_Timed_TimedChallengeKillsCommon.lua_B	True	True	True	True	True	1	PASS	5	5	5	5	None	False	PASS	5	None	
Lotus_Scripts_Challenges_PvpChallenges_Timed_TimedChallengeKillsHeadShot.lua_B	True	True	True	True	True	1	PASS	4	4	4	4	None	False	PASS	4	None	
Lotus_Scripts_Challenges_PvpChallenges_Timed_TimedChallengeKillsMelee.lua_B	True	True	True	True	True	1	PASS	4	4	4	4	None	False	PASS	4	None	
Lotus_Scripts_Challenges_PvpChallenges_Timed_TimedChallengeKillsMultitool.lua_B	True	True	True	True	True	1	PASS	4	4	4	4	None	False	PASS	4	None	
Lotus_Scripts_Challenges_PvpChallenges_Timed_TimedChallengeKillsPower.lua_B	True	True	True	True	True	1	PASS	4	4	4	4	None	False	PASS	4	None	
Lotus_Scripts_Challenges_PvpChallenges_Timed_TimedChallengeKillsPrimary.lua_B	True	True	True	True	True	1	PASS	4	4	4	4	None	False	PASS	4	None	
Lotus_Scripts_Challenges_PvpChallenges_Timed_TimedChallengeKillsSecondary.lua_B	True	True	True	True	True	1	PASS	4	4	4	4	None	False	PASS	4	None	
Lotus_Scripts_Challenges_PvpChallenges_Timed_TimedChallengeKillsTargetInAir.lua_B	True	True	True	True	True	1	PASS	5	5	5	5	None	False	PASS	5	None	
Lotus_Scripts_Challenges_PvpChallenges_Timed_TimedChallengeKillStreak.lua_B	True	True	True	False	False	2	PASS	4	4	4	4	PASS	False	PASS	4	PASS	
Lotus_Scripts_Challenges_PvpChallenges_Timed_TimedChallengeKillStreakDomination.lua_B	True	True	True	True	True	1	PASS	4	4	4	4	None	False	PASS	4	None	
Lotus_Scripts_Challenges_PvpChallenges_Timed_TimedChallengeKillStreakStopped.lua_B	True	True	True	True	True	1	PASS	4	4	4	4	None	False	PASS	4	None	
Lotus_Scripts_Challenges_PvpChallenges_Timed_TimedChallengeKillsWhileInAir.lua_B	True	True	True	True	True	1	PASS	5	5	5	5	None	False	PASS	5	None	
Lotus_Scripts_Challenges_PvpChallenges_Timed_TimedChallengeKillsWhileSliding.lua_B	True	True	True	True	True	1	PASS	4	4	4	4	None	False	PASS	4	None	
Lotus_Scripts_Challenges_PvpChallenges_Timed_TimedChallengeMatchComplete.lua_B	True	True	True	False	False	2	PASS	3	3	3	3	PASS	False	PASS	3	PASS	
Lotus_Scripts_Challenges_PvpChallenges_Timed_TimedChallengeOtherChallengeComplete.lua_B	True	True	True	False	False	2	PASS	5	5	5	5	PASS	False	PASS	5	PASS	
Lotus_Scripts_Challenges_PvpChallenges_Timed_TimedChallengeSimpleCounter.lua_B	True	True	True	True	True	1	PASS	3	3	3	3	None	False	PASS	3	None	
Lotus_Scripts_Challenges_PvpChallenges_Timed_TimedChallengeTag.lua_B	True	True	True	True	True	1	PASS	3	3	3	3	None	False	PASS	3	None	
Lotus_Scripts_Challenges_QueueChallengeUpload.lua_B	True	True	True	True	True	1	PASS	2	2	2	2	None	False	PASS	2	None	
Lotus_Scripts_Challenges_ShotgunMultiPelletHit.lua_B	True	True	True	False	False	2	PASS	4	4	4	4	PASS	False	PASS	4	PASS	
Lotus_Scripts_Challenges_ShrineMaidenNaginataAugment.lua_B	True	True	True	True	True	1	PASS	3	3	3	3	None	False	PASS	3	None	
Lotus_Scripts_Challenges_SingleShotMultiKill.lua_B	True	True	True	True	True	1	PASS	3	3	3	3	None	False	PASS	3	None	
Lotus_Scripts_Challenges_SquadMarkerPlaced.lua_B	True	True	True	True	True	1	PASS	2	2	2	2	None	False	PASS	2	None	
Lotus_Scripts_Challenges_SustainMeleeCombo.lua_B	True	True	True	True	True	1	PASS	3	3	3	3	None	False	PASS	3	None	
Lotus_Scripts_Challenges_TimedKillStreak.lua_B	True	True	True	True	True	1	PASS	2	2	2	2	None	False	PASS	2	None	
Lotus_Scripts_Challenges_TimedSingleTag.lua_B	True	True	True	True	True	1	PASS	3	3	3	3	None	False	PASS	3	None	
Lotus_Scripts_Challenges_TimedTagAccumulation.lua_B	True	True	True	False	False	2	PASS	7	7	7	7	PASS	False	PASS	7	PASS	
Lotus_Scripts_Challenges_TimedTagStreak.lua_B	True	True	True	True	True	1	PASS	2	2	2	2	None	False	PASS	2	None	
Lotus_Scripts_Challenges_TreasureHuntMission.lua_B	True	True	True	True	True	1	PASS	2	2	2	2	None	False	PASS	2	None	
Lotus_Scripts_Challenges_VehicleKill.lua_B	True	True	True	True	True	1	PASS	2	2	2	2	None	False	PASS	2	None	
Lotus_Scripts_Challenges_WeaponEquipped.lua_B	True	True	True	True	True	1	PASS	2	2	2	2	None	False	PASS	2	None	
Lotus_Scripts_Challenges_WeaponSwapChallenge.lua_B	True	True	True	False	False	2	PASS	16	16	16	16	PASS	False	FAIL	15	FAIL	
Lotus_Scripts_ChangeMoverSpeed.lua_B	True	True	True	True	True	1	PASS	6	6	6	6	None	False	PASS	6	None	
Lotus_Scripts_ChannelingFX.lua_B	True	True	True	True	True	1	PASS	11	11	11	11	None	False	PASS	11	None	
Lotus_Scripts_CheckLevelTag.lua_B	True	True	True	False	False	2	PASS	4	4	4	4	PASS	False	FAIL	3	FAIL	
Lotus_Scripts_CheckPosture.lua_B	True	True	True	False	False	2	PASS	2	2	2	2	PASS	False	PASS	2	PASS	
Lotus_Scripts_CheckProfile.lua_B	True	True	True	False	False	2	PASS	4	4	4	4	PASS	False	PASS	4	PASS	
Lotus_Scripts_CheckTriggerRequirements.lua_B	True	True	True	False	False	2	PASS	3	3	3	3	PASS	False	PASS	3	PASS	
Lotus_Scripts_CinematicCameraSpot.lua_B	True	True	True	False	False	2	PASS	2	2	2	2	PASS	False	PASS	2	PASS	
Lotus_Scripts_CinematicFunctions.lua_B	True	True	True	False	False	2	PASS	76	76	76	76	PASS	False	PASS	76	PASS	
Lotus_Scripts_CinematicHack.lua_B	True	True	True	True	True	1	PASS	2	2	2	2	None	False	PASS	2	None	
Lotus_Scripts_CinematicProps.lua_B	True	True	True	True	True	1	PASS	3	3	3	3	None	False	PASS	3	None	
Lotus_Scripts_CinematicSetup.lua_B	True	True	True	True	True	1	PASS	4	4	4	4	None	False	PASS	4	None	
Lotus_Scripts_ClanMastery.lua_B	True	True	True	True	True	1	PASS	6	6	6	6	None	False	PASS	6	None	
Lotus_Scripts_Cmds_CmdAutoMove.lua_B	True	True	True	False	False	3	PASS	27	27	27	27	PASS	False	FAIL	25	FAIL	
Lotus_Scripts_Cmds_CmdAvatarTracker.lua_B	False	None	None	None	None	None	None	None	None	None	None	None	None	None	None	None	decompile: decompile-mod-u44: emit problem: cfg build failed 
Lotus_Scripts_Cmds_CmdDamageTracker.lua_B	False	None	None	None	None	None	None	None	None	None	None	None	None	None	None	None	decompile: u44 input profile: profile: unsupported opcode 87 decompile-mod-u44: walk error: not a 09 03 container 
Lotus_Scripts_Cmds_CmdGameModeDebug.lua_B	False	None	None	None	None	None	None	None	None	None	None	None	None	None	None	None	decompile: u44 input profile: profile: unsupported opcode 87 decompile-mod-u44: walk error: not a 09 03 container 
Lotus_Scripts_Cmds_CmdImGuiUpgradeTracker.lua_B	False	None	None	None	None	None	None	None	None	None	None	None	None	None	None	None	decompile: decompile-mod-u44: emit problem: cfg build failed 
Lotus_Scripts_Cmds_CmdQuestDebug.lua_B	False	None	None	None	None	None	None	None	None	None	None	None	None	None	None	None	decompile: u44 input profile: profile: unsupported opcode 90 decompile-mod-u44: walk error: not a 09 03 container 
Lotus_Scripts_Cmds_CmdSetTimeOfDay.lua_B	True	True	True	False	False	2	PASS	2	2	2	2	PASS	False	PASS	2	PASS	
Lotus_Scripts_Cmds_StartEncounter.lua_B	True	True	True	True	True	1	PASS	2	2	2	2	None	False	PASS	2	None	
Lotus_Scripts_ConclaveCape.lua_B	True	True	True	False	False	2	PASS	3	3	3	3	PASS	False	PASS	3	PASS	
Lotus_Scripts_ConditionalDrops.lua_B	True	True	True	False	False	2	PASS	9	9	9	9	PASS	False	PASS	9	PASS	
Lotus_Scripts_ContainerDropTable.lua_B	True	True	True	False	False	2	PASS	7	7	7	7	PASS	False	PASS	7	PASS	
Lotus_Scripts_ConvertOperator.lua_B	True	True	True	False	False	2	PASS	3	3	3	3	PASS	False	PASS	3	PASS	
Lotus_Scripts_CorpusFencingArmor.lua_B	True	True	True	False	False	2	PASS	5	5	5	5	PASS	False	PASS	5	PASS	
Lotus_Scripts_CorpusFighterDrone.lua_B	True	True	True	False	False	2	PASS	11	11	11	11	PASS	False	PASS	11	PASS	
Lotus_Scripts_CrawlerSpawner.lua_B	True	True	True	False	False	2	PASS	2	2	2	2	PASS	False	PASS	2	PASS	
Lotus_Scripts_CreateAndExecuteScriptTrigger.lua_B	True	True	True	True	True	1	PASS	2	2	2	2	None	False	PASS	2	None	
Lotus_Scripts_CreateShockwave.lua_B	True	True	True	True	True	1	PASS	2	2	2	2	None	False	PASS	2	None	
Lotus_Scripts_CrewShip_ActivateAllCrewShips.lua_B	True	True	True	True	True	1	PASS	4	4	4	4	None	False	FAIL	3	None	
Lotus_Scripts_CrewShip_ArchwingCanon.lua_B	True	True	True	False	False	2	PASS	23	23	23	23	PASS	False	FAIL	22	FAIL	
Lotus_Scripts_CrewShip_CapitalShip.lua_B	True	True	True	True	True	1	PASS	5	5	5	5	None	False	PASS	5	None	
Lotus_Scripts_CrewShip_CapitalShipWeakPoints.lua_B	True	True	True	False	False	3	PASS	8	8	8	8	PASS	False	FAIL	7	FAIL	
Lotus_Scripts_CrewShip_CommanderTrap.lua_B	True	True	True	False	False	2	PASS	4	4	4	4	PASS	False	PASS	4	PASS	
Lotus_Scripts_CrewShip_CommandMarkers_CrewShipFastTravel.lua_B	True	True	True	True	True	1	PASS	6	6	6	6	None	False	PASS	6	None	
Lotus_Scripts_CrewShip_CommandMarkers_HackAllegiance.lua_B	True	True	True	False	False	2	PASS	7	7	7	7	PASS	False	PASS	7	PASS	
Lotus_Scripts_CrewShip_CommandMarkers_MapFastTravel.lua_B	True	True	True	False	False	2	PASS	13	13	13	13	PASS	False	PASS	13	PASS	
Lotus_Scripts_CrewShip_CommandMarkers_OpenDoor.lua_B	True	True	True	True	True	1	PASS	5	5	5	5	None	False	PASS	5	None	
Lotus_Scripts_CrewShip_CommandMarkers_Repair.lua_B	True	True	True	True	True	1	PASS	6	6	6	6	None	False	PASS	6	None	
Lotus_Scripts_CrewShip_CorpusCrewShip.lua_B	True	True	True	False	False	2	PASS	15	15	15	15	PASS	False	FAIL	14	FAIL	
Lotus_Scripts_CrewShip_CorpusPOIUtilities.lua_B	True	True	True	False	False	2	PASS	33	33	33	33	PASS	False	FAIL	31	FAIL	
Lotus_Scripts_CrewShip_CrewMember.lua_B	True	True	True	False	False	2	PASS	14	14	14	14	PASS	False	PASS	14	PASS	
Lotus_Scripts_CrewShip_CrewMemberTraits.lua_B	True	True	True	True	True	1	PASS	18	18	18	18	None	False	PASS	18	None	
Lotus_Scripts_CrewShip_CrewShip.lua_B	True	True	True	False	False	3	PASS	63	63	63	63	PASS	False	FAIL	59	FAIL	
Lotus_Scripts_CrewShip_CrewShipAIManager.lua_B	True	True	True	True	True	1	PASS	3	3	3	3	None	False	PASS	3	None	
Lotus_Scripts_CrewShip_CrewShipBlink.lua_B	True	True	True	True	True	1	PASS	3	3	3	3	None	False	PASS	3	None	
Lotus_Scripts_CrewShip_CrewShipCameraEffects.lua_B	True	True	True	True	True	1	PASS	2	2	2	2	None	False	PASS	2	None	
Lotus_Scripts_CrewShip_CrewShipDoor.lua_B	True	True	True	False	False	2	PASS	4	4	4	4	PASS	False	PASS	4	PASS	
Lotus_Scripts_CrewShip_CrewShipGunnerAction.lua_B	True	True	True	True	True	1	PASS	4	4	4	4	None	False	PASS	4	None	
Lotus_Scripts_CrewShip_CrewShipHack.lua_B	True	True	True	False	False	2	PASS	3	3	3	3	PASS	False	PASS	3	PASS	
Lotus_Scripts_CrewShip_CrewShipLoot.lua_B	True	True	True	True	True	1	PASS	2	2	2	2	None	False	PASS	2	None	
Lotus_Scripts_CrewShip_CrewShipManager.lua_B	True	True	True	False	False	2	PASS	7	7	7	7	PASS	False	PASS	7	PASS	
Lotus_Scripts_CrewShip_CrewShipPartsMission.lua_B	True	True	True	False	False	2	PASS	9	9	9	9	PASS	False	PASS	9	PASS	
Lotus_Scripts_CrewShip_CrewShipPIlotAction.lua_B	True	True	True	True	True	1	PASS	8	8	8	8	None	False	PASS	8	None	
Lotus_Scripts_CrewShip_CrewShipScanPoint.lua_B	True	True	True	False	False	4	PASS	19	19	19	19	PASS	False	FAIL	18	FAIL	
Lotus_Scripts_CrewShip_CrewShipTennoCon.lua_B	True	True	True	False	False	2	PASS	17	17	17	17	PASS	False	PASS	17	PASS	
Lotus_Scripts_CrewShip_CrewShipTurret.lua_B	True	True	True	True	True	1	PASS	5	5	5	5	None	False	PASS	5	None	
Lotus_Scripts_CrewShip_CrewShipVaccumHelper.lua_B	True	True	True	True	True	1	PASS	2	2	2	2	None	False	PASS	2	None	
Lotus_Scripts_CrewShip_Damage.lua_B	True	True	True	False	False	2	PASS	19	19	19	19	PASS	False	PASS	19	PASS	
Lotus_Scripts_CrewShip_DojoCinematic.lua_B	True	True	True	True	True	1	PASS	7	7	7	7	None	False	PASS	7	None	
Lotus_Scripts_CrewShip_Encounters_BasicRailJackPatrol.lua_B	True	True	True	False	False	2	PASS	21	21	21	21	PASS	False	FAIL	19	FAIL	
Lotus_Scripts_CrewShip_Encounters_BoardingPartyEncounter.lua_B	True	True	True	False	False	2	PASS	18	18	18	18	PASS	False	FAIL	17	FAIL	
Lotus_Scripts_CrewShip_Encounters_CapitalShipStateEncounter.lua_B	True	True	True	False	False	2	PASS	13	13	13	13	PASS	False	FAIL	10	FAIL	
Lotus_Scripts_CrewShip_Encounters_CorpusCrewShipEncounter.lua_B	True	True	True	False	False	2	PASS	33	33	33	33	PASS	False	FAIL	32	FAIL	
Lotus_Scripts_CrewShip_Encounters_CorpusFrozenHullEncounter.lua_B	True	True	True	False	False	2	PASS	21	21	21	21	PASS	False	FAIL	20	FAIL	
Lotus_Scripts_CrewShip_Encounters_CrpCargoTrainEncounter.lua_B	True	True	True	False	False	2	PASS	16	16	16	16	PASS	False	FAIL	15	FAIL	
Lotus_Scripts_CrewShip_Encounters_CrpCometShredderEncounter.lua_B	True	True	True	False	False	2	PASS	9	9	9	9	PASS	False	FAIL	8	FAIL	
Lotus_Scripts_CrewShip_Encounters_CrpFighterLaunchPadEncounter.lua_B	True	True	True	False	False	2	PASS	12	12	12	12	PASS	False	PASS	12	PASS	
Lotus_Scripts_CrewShip_Encounters_CrpRefuelingStationEncounter.lua_B	True	True	True	False	False	2	PASS	23	23	23	23	PASS	False	FAIL	21	FAIL	
Lotus_Scripts_CrewShip_Encounters_CrpRoboticsFactoryEncounter.lua_B	True	True	True	False	False	2	PASS	9	9	9	9	PASS	False	FAIL	8	FAIL	
Lotus_Scripts_CrewShip_Encounters_CrpSuperWeaponEncounter.lua_B	True	True	True	False	False	2	PASS	21	21	21	21	PASS	False	PASS	21	PASS	
Lotus_Scripts_CrewShip_Encounters_CrpTetherPowerplantEncounter.lua_B	True	True	True	False	False	2	PASS	15	15	15	15	PASS	False	FAIL	14	FAIL	
Lotus_Scripts_CrewShip_Encounters_CrpVolatileDeliveryMainEncounter.lua_B	True	True	True	False	False	2	PASS	14	14	14	14	PASS	False	FAIL	13	FAIL	
Lotus_Scripts_CrewShip_Encounters_DeepSpaceNavBeaconObjective.lua_B	True	True	True	False	False	2	PASS	13	13	13	13	PASS	False	FAIL	12	FAIL	
Lotus_Scripts_CrewShip_Encounters_DeepSpaceNavConsoleObjective.lua_B	True	True	True	False	False	2	PASS	24	24	24	24	PASS	False	FAIL	23	FAIL	
Lotus_Scripts_CrewShip_Encounters_DeepSpaceNavCrewshipDataObjective.lua_B	True	True	True	False	False	2	PASS	14	14	14	14	PASS	False	PASS	14	PASS	
Lotus_Scripts_CrewShip_Encounters_ExterminateEncounter.lua_B	True	True	True	False	False	2	PASS	11	11	11	11	PASS	False	PASS	11	PASS	
Lotus_Scripts_CrewShip_Encounters_GrineerAsteroidHangarEncounter.lua_B	True	True	True	False	False	2	FAIL	8	8	8	15	FAIL	False	FAIL	8	FAIL	
Lotus_Scripts_CrewShip_Encounters_GrineerCrewShipEncounter.lua_B	True	True	True	False	False	2	PASS	34	34	34	34	PASS	False	FAIL	33	FAIL	
Lotus_Scripts_CrewShip_Encounters_GrineerGalleonEncounter.lua_B	True	True	True	False	False	2	PASS	9	9	9	9	PASS	False	FAIL	7	FAIL	
Lotus_Scripts_CrewShip_Encounters_GrineerMissilePlatformEncounter.lua_B	True	True	True	False	False	2	FAIL	2	3	2	16	FAIL	False	FAIL	2	FAIL	
Lotus_Scripts_CrewShip_Encounters_GrineerRadarTowerEncounter.lua_B	True	True	True	False	False	2	FAIL	6	6	6	14	FAIL	False	FAIL	6	FAIL	
Lotus_Scripts_CrewShip_Encounters_GrineerSuperWeaponEncounter.lua_B	True	True	True	False	False	2	FAIL	8	9	8	22	FAIL	False	FAIL	7	FAIL	
Lotus_Scripts_CrewShip_Encounters_InvestigateDerelictShipEncounter.lua_B	True	True	True	False	False	2	PASS	11	11	11	11	PASS	False	FAIL	10	FAIL	
Lotus_Scripts_CrewShip_Encounters_KillCapitalShipCaptainEncounter.lua_B	True	True	True	False	False	2	PASS	31	31	31	31	PASS	False	FAIL	28	FAIL	
Lotus_Scripts_CrewShip_Encounters_KillCrewShipsExterminateObjective.lua_B	True	True	True	False	False	2	PASS	11	11	11	11	PASS	False	FAIL	10	FAIL	
Lotus_Scripts_CrewShip_Encounters_KillFightersExterminateEncounter.lua_B	True	True	True	False	False	2	PASS	11	11	11	11	PASS	False	PASS	11	PASS	
Lotus_Scripts_CrewShip_Encounters_LasXStadiumEncounter.lua_B	True	True	True	False	False	3	PASS	43	43	43	43	PASS	False	FAIL	39	FAIL	
Lotus_Scripts_CrewShip_Encounters_MultiStageHackObjectiveEncounter.lua_B	True	True	True	False	False	2	PASS	18	18	18	18	PASS	False	PASS	18	PASS	
Lotus_Scripts_CrewShip_Encounters_NemesisAssassinate.lua_B	True	True	True	False	False	3	FAIL	20	19	20	20	FAIL	False	FAIL	19	FAIL	
Lotus_Scripts_CrewShip_Encounters_OverrideObjective.lua_B	True	True	True	False	False	3	PASS	39	39	39	39	PASS	False	FAIL	38	FAIL	
Lotus_Scripts_CrewShip_Encounters_PoiSubObjective.lua_B	True	True	True	False	False	2	PASS	6	6	6	6	PASS	False	PASS	6	PASS	
Lotus_Scripts_CrewShip_Encounters_RailjackCorpusEncounter.lua_B	True	True	True	False	False	2	PASS	12	12	12	12	PASS	False	PASS	12	PASS	
Lotus_Scripts_CrewShip_Encounters_RailjackFighterWaves.lua_B	True	True	True	False	False	2	PASS	12	12	12	12	PASS	False	PASS	12	PASS	
Lotus_Scripts_CrewShip_Encounters_RailjackPatrol.lua_B	True	True	True	False	False	2	PASS	18	18	18	18	PASS	False	FAIL	16	FAIL	
Lotus_Scripts_CrewShip_Encounters_RailjackReinforcements.lua_B	True	True	True	False	False	2	PASS	2	2	2	2	PASS	False	PASS	2	PASS	
Lotus_Scripts_CrewShip_Encounters_RailjackTurretDefense.lua_B	True	True	True	False	False	2	PASS	6	6	6	6	PASS	False	PASS	6	PASS	
Lotus_Scripts_CrewShip_Encounters_RJCorpusCapitalShipEncounter.lua_B	True	True	True	False	False	2	FAIL	24	26	23	42	FAIL	False	FAIL	23	FAIL	
Lotus_Scripts_CrewShip_Encounters_RJCorpusReactorMeltdownObjective.lua_B	True	True	True	False	False	3	PASS	16	16	16	16	PASS	False	PASS	16	PASS	
Lotus_Scripts_CrewShip_Encounters_RJCorpusReactorMeltdownTimers.lua_B	True	True	True	False	False	2	PASS	4	4	4	4	PASS	False	PASS	4	PASS	
Lotus_Scripts_CrewShip_Encounters_SentientFragmentEncounter.lua_B	True	True	True	False	False	2	PASS	9	9	9	9	PASS	False	PASS	9	PASS	
Lotus_Scripts_CrewShip_Encounters_SentientFragmentExterminate.lua_B	True	True	True	False	False	2	PASS	10	10	10	10	PASS	False	FAIL	9	FAIL	
Lotus_Scripts_CrewShip_Encounters_SentientFragmentInterception.lua_B	True	True	True	False	False	2	PASS	12	12	12	12	PASS	False	FAIL	11	FAIL	
Lotus_Scripts_CrewShip_Encounters_SentientFragmentLinkObjective.lua_B	True	True	True	False	False	2	PASS	32	32	32	32	PASS	False	FAIL	31	FAIL	
Lotus_Scripts_CrewShip_Encounters_StealDataObjective.lua_B	True	True	True	False	False	2	PASS	24	24	24	24	PASS	False	FAIL	23	FAIL	
Lotus_Scripts_CrewShip_GalleonPowerNodes.lua_B	True	True	True	True	True	1	PASS	3	3	3	3	None	False	PASS	3	None	
Lotus_Scripts_CrewShip_GrineerCommander.lua_B	True	True	True	False	False	2	PASS	13	13	13	13	PASS	False	FAIL	12	FAIL	
Lotus_Scripts_CrewShip_GrineerCrewShip.lua_B	True	True	True	False	False	2	PASS	11	11	11	11	PASS	False	FAIL	10	FAIL	
Lotus_Scripts_CrewShip_GrineerRadar.lua_B	True	True	True	False	False	2	PASS	5	5	5	5	PASS	False	PASS	5	PASS	
Lotus_Scripts_CrewShip_HyperSpace.lua_B	True	True	True	False	False	2	PASS	26	26	26	26	PASS	False	PASS	26	PASS	
Lotus_Scripts_CrewShip_Malfunctions_ElectricalMalfunction.lua_B	True	True	True	False	False	2	PASS	9	9	9	9	PASS	False	PASS	9	PASS	
Lotus_Scripts_CrewShip_Malfunctions_FireMalfunction.lua_B	True	True	True	False	False	2	PASS	16	16	16	16	PASS	False	PASS	16	PASS	
Lotus_Scripts_CrewShip_Malfunctions_IceMalfunction.lua_B	True	True	True	False	False	2	PASS	4	4	4	4	PASS	False	PASS	4	PASS	
Lotus_Scripts_CrewShip_Malfunctions_MalfunctionTrigger.lua_B	True	True	True	True	True	1	PASS	2	2	2	2	None	False	PASS	2	None	
Lotus_Scripts_CrewShip_Malfunctions_WallBreach.lua_B	True	True	True	False	False	2	PASS	18	18	18	18	PASS	False	PASS	18	PASS	
Lotus_Scripts_CrewShip_MaterialParam.lua_B	True	True	True	True	True	1	PASS	4	4	4	4	None	False	PASS	4	None	
Lotus_Scripts_CrewShip_MissilePlatformRandomization.lua_B	True	True	True	False	False	2	PASS	6	6	6	6	PASS	False	PASS	6	PASS	
Lotus_Scripts_CrewShip_MissilePlatformWeakpoint.lua_B	True	True	True	False	False	2	PASS	6	6	6	6	PASS	False	PASS	6	PASS	
Lotus_Scripts_CrewShip_NechramechRailjackEncounter.lua_B	True	True	True	False	False	2	PASS	5	5	5	5	PASS	False	PASS	5	PASS	
Lotus_Scripts_CrewShip_Objectives_SpawnsOnlyObjective.lua_B	True	True	True	False	False	2	PASS	4	4	4	4	PASS	False	PASS	4	PASS	
Lotus_Scripts_CrewShip_PlayerSkillUpgrade.lua_B	True	True	True	True	True	1	PASS	13	13	13	13	None	False	PASS	13	None	
Lotus_Scripts_CrewShip_PointOfInterest.lua_B	True	True	True	False	False	2	PASS	7	7	7	7	PASS	False	PASS	7	PASS	
Lotus_Scripts_CrewShip_PostFade.lua_B	True	True	True	True	True	1	PASS	4	4	4	4	None	False	PASS	4	None	
Lotus_Scripts_CrewShip_RadarTowerScanner.lua_B	True	True	True	False	False	2	PASS	6	6	6	6	PASS	False	PASS	6	PASS	
Lotus_Scripts_CrewShip_RailjackConstruction.lua_B	True	True	True	False	False	2	PASS	30	30	30	30	PASS	False	FAIL	29	FAIL	
Lotus_Scripts_CrewShip_RailjackEngine.lua_B	True	True	True	True	True	1	PASS	2	2	2	2	None	False	PASS	2	None	
Lotus_Scripts_CrewShip_RailjackHackerAction.lua_B	True	True	True	False	False	2	PASS	12	12	12	12	PASS	False	PASS	12	PASS	
Lotus_Scripts_CrewShip_RailjackHackerDroneTransmissions.lua_B	True	True	True	False	False	2	PASS	3	3	3	3	PASS	False	PASS	3	PASS	
Lotus_Scripts_CrewShip_RailjackHudTrackers.lua_B	True	True	True	True	True	1	PASS	4	4	4	4	None	False	PASS	4	None	
Lotus_Scripts_CrewShip_RailjackInteriorRef.lua_B	True	True	True	True	True	1	PASS	2	2	2	2	None	False	PASS	2	None	
Lotus_Scripts_CrewShip_RailjackMegaLaserHit.lua_B	True	True	True	True	True	1	PASS	3	3	3	3	None	False	PASS	3	None	
Lotus_Scripts_CrewShip_RailjackMisc.lua_B	True	True	True	False	False	3	PASS	16	16	16	16	PASS	False	PASS	16	PASS	
Lotus_Scripts_CrewShip_RailjackMissionManager.lua_B	True	True	True	False	False	3	FAIL	25	25	25	29	FAIL	False	FAIL	23	FAIL	
Lotus_Scripts_CrewShip_RailjackOrdnanceHit.lua_B	True	True	True	True	True	1	PASS	2	2	2	2	None	False	PASS	2	None	
Lotus_Scripts_CrewShip_RailJackPreDeath.lua_B	True	True	True	False	False	3	PASS	16	16	16	16	PASS	False	FAIL	15	FAIL	
Lotus_Scripts_CrewShip_RailJackShip.lua_B	True	True	True	False	False	3	PASS	33	33	33	33	PASS	False	FAIL	32	FAIL	
Lotus_Scripts_CrewShip_RJCrewCommands.lua_B	True	True	True	False	False	2	PASS	29	29	29	29	PASS	False	PASS	29	PASS	
Lotus_Scripts_CrewShip_ShieldResponse.lua_B	True	True	True	True	True	1	PASS	4	4	4	4	None	False	PASS	4	None	
Lotus_Scripts_CrewShip_SpaceFighterBrutalistChargeFX.lua_B	True	True	True	True	True	1	PASS	3	3	3	3	None	False	PASS	3	None	
Lotus_Scripts_CrewShip_SpaceGroundTransitions.lua_B	True	True	True	False	False	2	PASS	16	16	16	16	PASS	False	PASS	16	PASS	
Lotus_Scripts_CrewShip_SpawnPlayerShip.lua_B	True	True	True	False	False	2	PASS	14	14	14	14	PASS	False	PASS	14	PASS	
Lotus_Scripts_CrewShip_SpawnPrisoners.lua_B	True	True	True	False	False	2	PASS	7	7	7	7	PASS	False	PASS	7	PASS	
Lotus_Scripts_CrewShip_StreamMission.lua_B	True	True	True	False	False	2	PASS	49	49	49	49	PASS	False	FAIL	45	FAIL	
Lotus_Scripts_CrewShip_VoidEffects.lua_B	True	True	True	False	False	2	PASS	10	10	10	10	PASS	False	FAIL	9	FAIL	
Lotus_Scripts_Crowns.lua_B	True	True	True	False	False	2	PASS	3	3	3	3	PASS	False	PASS	3	PASS	
Lotus_Scripts_CustomObstacleCourse.lua_B	True	True	True	True	True	1	PASS	4	4	4	4	None	False	PASS	4	None	
Lotus_Scripts_CylinderTrigger.lua_B	True	True	True	True	True	1	PASS	2	2	2	2	None	False	PASS	2	None	
Lotus_Scripts_Dailies_HardModeDaily.lua_B	True	True	True	False	False	2	PASS	21	21	21	21	PASS	False	FAIL	20	FAIL	
Lotus_Scripts_DamageAvatar.lua_B	True	True	True	True	True	1	PASS	2	2	2	2	None	False	PASS	2	None	
Lotus_Scripts_DamageParentDeco.lua_B	True	True	True	True	True	1	PASS	2	2	2	2	None	False	PASS	2	None	
Lotus_Scripts_DanceEmote.lua_B	True	True	True	False	False	2	PASS	4	4	4	4	PASS	False	PASS	4	PASS	
Lotus_Scripts_DarkKuvaEximusMain.lua_B	True	True	True	True	True	1	PASS	6	6	6	6	None	False	PASS	6	None	
Lotus_Scripts_DarkKuvaEximusShootAbilitySimple.lua_B	True	True	True	False	False	2	PASS	15	15	15	15	PASS	False	FAIL	14	FAIL	
Lotus_Scripts_DarkKuvaEximusShootPatternsLib.lua_B	True	True	True	True	True	1	PASS	2	2	2	2	None	False	FAIL	1	None	
Lotus_Scripts_DarkKuvaEximusUtilities.lua_B	True	True	True	False	False	2	PASS	11	11	11	11	PASS	False	PASS	11	PASS	
Lotus_Scripts_DarkSectors_DarkSectorBeacon.lua_B	True	True	True	True	True	1	PASS	2	2	2	2	None	False	PASS	2	None	
Lotus_Scripts_DarkSectors_DarkSectors.lua_B	True	True	True	False	False	2	PASS	58	58	58	58	PASS	False	PASS	58	PASS	
Lotus_Scripts_DarkSectors_DarkSectorSimarisFx.lua_B	True	True	True	False	False	2	PASS	2	2	2	2	PASS	False	PASS	2	PASS	
Lotus_Scripts_DayNight.lua_B	True	True	True	False	False	2	PASS	18	18	18	18	PASS	False	FAIL	17	FAIL	
Lotus_Scripts_DayNightTestB.lua_B	True	True	True	False	False	2	PASS	6	6	6	6	PASS	False	FAIL	5	FAIL	
Lotus_Scripts_DayNightTests.lua_B	True	True	True	False	False	2	FAIL	8	7	8	8	FAIL	False	PASS	8	PASS	
Lotus_Scripts_DeathSquadFlak.lua_B	True	True	True	True	True	1	PASS	2	2	2	2	None	False	FAIL	1	None	
Lotus_Scripts_DeathSquadFlashBang.lua_B	True	True	True	True	True	1	PASS	3	3	3	3	None	False	PASS	3	None	
Lotus_Scripts_DeathSquadSentinel.lua_B	True	True	True	False	False	2	PASS	7	7	7	7	PASS	False	PASS	7	PASS	
Lotus_Scripts_DecoAmbientAnimVariations.lua_B	True	True	True	True	True	1	PASS	3	3	3	3	None	False	PASS	3	None	
Lotus_Scripts_DecorationFunctions.lua_B	True	True	True	False	False	2	PASS	5	5	5	5	PASS	False	PASS	5	PASS	
Lotus_Scripts_DedicatedServerInit.lua_B	True	True	True	False	False	3	PASS	33	33	33	33	PASS	False	FAIL	32	FAIL	
Lotus_Scripts_DestroyParentWithoutDelay.lua_B	True	True	True	True	True	1	PASS	2	2	2	2	None	False	PASS	2	None	
Lotus_Scripts_DestroyType.lua_B	True	True	True	True	True	1	PASS	4	4	4	4	None	False	PASS	4	None	
Lotus_Scripts_DestructibleObject.lua_B	True	True	True	True	True	1	PASS	3	3	3	3	None	False	PASS	3	None	
Lotus_Scripts_DevotedHealer.lua_B	True	True	True	False	False	2	PASS	5	5	5	5	PASS	False	PASS	5	PASS	
Lotus_Scripts_Dialog_Conversation.lua_B	True	True	True	False	False	4	PASS	59	59	59	59	PASS	False	FAIL	56	FAIL	
Lotus_Scripts_Dialog_ConversationActionAutoDisable.lua_B	True	True	True	False	False	2	PASS	2	2	2	2	PASS	False	PASS	2	PASS	
Lotus_Scripts_Dialog_ConversationActionLockedHint.lua_B	True	True	True	True	True	1	PASS	4	4	4	4	None	False	PASS	4	None	
Lotus_Scripts_Dialog_OverrideEndOfMissionVo.lua_B	True	True	True	True	True	1	PASS	2	2	2	2	None	False	PASS	2	None	
Lotus_Scripts_Dialog_OverrideHubNpcDialog.lua_B	True	True	True	True	True	1	PASS	2	2	2	2	None	False	PASS	2	None	
Lotus_Scripts_Dialog_PlayTransmissionAnims.lua_B	True	True	True	False	False	2	PASS	8	8	8	8	PASS	False	FAIL	6	FAIL	
Lotus_Scripts_Dialog_PlayTransmissionsAfterMoviesClose.lua_B	True	True	True	True	True	1	PASS	3	3	3	3	None	False	PASS	3	None	
Lotus_Scripts_Dialog_ProximityDialog.lua_B	True	True	True	False	False	2	PASS	2	2	2	2	PASS	False	PASS	2	PASS	
Lotus_Scripts_Dialog_RelayReconConvoSetup.lua_B	True	True	True	True	True	1	PASS	7	7	7	7	None	False	PASS	7	None	
Lotus_Scripts_Dialog_SyndicateDialog.lua_B	True	True	True	True	True	1	PASS	5	5	5	5	None	False	PASS	5	None	
Lotus_Scripts_DialogTree.lua_B	True	True	True	False	False	2	PASS	3	3	3	3	PASS	False	PASS	3	PASS	
Lotus_Scripts_DialogueMarker.lua_B	True	True	True	False	False	2	PASS	5	5	5	5	PASS	False	PASS	5	PASS	
Lotus_Scripts_DioramaEmote.lua_B	True	True	True	True	True	1	PASS	2	2	2	2	None	False	PASS	2	None	
Lotus_Scripts_DisableInPhotobooth.lua_B	True	True	True	True	True	1	PASS	3	3	3	3	None	False	PASS	3	None	
Lotus_Scripts_DiscOsprey.lua_B	True	True	True	True	True	1	PASS	3	3	3	3	None	False	PASS	3	None	
Lotus_Scripts_DiscoverableMarker.lua_B	True	True	True	True	True	1	PASS	2	2	2	2	None	False	PASS	2	None	
Lotus_Scripts_DisplayFocusRewards.lua_B	True	True	True	False	False	2	PASS	3	3	3	3	PASS	False	PASS	3	PASS	
Lotus_Scripts_DisplayMessage.lua_B	True	True	True	False	False	2	PASS	2	2	2	2	PASS	False	PASS	2	PASS	
Lotus_Scripts_DissolveObjects.lua_B	True	True	True	True	True	1	PASS	8	8	8	8	None	False	PASS	8	None	
Lotus_Scripts_Dojo.lua_B	True	True	True	False	False	2	PASS	19	19	19	19	PASS	False	FAIL	17	FAIL	
Lotus_Scripts_DojoColorResearch.lua_B	True	True	True	True	True	1	PASS	6	6	6	6	None	False	PASS	6	None	
Lotus_Scripts_DojoConversationDeco.lua_B	True	True	True	False	False	2	PASS	6	6	6	6	PASS	False	PASS	6	PASS	
Lotus_Scripts_DojoDagath.lua_B	True	True	True	True	True	1	PASS	3	3	3	3	None	False	PASS	3	None	
Lotus_Scripts_DojoDuel.lua_B	True	True	True	False	False	2	PASS	21	21	21	21	PASS	False	FAIL	19	FAIL	
Lotus_Scripts_DojoIntro.lua_B	True	True	True	True	True	1	PASS	2	2	2	2	None	False	PASS	2	None	
Lotus_Scripts_DojoLimitedDeco.lua_B	True	True	True	True	True	1	PASS	3	3	3	3	None	False	PASS	3	None	
Lotus_Scripts_DojoMisc.lua_B	True	True	True	True	True	1	PASS	5	5	5	5	None	False	PASS	5	None	
Lotus_Scripts_DojoObstacle.lua_B	True	True	True	False	False	2	PASS	14	14	14	14	PASS	False	PASS	14	PASS	
Lotus_Scripts_DojoPlaceableFX.lua_B	True	True	True	True	True	1	PASS	7	7	7	7	None	False	PASS	7	None	
Lotus_Scripts_DojoTeleporter.lua_B	True	True	True	False	False	2	PASS	9	9	9	9	PASS	False	PASS	9	PASS	
Lotus_Scripts_DoorAnim.lua_B	True	True	True	False	False	2	PASS	8	8	8	8	PASS	False	FAIL	7	FAIL	
Lotus_Scripts_DoorFrameEmissives.lua_B	True	True	True	True	True	1	PASS	3	3	3	3	None	False	PASS	3	None	
Lotus_Scripts_DoubleFeatureBoss.lua_B	True	True	True	False	False	2	PASS	9	9	9	9	PASS	False	PASS	9	PASS	
Lotus_Scripts_DrifterCamp.lua_B	True	True	True	True	True	1	PASS	9	9	9	9	None	False	PASS	9	None	
Lotus_Scripts_DrifterDodge.lua_B	True	True	True	True	True	1	PASS	2	2	2	2	None	False	PASS	2	None	
Lotus_Scripts_DroneHover.lua_B	True	True	True	True	True	1	PASS	2	2	2	2	None	False	PASS	2	None	
Lotus_Scripts_DroneProximityMine.lua_B	True	True	True	False	False	2	PASS	4	4	4	4	PASS	False	PASS	4	PASS	
Lotus_Scripts_DusterProjectile.lua_B	True	True	True	True	True	1	PASS	2	2	2	2	None	False	PASS	2	None	
Lotus_Scripts_Duviri_ArchivistEmpathyChallenges.lua_B	True	True	True	False	False	2	FAIL	8	8	8	49	FAIL	False	FAIL	8	FAIL	
Lotus_Scripts_Duviri_ArenaLib.lua_B	True	True	True	True	True	1	PASS	12	12	12	12	None	False	PASS	12	None	
Lotus_Scripts_Duviri_ArenaLobby.lua_B	True	True	True	False	False	3	PASS	91	91	91	91	PASS	False	FAIL	87	FAIL	
Lotus_Scripts_Duviri_ArenaStreaming.lua_B	True	True	True	False	False	2	PASS	13	13	13	13	PASS	False	PASS	13	PASS	
Lotus_Scripts_Duviri_DuviriFish.lua_B	True	True	True	True	True	1	PASS	3	3	3	3	None	False	PASS	3	None	
Lotus_Scripts_Duviri_DuviriFishSpawner.lua_B	True	True	True	False	False	2	PASS	9	9	9	9	PASS	False	PASS	9	PASS	
Lotus_Scripts_Duviri_DuviriGameplayUtil.lua_B	True	True	True	False	False	2	PASS	9	9	9	9	PASS	False	PASS	9	PASS	
Lotus_Scripts_Duviri_DuviriHudTrackers.lua_B	True	True	True	True	True	1	PASS	2	2	2	2	None	False	PASS	2	None	
Lotus_Scripts_Duviri_DuviriMissions.lua_B	True	True	True	False	False	None	FAIL	28	27	28	28	None	False	FAIL	22	None	
Lotus_Scripts_Duviri_DuviriMissionSetup.lua_B	True	True	True	False	False	3	PASS	23	23	23	23	PASS	False	FAIL	21	FAIL	
Lotus_Scripts_Duviri_DuviriNpcCower.lua_B	True	True	True	False	False	2	PASS	18	18	18	18	PASS	False	FAIL	17	FAIL	
Lotus_Scripts_Duviri_DuviriPortal.lua_B	True	True	True	False	False	2	PASS	6	6	6	6	PASS	False	FAIL	5	FAIL	
Lotus_Scripts_Duviri_DuviriPortalEffects.lua_B	True	True	True	False	False	2	PASS	30	30	30	30	PASS	False	FAIL	29	FAIL	
Lotus_Scripts_Duviri_DuviriPortalToggle.lua_B	True	True	True	True	True	1	PASS	3	3	3	3	None	False	PASS	3	None	
Lotus_Scripts_Duviri_DuviriQuestUtil.lua_B	True	True	True	True	True	1	PASS	5	5	5	5	None	False	PASS	5	None	
Lotus_Scripts_Duviri_DuviriQuiz.lua_B	True	True	True	False	False	2	PASS	6	6	6	6	PASS	False	PASS	6	PASS	
Lotus_Scripts_Duviri_DuviriRewards.lua_B	True	True	True	False	False	2	PASS	2	2	2	2	PASS	False	PASS	2	PASS	
Lotus_Scripts_Duviri_Encounters_BombastineEncounter.lua_B	True	True	True	False	False	2	PASS	26	26	26	26	PASS	False	PASS	26	PASS	
Lotus_Scripts_Duviri_Encounters_Cables.lua_B	True	True	True	True	True	1	PASS	5	5	5	5	None	False	PASS	5	None	
Lotus_Scripts_Duviri_Encounters_CaveEncounter.lua_B	True	True	True	False	False	2	PASS	19	19	19	19	PASS	False	FAIL	17	FAIL	
Lotus_Scripts_Duviri_Encounters_CaveEncounterShadowBeam.lua_B	True	True	True	True	True	1	PASS	3	3	3	3	None	False	PASS	3	None	
Lotus_Scripts_Duviri_Encounters_CombatTarget.lua_B	True	True	True	False	False	2	PASS	13	13	13	13	PASS	False	FAIL	11	FAIL	
Lotus_Scripts_Duviri_Encounters_ConservationCombat.lua_B	True	True	True	False	False	2	PASS	11	11	11	11	PASS	False	PASS	11	PASS	
Lotus_Scripts_Duviri_Encounters_CourierEncounter.lua_B	True	True	True	False	False	2	PASS	16	16	16	16	PASS	False	PASS	16	PASS	
Lotus_Scripts_Duviri_Encounters_Discs.lua_B	True	True	True	False	False	2	PASS	14	14	14	14	PASS	False	FAIL	13	FAIL	
Lotus_Scripts_Duviri_Encounters_DragonBossEncounter.lua_B	True	True	True	False	False	2	PASS	7	7	7	7	PASS	False	PASS	7	PASS	
Lotus_Scripts_Duviri_Encounters_DrifterPuzzleEncounter.lua_B	True	True	True	False	False	2	PASS	16	16	16	16	PASS	False	FAIL	14	FAIL	
Lotus_Scripts_Duviri_Encounters_DuviriAutonomousHorseTimeTrial.lua_B	True	True	True	False	False	2	PASS	38	38	38	38	PASS	False	PASS	38	PASS	
Lotus_Scripts_Duviri_Encounters_DuviriClientWFSpaceTimers.lua_B	True	True	True	False	False	2	PASS	5	5	5	5	PASS	False	PASS	5	PASS	
Lotus_Scripts_Duviri_Encounters_DuviriCombatTrappedChestEncounter.lua_B	True	True	True	False	False	2	PASS	5	5	5	5	PASS	False	FAIL	4	FAIL	
Lotus_Scripts_Duviri_Encounters_DuviriDefendPrisonerEncounter.lua_B	True	True	True	False	False	2	PASS	13	13	13	13	PASS	False	FAIL	11	FAIL	
Lotus_Scripts_Duviri_Encounters_DuviriDragonSummon.lua_B	True	True	True	False	False	2	PASS	13	13	13	13	PASS	False	PASS	13	PASS	
Lotus_Scripts_Duviri_Encounters_DuviriGlyphPuzzlesPickUp.lua_B	True	True	True	True	True	1	PASS	3	3	3	3	None	False	PASS	3	None	
Lotus_Scripts_Duviri_Encounters_DuviriGlypthPuzzles.lua_B	True	True	True	False	False	3	PASS	30	30	30	30	PASS	False	FAIL	27	FAIL	
Lotus_Scripts_Duviri_Encounters_DuviriHorseTimeTrial.lua_B	True	True	True	False	False	2	PASS	10	10	10	10	PASS	False	PASS	10	PASS	
Lotus_Scripts_Duviri_Encounters_DuviriKomiEncounter.lua_B	True	True	True	False	False	2	PASS	18	18	18	18	PASS	False	PASS	18	PASS	
Lotus_Scripts_Duviri_Encounters_DuviriKomiGame.lua_B	True	True	True	False	False	3	PASS	21	21	21	21	PASS	False	FAIL	18	FAIL	
Lotus_Scripts_Duviri_Encounters_DuviriKullervoBossEncounter.lua_B	True	True	True	False	False	2	PASS	28	28	28	28	PASS	False	FAIL	27	FAIL	
Lotus_Scripts_Duviri_Encounters_DuviriLift.lua_B	True	True	True	True	True	1	PASS	3	3	3	3	None	False	PASS	3	None	
Lotus_Scripts_Duviri_Encounters_DuviriLockPowerCarry.lua_B	True	True	True	True	True	1	PASS	21	21	21	21	None	False	PASS	21	None	
Lotus_Scripts_Duviri_Encounters_DuviriPatrol.lua_B	True	True	True	False	False	2	PASS	6	6	6	6	PASS	False	FAIL	5	FAIL	
Lotus_Scripts_Duviri_Encounters_DuviriPortalEncounter.lua_B	True	True	True	False	False	2	PASS	24	24	24	24	PASS	False	FAIL	21	FAIL	
Lotus_Scripts_Duviri_Encounters_DuviriRewardsLib.lua_B	True	True	True	False	False	2	PASS	18	18	18	18	PASS	False	PASS	18	PASS	
Lotus_Scripts_Duviri_Encounters_DuviriSentry.lua_B	True	True	True	False	False	2	PASS	24	24	24	24	PASS	False	FAIL	22	FAIL	
Lotus_Scripts_Duviri_Encounters_DuviriWarframeSpace.lua_B	True	True	True	False	False	2	PASS	13	13	13	13	PASS	False	PASS	13	PASS	
Lotus_Scripts_Duviri_Encounters_DynamicPortalEncounter.lua_B	True	True	True	False	False	2	PASS	15	15	15	15	PASS	False	PASS	15	PASS	
Lotus_Scripts_Duviri_Encounters_EncounterLimiter.lua_B	True	True	True	True	True	1	PASS	2	2	2	2	None	False	PASS	2	None	
Lotus_Scripts_Duviri_Encounters_FindAndShow.lua_B	True	True	True	True	True	1	PASS	4	4	4	4	None	False	PASS	4	None	
Lotus_Scripts_Duviri_Encounters_GhostAmbush.lua_B	True	True	True	False	False	2	PASS	8	8	8	8	PASS	False	PASS	8	PASS	
Lotus_Scripts_Duviri_Encounters_GhostMirrorEncounter.lua_B	True	True	True	False	False	2	PASS	33	33	33	33	PASS	False	FAIL	30	FAIL	
Lotus_Scripts_Duviri_Encounters_GuardStealth.lua_B	True	True	True	False	False	2	PASS	8	8	8	8	PASS	False	PASS	8	PASS	
Lotus_Scripts_Duviri_Encounters_MazePowerLockEncounter.lua_B	True	True	True	False	False	2	PASS	18	18	18	18	PASS	False	FAIL	16	FAIL	
Lotus_Scripts_Duviri_Encounters_MITWAmbush.lua_B	True	True	True	False	False	None	PASS	7	7	7	7	None	False	FAIL	6	None	
Lotus_Scripts_Duviri_Encounters_MountedDaxMinibossEncounter.lua_B	True	True	True	False	False	2	PASS	33	33	33	33	PASS	False	FAIL	32	FAIL	
Lotus_Scripts_Duviri_Encounters_NpcActivityBaseEncounter.lua_B	True	True	True	False	False	2	PASS	39	39	39	39	PASS	False	FAIL	37	FAIL	
Lotus_Scripts_Duviri_Encounters_OwlRecon.lua_B	True	True	True	False	False	2	PASS	30	30	30	30	PASS	False	FAIL	27	FAIL	
Lotus_Scripts_Duviri_Encounters_PowerGridEncounter.lua_B	True	True	True	False	False	2	PASS	17	17	17	17	PASS	False	FAIL	15	FAIL	
Lotus_Scripts_Duviri_Encounters_SetEndPoint.lua_B	True	True	True	True	True	1	PASS	2	2	2	2	None	False	PASS	2	None	
Lotus_Scripts_Duviri_Encounters_SetTriggerState.lua_B	True	True	True	True	True	1	PASS	2	2	2	2	None	False	PASS	2	None	
Lotus_Scripts_Duviri_Encounters_Shepherding.lua_B	True	True	True	False	False	2	PASS	20	20	20	20	PASS	False	FAIL	16	FAIL	
Lotus_Scripts_Duviri_Encounters_ShrineAssembleEncounter.lua_B	True	True	True	False	False	2	PASS	18	18	18	18	PASS	False	FAIL	16	FAIL	
Lotus_Scripts_Duviri_Encounters_SideActivitiesCheat.lua_B	True	True	True	False	False	3	PASS	19	19	19	19	PASS	False	FAIL	17	FAIL	
Lotus_Scripts_Duviri_Encounters_SimpleHorseSpawner.lua_B	True	True	True	False	False	2	PASS	6	6	6	6	PASS	False	PASS	6	PASS	
Lotus_Scripts_Duviri_Encounters_SimpleRunEncounters.lua_B	True	True	True	True	True	1	PASS	2	2	2	2	None	False	PASS	2	None	
Lotus_Scripts_Duviri_Encounters_SphinxAnim.lua_B	True	True	True	True	True	1	PASS	2	2	2	2	None	False	PASS	2	None	
Lotus_Scripts_Duviri_Encounters_StoryCombatEncounter.lua_B	True	True	True	False	False	2	PASS	10	10	10	10	PASS	False	PASS	10	PASS	
Lotus_Scripts_Duviri_Encounters_StorySetupEncounter.lua_B	True	True	True	False	False	2	PASS	11	11	11	11	PASS	False	PASS	11	PASS	
Lotus_Scripts_Duviri_Encounters_TeshinCaveEncounter.lua_B	True	True	True	False	False	2	PASS	26	26	26	26	PASS	False	PASS	26	PASS	
Lotus_Scripts_Duviri_Encounters_Thicket.lua_B	True	True	True	False	False	2	PASS	3	3	3	3	PASS	False	FAIL	2	FAIL	
Lotus_Scripts_Duviri_Encounters_TownExecutionEncounter.lua_B	True	True	True	False	False	2	PASS	42	42	42	42	PASS	False	FAIL	41	FAIL	
Lotus_Scripts_Duviri_Gameplay_DuviriChest.lua_B	True	True	True	False	False	2	PASS	17	17	17	17	PASS	False	FAIL	16	FAIL	
Lotus_Scripts_Duviri_Gameplay_DuviriChestSpawn.lua_B	True	True	True	False	False	2	PASS	6	6	6	6	PASS	False	FAIL	5	FAIL	
Lotus_Scripts_Duviri_Gameplay_DuviriCollectible.lua_B	True	True	True	True	True	1	PASS	4	4	4	4	None	False	PASS	4	None	
Lotus_Scripts_Duviri_Gameplay_DuviriDaxTutorial.lua_B	True	True	True	False	False	2	PASS	13	13	13	13	PASS	False	PASS	13	PASS	
Lotus_Scripts_Duviri_Gameplay_DuviriEndless.lua_B	True	True	True	False	False	2	PASS	21	21	21	21	PASS	False	PASS	21	PASS	
Lotus_Scripts_Duviri_Gameplay_DuviriFractureHazard.lua_B	True	True	True	True	True	1	PASS	4	4	4	4	None	False	PASS	4	None	
Lotus_Scripts_Duviri_Gameplay_DuviriFractureHazardSpawner.lua_B	True	True	True	False	False	2	PASS	6	6	6	6	PASS	False	PASS	6	PASS	
Lotus_Scripts_Duviri_Gameplay_DuviriPuzzleWall.lua_B	True	True	True	False	False	2	PASS	5	5	5	5	PASS	False	PASS	5	PASS	
Lotus_Scripts_Duviri_Gateways.lua_B	True	True	True	False	False	2	PASS	7	7	7	7	PASS	False	FAIL	5	FAIL	
Lotus_Scripts_Duviri_GraveText.lua_B	True	True	True	True	True	1	PASS	3	3	3	3	None	False	PASS	3	None	
Lotus_Scripts_Duviri_IndependentEnergySpawner.lua_B	True	True	True	False	False	2	PASS	3	3	3	3	PASS	False	PASS	3	PASS	
Lotus_Scripts_Duviri_LotusHandCompass.lua_B	True	True	True	False	False	3	PASS	29	29	29	29	PASS	False	FAIL	27	FAIL	
Lotus_Scripts_Duviri_MawFishing.lua_B	True	True	True	False	False	2	PASS	22	22	22	22	PASS	False	FAIL	20	FAIL	
Lotus_Scripts_Duviri_MoodController.lua_B	True	True	True	False	False	2	PASS	14	14	14	14	PASS	False	FAIL	13	FAIL	
Lotus_Scripts_Duviri_PhantomZoneMinigame.lua_B	True	True	True	False	False	2	PASS	3	3	3	3	PASS	False	PASS	3	PASS	
Lotus_Scripts_Duviri_QuestPickupBook.lua_B	True	True	True	True	True	1	PASS	3	3	3	3	None	False	PASS	3	None	
Lotus_Scripts_Duviri_RangeDecoPickup.lua_B	True	True	True	True	True	1	PASS	2	2	2	2	None	False	PASS	2	None	
Lotus_Scripts_Duviri_RmfFogTint.lua_B	True	True	True	True	True	1	PASS	16	16	16	16	None	False	PASS	16	None	
Lotus_Scripts_Duviri_SwimmingMaw.lua_B	True	True	True	True	True	1	PASS	4	4	4	4	None	False	PASS	4	None	
Lotus_Scripts_Duviri_Vagabond.lua_B	True	True	True	False	False	2	PASS	4	4	4	4	PASS	False	PASS	4	PASS	
Lotus_Scripts_DuviriMITW_DualOctopedeBoss.lua_B	True	True	True	False	False	2	PASS	9	9	9	9	PASS	False	FAIL	8	FAIL	
Lotus_Scripts_DuviriMITW_IsleweaverAssets.lua_B	True	True	True	True	True	1	PASS	4	4	4	4	None	False	PASS	4	None	
Lotus_Scripts_DuviriMITW_OctopedeSummonEncounter.lua_B	True	True	True	False	False	2	PASS	18	18	18	18	PASS	False	FAIL	17	FAIL	
Lotus_Scripts_DuviriMITW_OraxiaBossEncounter.lua_B	True	True	True	False	False	2	PASS	15	15	15	15	PASS	False	FAIL	13	FAIL	
Lotus_Scripts_Effects_ArachnoidEffects.lua_B	True	True	True	True	True	1	PASS	2	2	2	2	None	False	PASS	2	None	
Lotus_Scripts_Effects_ArcadeCabinet.lua_B	True	True	True	True	True	1	PASS	2	2	2	2	None	False	PASS	2	None	
Lotus_Scripts_Effects_ArchonShardEphemera.lua_B	True	True	True	False	False	2	PASS	7	7	7	7	PASS	False	PASS	7	PASS	
Lotus_Scripts_Effects_AreaDenialHandler.lua_B	True	True	True	True	True	1	PASS	2	2	2	2	None	False	PASS	2	None	
Lotus_Scripts_Effects_ArmorChanneling.lua_B	True	True	True	False	False	2	PASS	10	10	10	10	PASS	False	FAIL	9	FAIL	
Lotus_Scripts_Effects_AshGemini.lua_B	True	True	True	True	True	1	PASS	5	5	5	5	None	False	PASS	5	None	
Lotus_Scripts_Effects_AttachFX.lua_B	True	True	True	True	True	1	PASS	28	28	28	28	None	False	PASS	28	None	
Lotus_Scripts_Effects_BackdropQuad.lua_B	True	True	True	False	False	2	PASS	5	5	5	5	PASS	False	PASS	5	PASS	
Lotus_Scripts_Effects_BardQuestEffects.lua_B	True	True	True	True	True	1	PASS	3	3	3	3	None	False	PASS	3	None	
Lotus_Scripts_Effects_BaruukEphemera.lua_B	True	True	True	False	False	2	PASS	3	3	3	3	PASS	False	FAIL	2	FAIL	
Lotus_Scripts_Effects_BeamExplodeOnDeath.lua_B	True	True	True	True	True	1	PASS	2	2	2	2	None	False	PASS	2	None	
Lotus_Scripts_Effects_BirdsTakingOffFx.lua_B	True	True	True	True	True	1	PASS	2	2	2	2	None	False	PASS	2	None	
Lotus_Scripts_Effects_BodyMushrooms.lua_B	True	True	True	True	True	1	PASS	4	4	4	4	None	False	PASS	4	None	
Lotus_Scripts_Effects_BrokenCustomization.lua_B	True	True	True	True	True	1	PASS	3	3	3	3	None	False	PASS	3	None	
Lotus_Scripts_Effects_BulletJump.lua_B	True	True	True	False	False	2	PASS	8	8	8	8	PASS	False	PASS	8	PASS	
Lotus_Scripts_Effects_CalibanDeluxeEphemera.lua_B	True	True	True	True	True	1	PASS	2	2	2	2	None	False	PASS	2	None	
Lotus_Scripts_Effects_CameraShake.lua_B	True	True	True	False	False	2	PASS	5	5	5	5	PASS	False	PASS	5	PASS	
Lotus_Scripts_Effects_CensoredFuncs.lua_B	True	True	True	False	False	2	PASS	7	7	7	7	PASS	False	PASS	7	PASS	
Lotus_Scripts_Effects_CephalonCy.lua_B	True	True	True	True	True	1	PASS	3	3	3	3	None	False	PASS	3	None	
Lotus_Scripts_Effects_ChangeFog.lua_B	True	True	True	False	False	2	PASS	2	2	2	2	PASS	False	PASS	2	PASS	
Lotus_Scripts_Effects_ChangeGrade.lua_B	True	True	True	True	True	1	PASS	3	3	3	3	None	False	PASS	3	None	
Lotus_Scripts_Effects_CharacterMaterialEffects.lua_B	True	True	True	True	True	1	PASS	6	6	6	6	None	False	PASS	6	None	
Lotus_Scripts_Effects_ChargeFade.lua_B	True	True	True	False	False	2	PASS	12	12	12	12	PASS	False	PASS	12	PASS	
Lotus_Scripts_Effects_ChimeraEffects.lua_B	True	True	True	False	True	2	PASS	8	8	8	8	PASS	False	PASS	8	PASS	
Lotus_Scripts_Effects_ChoirFrameCloth.lua_B	True	True	True	True	True	1	PASS	5	5	5	5	None	False	PASS	5	None	
Lotus_Scripts_Effects_CipIceBreath.lua_B	True	True	True	False	False	2	PASS	2	2	2	2	PASS	False	PASS	2	PASS	
Lotus_Scripts_Effects_CleanWaterSabotage.lua_B	True	True	True	False	False	2	PASS	3	3	3	3	PASS	False	PASS	3	PASS	
Lotus_Scripts_Effects_CollabEmoteEffects.lua_B	True	True	True	False	False	2	PASS	10	10	10	10	PASS	False	PASS	10	PASS	
Lotus_Scripts_Effects_ColorTintTransition.lua_B	True	True	True	True	True	1	PASS	7	7	7	7	None	False	PASS	7	None	
Lotus_Scripts_Effects_CompositeLotus.lua_B	True	True	True	True	True	1	PASS	3	3	3	3	None	False	PASS	3	None	
Lotus_Scripts_Effects_ConservationBurrowingAnimal.lua_B	True	True	True	False	False	2	PASS	7	7	7	7	PASS	False	PASS	7	PASS	
Lotus_Scripts_Effects_CorpusArenaScreens.lua_B	True	True	True	True	True	1	PASS	4	4	4	4	None	False	PASS	4	None	
Lotus_Scripts_Effects_CorpusIndexArmor.lua_B	True	True	True	True	True	1	PASS	4	4	4	4	None	False	PASS	4	None	
Lotus_Scripts_Effects_CorpusPolearm.lua_B	True	True	True	True	True	1	PASS	3	3	3	3	None	False	PASS	3	None	
Lotus_Scripts_Effects_CorpusRailjackEffects.lua_B	True	True	True	False	False	2	PASS	17	17	17	17	PASS	False	PASS	17	PASS	
Lotus_Scripts_Effects_CorpusShipEffects.lua_B	True	True	True	False	False	2	PASS	14	14	14	14	PASS	False	PASS	14	PASS	
Lotus_Scripts_Effects_CreditPickups.lua_B	True	True	True	False	False	2	PASS	3	3	3	3	PASS	False	FAIL	2	FAIL	
Lotus_Scripts_Effects_CrewShipStunnedFx.lua_B	True	True	True	False	False	2	PASS	2	2	2	2	PASS	False	PASS	2	PASS	
Lotus_Scripts_Effects_CustomEffects.lua_B	True	True	True	False	False	2	PASS	11	11	11	11	PASS	False	PASS	11	PASS	
Lotus_Scripts_Effects_DamageZone.lua_B	True	True	True	False	False	2	PASS	2	2	2	2	PASS	False	PASS	2	PASS	
Lotus_Scripts_Effects_DecalEmissiveFade.lua_B	True	True	True	True	True	1	PASS	4	4	4	4	None	False	PASS	4	None	
Lotus_Scripts_Effects_DecoProgressBar.lua_B	True	True	True	False	False	2	PASS	2	2	2	2	PASS	False	PASS	2	PASS	
Lotus_Scripts_Effects_DecoTintColor.lua_B	True	True	True	True	True	1	PASS	3	3	3	3	None	False	PASS	3	None	
Lotus_Scripts_Effects_DeimosEffects.lua_B	True	True	True	True	True	1	PASS	4	4	4	4	None	False	PASS	4	None	
Lotus_Scripts_Effects_DemonframeCinEffects.lua_B	True	True	True	True	True	1	PASS	2	2	2	2	None	False	PASS	2	None	
Lotus_Scripts_Effects_DemonFrameIdles.lua_B	True	True	True	True	True	1	PASS	9	9	9	9	None	False	PASS	9	None	
Lotus_Scripts_Effects_DeployableCoverEffects.lua_B	True	True	True	True	True	1	PASS	2	2	2	2	None	False	PASS	2	None	
Lotus_Scripts_Effects_DerelictEngineLights.lua_B	True	True	True	True	True	1	PASS	2	2	2	2	None	False	PASS	2	None	
Lotus_Scripts_Effects_DevilTowerEffects.lua_B	True	True	True	True	True	1	PASS	2	2	2	2	None	False	PASS	2	None	
Lotus_Scripts_Effects_DroneRagdolls.lua_B	True	True	True	True	True	1	PASS	3	3	3	3	None	False	PASS	3	None	
Lotus_Scripts_Effects_DrususTransmission.lua_B	True	True	True	True	True	1	PASS	2	2	2	2	None	False	PASS	2	None	
Lotus_Scripts_Effects_DuviriDestructibleFractals.lua_B	True	True	True	False	False	2	PASS	2	2	2	2	PASS	False	PASS	2	PASS	
Lotus_Scripts_Effects_DuviriEffects.lua_B	True	True	True	True	True	1	PASS	10	10	10	10	None	False	PASS	10	None	
Lotus_Scripts_Effects_DuviriQuestEffects.lua_B	True	True	True	True	True	1	PASS	18	18	18	18	None	False	PASS	18	None	
Lotus_Scripts_Effects_DuviriWeather.lua_B	True	True	True	False	False	2	PASS	10	10	10	10	PASS	False	PASS	10	PASS	
Lotus_Scripts_Effects_EffectsColorUtilities.lua_B	True	True	True	False	False	2	PASS	21	21	21	21	PASS	False	PASS	21	PASS	
Lotus_Scripts_Effects_EffectsUtilities.lua_B	True	True	True	True	True	1	PASS	3	3	3	3	None	False	PASS	3	None	
Lotus_Scripts_Effects_ElectricCanyonElectricity.lua_B	True	True	True	False	False	2	PASS	5	5	5	5	PASS	False	PASS	5	PASS	
Lotus_Scripts_Effects_EmoteEffects.lua_B	True	True	True	False	False	2	PASS	7	7	7	7	PASS	False	FAIL	6	FAIL	
Lotus_Scripts_Effects_EmoteEffectsCustomizationSwap.lua_B	True	True	True	True	True	1	PASS	5	5	5	5	None	False	PASS	5	None	
Lotus_Scripts_Effects_EnergyColorEffects.lua_B	True	True	True	False	False	2	PASS	12	12	12	12	PASS	False	PASS	12	PASS	
Lotus_Scripts_Effects_EnergyColorFromPowersuit.lua_B	True	True	True	True	True	1	PASS	2	2	2	2	None	False	PASS	2	None	
Lotus_Scripts_Effects_EnergyElement.lua_B	True	True	True	False	False	2	PASS	8	8	8	8	PASS	False	PASS	8	PASS	
Lotus_Scripts_Effects_EngineBeamBurst.lua_B	True	True	True	False	False	2	PASS	5	5	5	5	PASS	False	PASS	5	PASS	
Lotus_Scripts_Effects_EntratiLabScribbleFade.lua_B	True	True	True	True	True	1	PASS	2	2	2	2	None	False	PASS	2	None	
Lotus_Scripts_Effects_EntratiQuestEffects.lua_B	True	True	True	False	False	2	PASS	52	52	52	52	PASS	False	PASS	52	PASS	
Lotus_Scripts_Effects_EnvironmentDamageEffects.lua_B	True	True	True	True	True	1	PASS	3	3	3	3	None	False	PASS	3	None	
Lotus_Scripts_Effects_EphemeraCustomization.lua_B	True	True	True	False	False	2	PASS	9	9	9	9	PASS	False	PASS	9	PASS	
Lotus_Scripts_Effects_EphemeraPrimeA.lua_B	True	True	True	False	False	3	PASS	16	16	16	16	PASS	False	FAIL	14	FAIL	
Lotus_Scripts_Effects_EPWindmill.lua_B	True	True	True	True	True	1	PASS	3	3	3	3	None	False	PASS	3	None	
Lotus_Scripts_Effects_ExplosionDeath.lua_B	True	True	True	True	True	1	PASS	3	3	3	3	None	False	PASS	3	None	
Lotus_Scripts_Effects_FadeInOut.lua_B	True	True	True	True	True	1	PASS	6	6	6	6	None	False	PASS	6	None	
Lotus_Scripts_Effects_FadeScaleMesh.lua_B	True	True	True	False	False	2	PASS	7	7	7	7	PASS	False	PASS	7	PASS	
Lotus_Scripts_Effects_FireDeath.lua_B	True	True	True	True	True	1	PASS	2	2	2	2	None	False	PASS	2	None	
Lotus_Scripts_Effects_FireworksEffects.lua_B	True	True	True	True	True	1	PASS	2	2	2	2	None	False	PASS	2	None	
Lotus_Scripts_Effects_Flamethrower.lua_B	True	True	True	False	False	2	PASS	5	5	5	5	PASS	False	PASS	5	PASS	
Lotus_Scripts_Effects_FlickerOnOff.lua_B	True	True	True	False	False	2	PASS	9	9	9	9	PASS	False	PASS	9	PASS	
Lotus_Scripts_Effects_ForestRemasterEffects.lua_B	True	True	True	True	True	1	PASS	3	3	3	3	None	False	PASS	3	None	
Lotus_Scripts_Effects_FrozenDeathEffect.lua_B	True	True	True	True	True	1	PASS	10	10	10	10	None	False	PASS	10	None	
Lotus_Scripts_Effects_GarudaGemini.lua_B	True	True	True	True	True	1	PASS	6	6	6	6	None	False	PASS	6	None	
Lotus_Scripts_Effects_GasCityLabEffects.lua_B	True	True	True	True	True	1	PASS	2	2	2	2	None	False	PASS	2	None	
Lotus_Scripts_Effects_GaussDeluxeIIThrustersController.lua_B	True	True	True	False	False	2	PASS	8	8	8	8	PASS	False	PASS	8	PASS	
Lotus_Scripts_Effects_GenericFXFunctions.lua_B	True	True	True	True	True	1	PASS	2	2	2	2	None	False	PASS	2	None	
Lotus_Scripts_Effects_GiantExplosion.lua_B	True	True	True	True	True	1	PASS	2	2	2	2	None	False	PASS	2	None	
Lotus_Scripts_Effects_GolemEffects.lua_B	True	True	True	True	True	1	PASS	2	2	2	2	None	False	PASS	2	None	
Lotus_Scripts_Effects_GolemHackingPanelEffects.lua_B	True	True	True	True	True	1	PASS	3	3	3	3	None	False	PASS	3	None	
Lotus_Scripts_Effects_GroundAttackMesh.lua_B	True	True	True	False	False	2	PASS	3	3	3	3	PASS	False	PASS	3	PASS	
Lotus_Scripts_Effects_HarnessEffects.lua_B	True	True	True	True	True	1	PASS	2	2	2	2	None	False	PASS	2	None	
Lotus_Scripts_Effects_HarrierEffects.lua_B	True	True	True	True	True	1	PASS	8	8	8	8	None	False	PASS	8	None	
Lotus_Scripts_Effects_HelminthEffects.lua_B	True	True	True	False	False	2	PASS	5	5	5	5	PASS	False	FAIL	4	FAIL	
Lotus_Scripts_Effects_HoodEffects.lua_B	True	True	True	True	True	1	PASS	2	2	2	2	None	False	PASS	2	None	
Lotus_Scripts_Effects_HoverboardEffects.lua_B	True	True	True	True	True	1	PASS	4	4	4	4	None	False	PASS	4	None	
Lotus_Scripts_Effects_IncarnonEffects.lua_B	True	True	True	False	False	2	PASS	2	2	2	2	PASS	False	PASS	2	PASS	
Lotus_Scripts_Effects_InfestedMicroplanetQuestEffects.lua_B	True	True	True	True	True	1	PASS	4	4	4	4	None	False	PASS	4	None	
Lotus_Scripts_Effects_InkblotIdles.lua_B	True	True	True	True	True	1	PASS	3	3	3	3	None	False	PASS	3	None	
Lotus_Scripts_Effects_InkEphemera.lua_B	True	True	True	False	False	2	PASS	7	7	7	7	PASS	False	PASS	7	PASS	
Lotus_Scripts_Effects_IronSkinEffects.lua_B	True	True	True	True	True	1	PASS	2	2	2	2	None	False	PASS	2	None	
Lotus_Scripts_Effects_ItemEffects.lua_B	True	True	True	True	True	1	PASS	4	4	4	4	None	False	PASS	4	None	
Lotus_Scripts_Effects_JadeShadowsQuestEffects.lua_B	True	True	True	True	True	1	PASS	9	9	9	9	None	False	PASS	9	None	
Lotus_Scripts_Effects_KaitheEphemera.lua_B	True	True	True	True	True	1	PASS	3	3	3	3	None	False	PASS	3	None	
Lotus_Scripts_Effects_KatanaEffects.lua_B	True	True	True	False	False	2	PASS	6	6	6	6	PASS	False	PASS	6	PASS	
Lotus_Scripts_Effects_KubrowEffects.lua_B	True	True	True	True	True	1	PASS	3	3	3	3	None	False	PASS	3	None	
Lotus_Scripts_Effects_LaserBeamChildLength.lua_B	True	True	True	True	True	1	PASS	2	2	2	2	None	False	PASS	2	None	
Lotus_Scripts_Effects_LaserBeamUtilities.lua_B	True	True	True	True	True	1	PASS	3	3	3	3	None	False	PASS	3	None	
Lotus_Scripts_Effects_LasrianEnemyEffects.lua_B	True	True	True	True	True	1	PASS	3	3	3	3	None	False	PASS	3	None	
Lotus_Scripts_Effects_LasriaSkybox.lua_B	True	True	True	False	False	2	PASS	2	2	2	2	PASS	False	PASS	2	PASS	
Lotus_Scripts_Effects_LavosDeluxeEphemeraSnakes.lua_B	True	True	True	False	False	2	FAIL	3	4	3	4	FAIL	False	FAIL	3	FAIL	
Lotus_Scripts_Effects_LavosDeluxeShotgunFluidAmmoEffect.lua_B	True	True	True	True	True	1	PASS	3	3	3	3	None	False	PASS	3	None	
Lotus_Scripts_Effects_LevelWideFog.lua_B	True	True	True	False	False	None	PASS	5	5	5	5	None	False	FAIL	4	None	
Lotus_Scripts_Effects_LightFadeTargeted.lua_B	True	True	True	False	False	2	PASS	10	10	10	10	PASS	False	FAIL	9	FAIL	
Lotus_Scripts_Effects_LightFX.lua_B	True	True	True	True	True	1	PASS	9	9	9	9	None	False	PASS	9	None	
Lotus_Scripts_Effects_LightmapTintFade.lua_B	True	True	True	True	True	1	PASS	3	3	3	3	None	False	PASS	3	None	
Lotus_Scripts_Effects_LightRamp.lua_B	True	True	True	True	True	1	PASS	2	2	2	2	None	False	PASS	2	None	
Lotus_Scripts_Effects_LisetEffects.lua_B	True	True	True	False	False	2	PASS	15	15	15	15	PASS	False	PASS	15	PASS	
Lotus_Scripts_Effects_LookToEffects.lua_B	True	True	True	True	True	1	PASS	5	5	5	5	None	False	PASS	5	None	
Lotus_Scripts_Effects_ManicGrineerEffects.lua_B	True	True	True	True	True	1	PASS	3	3	3	3	None	False	PASS	3	None	
Lotus_Scripts_Effects_MaterialFade.lua_B	True	True	True	False	False	2	PASS	23	23	23	23	PASS	False	PASS	23	PASS	
Lotus_Scripts_Effects_MaterialFadeEasing.lua_B	True	True	True	True	True	1	PASS	3	3	3	3	None	False	PASS	3	None	
Lotus_Scripts_Effects_MaterialFX.lua_B	True	True	True	True	True	1	PASS	5	5	5	5	None	False	PASS	5	None	
Lotus_Scripts_Effects_MelicaTransmission.lua_B	True	True	True	True	True	1	PASS	2	2	2	2	None	False	PASS	2	None	
Lotus_Scripts_Effects_MeshScalePeak.lua_B	True	True	True	False	False	2	PASS	4	4	4	4	PASS	False	PASS	4	PASS	
Lotus_Scripts_Effects_MicrowaveStatusEffect.lua_B	True	True	True	True	True	1	PASS	4	4	4	4	None	False	PASS	4	None	
Lotus_Scripts_Effects_MITWRMFLERP.lua_B	True	True	True	True	True	1	PASS	4	4	4	4	None	False	PASS	4	None	
Lotus_Scripts_Effects_MITWSandEffects.lua_B	True	True	True	True	True	1	PASS	4	4	4	4	None	False	PASS	4	None	
Lotus_Scripts_Effects_MotorcycleEffects.lua_B	True	True	True	True	True	1	PASS	2	2	2	2	None	False	PASS	2	None	
Lotus_Scripts_Effects_MovementEffects.lua_B	True	True	True	True	True	1	PASS	3	3	3	3	None	False	PASS	3	None	
Lotus_Scripts_Effects_MuseEffects.lua_B	True	True	True	False	False	2	PASS	6	6	6	6	PASS	False	PASS	6	PASS	
Lotus_Scripts_Effects_MuseumEffects.lua_B	True	True	True	True	True	1	PASS	3	3	3	3	None	False	PASS	3	None	
Lotus_Scripts_Effects_NarinBlessingEffect.lua_B	True	True	True	True	True	1	PASS	2	2	2	2	None	False	PASS	2	None	
Lotus_Scripts_Effects_NewWar2021CinEffects.lua_B	True	True	True	False	False	2	PASS	39	39	39	39	PASS	False	PASS	39	PASS	
Lotus_Scripts_Effects_NewWarCinEffects.lua_B	True	True	True	True	True	1	PASS	11	11	11	11	None	False	PASS	11	None	
Lotus_Scripts_Effects_NewWarKahlEffects.lua_B	True	True	True	True	True	1	PASS	3	3	3	3	None	False	PASS	3	None	
Lotus_Scripts_Effects_NewWarLotusEffects.lua_B	True	True	True	False	False	2	PASS	8	8	8	8	PASS	False	PASS	8	PASS	
Lotus_Scripts_Effects_NewWarMoonEffects.lua_B	True	True	True	True	True	1	PASS	7	7	7	7	None	False	PASS	7	None	
Lotus_Scripts_Effects_NewWarPart1TeshinMissionFx.lua_B	True	True	True	True	True	1	PASS	7	7	7	7	None	False	PASS	7	None	
Lotus_Scripts_Effects_NewWarVenusEffects.lua_B	True	True	True	False	False	2	PASS	5	5	5	5	PASS	False	PASS	5	PASS	
Lotus_Scripts_Effects_NidusDeluxeScarf.lua_B	True	True	True	False	False	2	PASS	2	2	2	2	PASS	False	PASS	2	PASS	
Lotus_Scripts_Effects_NokkoEphemeraMushrooms.lua_B	True	True	True	False	False	2	FAIL	8	9	8	9	FAIL	False	FAIL	8	FAIL	
Lotus_Scripts_Effects_NokkoIdles.lua_B	True	True	True	True	True	1	PASS	5	5	5	5	None	False	PASS	5	None	
Lotus_Scripts_Effects_OberonPrimeEffects.lua_B	True	True	True	True	True	1	PASS	10	10	10	10	None	False	PASS	10	None	
Lotus_Scripts_Effects_ObjectSway.lua_B	True	True	True	True	True	1	PASS	4	4	4	4	None	False	PASS	4	None	
Lotus_Scripts_Effects_OMConsoleEffectsSupport.lua_B	True	True	True	True	True	1	PASS	4	4	4	4	None	False	PASS	4	None	
Lotus_Scripts_Effects_OperatorEffects.lua_B	True	True	True	True	True	1	PASS	14	14	14	14	None	False	PASS	14	None	
Lotus_Scripts_Effects_OperatorUltimateEffects.lua_B	True	True	True	True	True	1	PASS	2	2	2	2	None	False	PASS	2	None	
Lotus_Scripts_Effects_OraxiaIdles.lua_B	True	True	True	True	True	1	PASS	5	5	5	5	None	False	PASS	5	None	
Lotus_Scripts_Effects_OrokinMoonBaseEffects.lua_B	True	True	True	True	True	1	PASS	3	3	3	3	None	False	PASS	3	None	
Lotus_Scripts_Effects_OrokinVoidPortalControl.lua_B	True	True	True	True	True	1	PASS	5	5	5	5	None	False	PASS	5	None	
Lotus_Scripts_Effects_OroRailings.lua_B	True	True	True	True	True	1	PASS	3	3	3	3	None	False	PASS	3	None	
Lotus_Scripts_Effects_OverrideWeather.lua_B	True	True	True	True	True	1	PASS	2	2	2	2	None	False	PASS	2	None	
Lotus_Scripts_Effects_ParazonEffects.lua_B	True	True	True	True	True	1	PASS	3	3	3	3	None	False	PASS	3	None	
Lotus_Scripts_Effects_ParticleSpewControl.lua_B	True	True	True	True	True	1	PASS	3	3	3	3	None	False	PASS	3	None	
Lotus_Scripts_Effects_PinkCarnationEphemeraSwitch.lua_B	True	True	True	False	False	2	PASS	3	3	3	3	PASS	False	PASS	3	PASS	
Lotus_Scripts_Effects_Polarity.lua_B	True	True	True	False	False	2	PASS	25	25	25	25	PASS	False	FAIL	23	FAIL	
Lotus_Scripts_Effects_PortUtilities.lua_B	True	True	True	False	False	2	PASS	2	2	2	2	PASS	False	PASS	2	PASS	
Lotus_Scripts_Effects_PriestQuestEffects.lua_B	True	True	True	False	False	2	PASS	4	4	4	4	PASS	False	PASS	4	PASS	
Lotus_Scripts_Effects_PrimeScarfV.lua_B	True	True	True	False	False	2	PASS	2	2	2	2	PASS	False	PASS	2	PASS	
Lotus_Scripts_Effects_ProjectionMasking.lua_B	True	True	True	False	False	2	PASS	39	39	39	39	PASS	False	FAIL	38	FAIL	
Lotus_Scripts_Effects_ProjectorEffects.lua_B	True	True	True	True	True	1	PASS	3	3	3	3	None	False	PASS	3	None	
Lotus_Scripts_Effects_ProteaQuestEffects.lua_B	True	True	True	True	True	1	PASS	6	6	6	6	None	False	PASS	6	None	
Lotus_Scripts_Effects_PulseLight.lua_B	True	True	True	False	False	2	PASS	4	4	4	4	PASS	False	PASS	4	PASS	
Lotus_Scripts_Effects_PVPRespawnImmunity.lua_B	True	True	True	False	False	2	PASS	3	3	3	3	PASS	False	PASS	3	PASS	
Lotus_Scripts_Effects_RailJackEffects.lua_B	True	True	True	False	False	2	PASS	14	14	14	14	PASS	False	FAIL	13	FAIL	
Lotus_Scripts_Effects_RailJackEnemyEffects.lua_B	True	True	True	True	True	1	FAIL	24	25	24	25	None	False	FAIL	24	None	
Lotus_Scripts_Effects_RailJackTurretEffects.lua_B	True	True	True	False	False	2	PASS	6	6	6	6	PASS	False	PASS	6	PASS	
Lotus_Scripts_Effects_RandomRaycastBeamSpawn.lua_B	True	True	True	False	False	2	PASS	8	8	8	8	PASS	False	FAIL	7	FAIL	
Lotus_Scripts_Effects_RandomSleepAndJitter.lua_B	True	True	True	False	False	2	PASS	3	3	3	3	PASS	False	FAIL	2	FAIL	
Lotus_Scripts_Effects_RandomWorldEvent.lua_B	True	True	True	True	True	1	PASS	5	5	5	5	None	False	PASS	5	None	
Lotus_Scripts_Effects_ReactiveEffects.lua_B	True	True	True	True	True	1	PASS	3	3	3	3	None	False	PASS	3	None	
Lotus_Scripts_Effects_ReliquaryQuestEffects.lua_B	True	True	True	True	True	1	PASS	5	5	5	5	None	False	PASS	5	None	
Lotus_Scripts_Effects_RemoveMaterialOverrides.lua_B	True	True	True	True	True	1	PASS	3	3	3	3	None	False	PASS	3	None	
Lotus_Scripts_Effects_RiotMoaEffects.lua_B	True	True	True	True	True	1	PASS	3	3	3	3	None	False	PASS	3	None	
Lotus_Scripts_Effects_SabotageEffects.lua_B	True	True	True	False	False	2	PASS	6	6	6	6	PASS	False	FAIL	5	FAIL	
Lotus_Scripts_Effects_SabotageOrokinEffects.lua_B	True	True	True	False	False	2	PASS	6	6	6	6	PASS	False	PASS	6	PASS	
Lotus_Scripts_Effects_SacrificeCinematicEffects.lua_B	True	True	True	False	False	2	PASS	18	18	18	18	PASS	False	PASS	18	PASS	
Lotus_Scripts_Effects_SacrificeQuestEffects.lua_B	True	True	True	True	True	1	PASS	7	7	7	7	None	False	PASS	7	None	
Lotus_Scripts_Effects_ScalingFading.lua_B	True	True	True	False	False	2	PASS	7	7	7	7	PASS	False	PASS	7	PASS	
Lotus_Scripts_Effects_ScenarioBeaconEffects.lua_B	True	True	True	False	False	2	PASS	6	6	6	6	PASS	False	PASS	6	PASS	
Lotus_Scripts_Effects_SectorWarsShield.lua_B	True	True	True	False	False	2	PASS	5	5	5	5	PASS	False	PASS	5	PASS	
Lotus_Scripts_Effects_SentientRegrowth.lua_B	True	True	True	False	False	2	PASS	7	7	7	7	PASS	False	FAIL	5	FAIL	
Lotus_Scripts_Effects_SentientRevealCinematics.lua_B	True	True	True	True	True	1	PASS	26	26	26	26	None	False	PASS	26	None	
Lotus_Scripts_Effects_SentientScoutEffects.lua_B	True	True	True	True	True	1	PASS	4	4	4	4	None	False	PASS	4	None	
Lotus_Scripts_Effects_SentientSparkEffects.lua_B	True	True	True	False	False	2	PASS	4	4	4	4	PASS	False	PASS	4	PASS	
Lotus_Scripts_Effects_SentinelVisualEffects.lua_B	True	True	True	True	True	1	PASS	3	3	3	3	None	False	PASS	3	None	
Lotus_Scripts_Effects_SetSunLights.lua_B	True	True	True	True	True	1	PASS	2	2	2	2	None	False	PASS	2	None	
Lotus_Scripts_Effects_SettlementFallingSandStream.lua_B	True	True	True	False	False	2	PASS	4	4	4	4	PASS	False	PASS	4	PASS	
Lotus_Scripts_Effects_SevagothDeluxeArmour.lua_B	True	True	True	True	True	1	PASS	2	2	2	2	None	False	PASS	2	None	
Lotus_Scripts_Effects_ShakeyCam.lua_B	True	True	True	False	False	2	PASS	8	8	8	8	PASS	False	PASS	8	PASS	
Lotus_Scripts_Effects_ShieldDownEffects.lua_B	True	True	True	False	False	2	PASS	3	3	3	3	PASS	False	PASS	3	PASS	
Lotus_Scripts_Effects_SimpleDecoFuntions.lua_B	True	True	True	True	True	1	PASS	23	23	23	23	None	False	PASS	23	None	
Lotus_Scripts_Effects_SimpleFX.lua_B	True	True	True	False	False	2	PASS	10	10	10	10	PASS	False	PASS	10	PASS	
Lotus_Scripts_Effects_SiriusOrionCloth.lua_B	True	True	True	True	True	1	PASS	2	2	2	2	None	False	PASS	2	None	
Lotus_Scripts_Effects_SkyboxEffects.lua_B	True	True	True	True	True	1	PASS	7	7	7	7	None	False	FAIL	6	None	
Lotus_Scripts_Effects_SolarisEffects.lua_B	True	True	True	False	False	2	PASS	11	11	11	11	PASS	False	PASS	11	PASS	
Lotus_Scripts_Effects_SpaceBattleEffects.lua_B	True	True	True	True	True	1	PASS	6	6	6	6	None	False	PASS	6	None	
Lotus_Scripts_Effects_SpeechEmissives.lua_B	True	True	True	True	True	1	PASS	2	2	2	2	None	False	PASS	2	None	
Lotus_Scripts_Effects_SpeedballEffects.lua_B	True	True	True	False	False	2	PASS	14	14	14	14	PASS	False	FAIL	13	FAIL	
Lotus_Scripts_Effects_SpeedBallVortex.lua_B	True	True	True	False	False	2	PASS	3	3	3	3	PASS	False	PASS	3	PASS	
Lotus_Scripts_Effects_SpiderCoolant.lua_B	True	True	True	False	False	2	PASS	3	3	3	3	PASS	False	PASS	3	PASS	
Lotus_Scripts_Effects_SplineEffects.lua_B	True	True	True	True	True	1	PASS	2	2	2	2	None	False	PASS	2	None	
Lotus_Scripts_Effects_StalkerArmour.lua_B	True	True	True	True	True	1	PASS	3	3	3	3	None	False	PASS	3	None	
Lotus_Scripts_Effects_StarChartDecoEnergy.lua_B	True	True	True	True	True	1	PASS	3	3	3	3	None	False	PASS	3	None	
Lotus_Scripts_Effects_StatusEffects.lua_B	True	True	True	True	True	1	PASS	5	5	5	5	None	False	PASS	5	None	
Lotus_Scripts_Effects_StyanaxDeluxeSyandana.lua_B	True	True	True	True	True	1	PASS	6	6	6	6	None	False	PASS	6	None	
Lotus_Scripts_Effects_SuitResTypeEffects.lua_B	True	True	True	True	True	1	PASS	2	2	2	2	None	False	PASS	2	None	
Lotus_Scripts_Effects_SyandanaCustomization.lua_B	True	True	True	False	False	2	PASS	23	23	23	23	PASS	False	PASS	23	PASS	
Lotus_Scripts_Effects_SyndicateHubEffects.lua_B	True	True	True	False	False	2	PASS	2	2	2	2	PASS	False	FAIL	1	FAIL	
Lotus_Scripts_Effects_SyndicatePickups.lua_B	True	True	True	True	True	1	PASS	2	2	2	2	None	False	PASS	2	None	
Lotus_Scripts_Effects_SyndicateScarves.lua_B	True	True	True	False	False	2	PASS	17	17	17	17	PASS	False	PASS	17	FAIL	
Lotus_Scripts_Effects_SyndicateScarves_ArbitersOfHexis.lua_B	True	True	True	True	True	1	PASS	2	2	2	2	None	False	PASS	2	None	
Lotus_Scripts_Effects_SyndicateScarves_CephalonSuda.lua_B	True	True	True	True	True	1	PASS	2	2	2	2	None	False	PASS	2	None	
Lotus_Scripts_Effects_SyndicateScarves_NewLoka.lua_B	True	True	True	True	True	1	PASS	2	2	2	2	None	False	PASS	2	None	
Lotus_Scripts_Effects_SyndicateScarves_PerrinSequence.lua_B	True	True	True	True	True	1	PASS	2	2	2	2	None	False	PASS	2	None	
Lotus_Scripts_Effects_SyndicateScarves_RedVeil.lua_B	True	True	True	True	True	1	PASS	2	2	2	2	None	False	PASS	2	None	
Lotus_Scripts_Effects_SyndicateScarves_SteelMeridian.lua_B	True	True	True	False	False	3	PASS	2	2	2	2	PASS	False	PASS	2	PASS	
Lotus_Scripts_Effects_TauQuestEffects.lua_B	True	True	True	False	False	2	PASS	23	23	23	23	PASS	False	PASS	23	PASS	
Lotus_Scripts_Effects_TC19GrnGalleonListing.lua_B	True	True	True	True	True	1	PASS	2	2	2	2	None	False	FAIL	1	None	
Lotus_Scripts_Effects_TC2025Scarf.lua_B	True	True	True	True	True	1	PASS	5	5	5	5	None	False	PASS	5	None	
Lotus_Scripts_Effects_TempleEffects.lua_B	True	True	True	False	False	2	PASS	5	5	5	5	PASS	False	PASS	5	PASS	
Lotus_Scripts_Effects_TeralystDeath.lua_B	True	True	True	True	True	1	PASS	4	4	4	4	None	False	PASS	4	None	
Lotus_Scripts_Effects_TestFunctions.lua_B	True	True	True	False	False	2	PASS	5	5	5	5	PASS	False	PASS	5	PASS	
Lotus_Scripts_Effects_ThemeEffect.lua_B	True	True	True	False	False	2	PASS	6	6	6	6	PASS	False	PASS	6	PASS	
Lotus_Scripts_Effects_TimerUtils.lua_B	True	True	True	True	True	1	PASS	2	2	2	2	None	False	PASS	2	None	
Lotus_Scripts_Effects_TNWCineEffects.lua_B	True	True	True	True	True	1	PASS	2	2	2	2	None	False	PASS	2	None	
Lotus_Scripts_Effects_TNWHotMessEffects.lua_B	True	True	True	False	False	2	PASS	2	2	2	2	PASS	False	PASS	2	PASS	
Lotus_Scripts_Effects_TNWKahlEffects.lua_B	True	True	True	True	True	1	PASS	3	3	3	3	None	False	PASS	3	None	
Lotus_Scripts_Effects_TransmissionEffects.lua_B	True	True	True	True	True	1	PASS	7	7	7	7	None	False	FAIL	6	None	
Lotus_Scripts_Effects_TriggerFade.lua_B	True	True	True	True	True	1	PASS	2	2	2	2	None	False	PASS	2	None	
Lotus_Scripts_Effects_TutorialEffects.lua_B	True	True	True	True	True	1	PASS	5	5	5	5	None	False	PASS	5	None	
Lotus_Scripts_Effects_TWWMirrorCin.lua_B	True	True	True	True	True	1	PASS	2	2	2	2	None	False	PASS	2	None	
Lotus_Scripts_Effects_UpdatePhysicsOnAvatar.lua_B	True	True	True	False	False	2	PASS	2	2	2	2	PASS	False	PASS	2	PASS	
Lotus_Scripts_Effects_ValaArena.lua_B	True	True	True	True	True	1	PASS	5	5	5	5	None	False	PASS	5	None	
Lotus_Scripts_Effects_Venkra.lua_B	True	True	True	True	True	1	PASS	3	3	3	3	None	False	PASS	3	None	
Lotus_Scripts_Effects_VenusLandscape.lua_B	True	True	True	True	True	1	PASS	4	4	4	4	None	False	PASS	4	None	
Lotus_Scripts_Effects_VenusSpaceport.lua_B	True	True	True	False	False	2	PASS	2	2	2	2	PASS	False	PASS	2	PASS	
Lotus_Scripts_Effects_VenusWeather.lua_B	True	True	True	True	True	1	PASS	3	3	3	3	None	False	PASS	3	None	
Lotus_Scripts_Effects_VideoScreenEffects.lua_B	True	True	True	True	True	1	PASS	2	2	2	2	None	False	PASS	2	None	
Lotus_Scripts_Effects_VoidEclipsePocketTrigger.lua_B	True	True	True	False	False	2	PASS	6	6	6	6	PASS	False	FAIL	5	FAIL	
Lotus_Scripts_Effects_VoidStorm.lua_B	True	True	True	False	False	3	PASS	36	36	36	36	PASS	False	FAIL	34	FAIL	
Lotus_Scripts_Effects_VoidStormTunnel.lua_B	True	True	True	True	True	1	PASS	4	4	4	4	None	False	PASS	4	None	
Lotus_Scripts_Effects_VorsPrizeEffects.lua_B	True	True	True	True	True	1	PASS	7	7	7	7	None	False	PASS	7	None	
Lotus_Scripts_Effects_VorsPrizeMindOuchEffects.lua_B	True	True	True	True	True	1	PASS	2	2	2	2	None	False	PASS	2	None	
Lotus_Scripts_Effects_WallLatch.lua_B	True	True	True	True	True	1	PASS	3	3	3	3	None	False	FAIL	2	None	
Lotus_Scripts_Effects_WarpGateFX.lua_B	True	True	True	True	True	1	PASS	5	5	5	5	None	False	PASS	5	None	
Lotus_Scripts_Effects_WarWithinEffects.lua_B	True	True	True	True	True	1	PASS	19	19	19	19	None	False	PASS	19	None	
Lotus_Scripts_Effects_WeaponFXFunctions.lua_B	True	True	True	True	True	1	PASS	4	4	4	4	None	False	PASS	4	None	
Lotus_Scripts_Effects_WerewolfEffects.lua_B	True	True	True	True	True	1	PASS	2	2	2	2	None	False	PASS	2	None	
Lotus_Scripts_Effects_WF1999QuestEffects.lua_B	True	True	True	False	False	2	PASS	18	18	18	18	PASS	False	PASS	18	PASS	
Lotus_Scripts_Effects_WF1999QuestGoo.lua_B	True	True	True	True	True	1	PASS	8	8	8	8	None	False	PASS	8	None	
Lotus_Scripts_Effects_WispSunDeath.lua_B	True	True	True	True	True	1	PASS	9	9	9	9	None	False	PASS	9	None	
Lotus_Scripts_Effects_WraitheQuestEffects.lua_B	True	True	True	True	True	1	PASS	18	18	18	18	None	False	PASS	18	None	
Lotus_Scripts_Effects_WyrmBattleUtils.lua_B	True	True	True	True	True	1	PASS	16	16	16	16	None	False	PASS	16	None	
Lotus_Scripts_Effects_XYParamFade.lua_B	True	True	True	True	True	1	PASS	3	3	3	3	None	False	PASS	3	None	
Lotus_Scripts_Effects_ZarimanDrifterCin.lua_B	True	True	True	True	True	1	PASS	2	2	2	2	None	False	PASS	2	None	
Lotus_Scripts_Effects_ZarimanQuestEffects.lua_B	True	True	True	True	True	1	PASS	7	7	7	7	None	False	PASS	7	None	
Lotus_Scripts_Eidolon_AbandonTimer.lua_B	True	True	True	True	True	1	PASS	2	2	2	2	None	False	PASS	2	None	
Lotus_Scripts_Eidolon_AbandonTrigger.lua_B	True	True	True	False	False	2	PASS	6	6	6	6	PASS	False	PASS	6	PASS	
Lotus_Scripts_Eidolon_AddExtraBounties.lua_B	True	True	True	False	False	2	PASS	5	5	5	5	PASS	False	PASS	5	PASS	
Lotus_Scripts_Eidolon_AlarmSystem.lua_B	True	True	True	True	True	1	PASS	8	8	8	8	None	False	PASS	8	None	
Lotus_Scripts_Eidolon_AmmoGenerator.lua_B	True	True	True	False	False	2	PASS	5	5	5	5	PASS	False	PASS	5	PASS	
Lotus_Scripts_Eidolon_BirdOfPrey.lua_B	True	True	True	True	True	1	PASS	7	7	7	7	None	False	FAIL	6	None	
Lotus_Scripts_Eidolon_Bomber.lua_B	True	True	True	False	False	2	PASS	8	8	8	8	PASS	False	FAIL	7	FAIL	
Lotus_Scripts_Eidolon_BomberAbilities.lua_B	True	True	True	False	False	2	PASS	3	3	3	3	PASS	False	FAIL	2	FAIL	
Lotus_Scripts_Eidolon_CaptureAnimal.lua_B	True	True	True	True	True	1	PASS	6	6	6	6	None	False	PASS	6	None	
Lotus_Scripts_Eidolon_CaptureAnimalRating.lua_B	True	True	True	True	True	1	PASS	2	2	2	2	None	False	PASS	2	None	
Lotus_Scripts_Eidolon_DemoStormTarget.lua_B	True	True	True	True	True	1	PASS	3	3	3	3	None	False	PASS	3	None	
Lotus_Scripts_Eidolon_DestroyableObjects.lua_B	True	True	True	True	True	1	PASS	2	2	2	2	None	False	PASS	2	None	
Lotus_Scripts_Eidolon_DropGameplayObjects.lua_B	True	True	True	True	True	1	PASS	2	2	2	2	None	False	PASS	2	None	
Lotus_Scripts_Eidolon_Dropship.lua_B	True	True	True	False	False	2	PASS	12	12	12	12	PASS	False	FAIL	10	FAIL	
Lotus_Scripts_Eidolon_EidolonEffects.lua_B	True	True	True	True	True	1	PASS	6	6	6	6	None	False	PASS	6	None	
Lotus_Scripts_Eidolon_EidolonLoot.lua_B	True	True	True	True	True	1	PASS	5	5	5	5	None	False	PASS	5	None	
Lotus_Scripts_Eidolon_EidolonMissions.lua_B	True	True	True	False	False	None	FAIL	36	35	36	39	None	False	FAIL	28	None	
Lotus_Scripts_Eidolon_EidolonMP.lua_B	True	True	True	False	False	4	PASS	141	141	141	141	PASS	False	FAIL	133	FAIL	
Lotus_Scripts_Eidolon_EidolonResourceContainers.lua_B	True	True	True	False	False	2	PASS	12	12	12	12	PASS	False	PASS	12	PASS	
Lotus_Scripts_Eidolon_EidolonResources.lua_B	True	True	True	True	True	1	PASS	5	5	5	5	None	False	PASS	5	None	
Lotus_Scripts_Eidolon_EidolonSkybox.lua_B	True	True	True	True	True	1	PASS	3	3	3	3	None	False	PASS	3	None	
Lotus_Scripts_Eidolon_EidolonWeather.lua_B	True	True	True	False	False	2	PASS	3	3	3	3	PASS	False	PASS	3	PASS	
Lotus_Scripts_Eidolon_EncounterManagerSetup.lua_B	True	True	True	False	False	2	PASS	9	9	9	9	PASS	False	PASS	9	PASS	
Lotus_Scripts_Eidolon_Encounters_AnimalSpawns.lua_B	True	True	True	False	False	2	PASS	14	14	14	14	PASS	False	FAIL	13	FAIL	
Lotus_Scripts_Eidolon_Encounters_BaseGeoAnimalEncounter.lua_B	True	True	True	False	False	3	PASS	12	12	12	12	PASS	False	FAIL	11	FAIL	
Lotus_Scripts_Eidolon_Encounters_ConservationEncounter2.lua_B	True	True	True	False	False	2	PASS	22	22	22	22	PASS	False	FAIL	20	FAIL	
Lotus_Scripts_Eidolon_Encounters_DynamicAssassinate.lua_B	True	True	True	False	False	2	PASS	16	16	16	16	PASS	False	FAIL	15	FAIL	
Lotus_Scripts_Eidolon_Encounters_DynamicCapture.lua_B	True	True	True	False	False	2	PASS	16	16	16	16	PASS	False	PASS	16	PASS	
Lotus_Scripts_Eidolon_Encounters_DynamicDefend.lua_B	True	True	True	False	False	2	PASS	18	18	18	18	PASS	False	PASS	18	PASS	
Lotus_Scripts_Eidolon_Encounters_DynamicExterminate.lua_B	True	True	True	False	False	2	PASS	13	13	13	13	PASS	False	PASS	13	FAIL	
Lotus_Scripts_Eidolon_Encounters_DynamicGhoulExterminate.lua_B	True	True	True	False	False	None	PASS	21	21	21	21	None	False	FAIL	19	None	
Lotus_Scripts_Eidolon_Encounters_DynamicGhoulHunt.lua_B	True	True	True	False	False	None	PASS	31	31	31	31	None	False	FAIL	29	None	
Lotus_Scripts_Eidolon_Encounters_DynamicHijack.lua_B	True	True	True	False	False	None	PASS	19	19	19	19	None	False	FAIL	16	None	
Lotus_Scripts_Eidolon_Encounters_DynamicRescue.lua_B	True	True	True	False	False	2	PASS	11	11	11	11	PASS	False	FAIL	10	FAIL	
Lotus_Scripts_Eidolon_Encounters_DynamicResourceTheft.lua_B	True	True	True	False	False	2	PASS	19	19	19	19	PASS	False	PASS	19	PASS	
Lotus_Scripts_Eidolon_Encounters_DynamicSabotage.lua_B	True	True	True	False	False	2	PASS	22	22	22	22	PASS	False	PASS	22	PASS	
Lotus_Scripts_Eidolon_Encounters_EidolonHunt.lua_B	True	True	True	False	False	2	PASS	3	3	3	3	PASS	False	PASS	3	PASS	
Lotus_Scripts_Eidolon_Encounters_EventDefendMixer.lua_B	True	True	True	False	False	2	PASS	16	16	16	16	PASS	False	FAIL	15	FAIL	
Lotus_Scripts_Eidolon_Encounters_EventDroneEscort.lua_B	True	True	True	False	False	2	PASS	3	3	3	3	PASS	False	PASS	3	PASS	
Lotus_Scripts_Eidolon_Encounters_EventInfestedPoison.lua_B	True	True	True	False	False	2	PASS	11	11	11	11	PASS	False	FAIL	9	FAIL	
Lotus_Scripts_Eidolon_Encounters_EventInfestedWaves.lua_B	True	True	True	False	False	2	PASS	23	23	23	23	PASS	False	PASS	23	PASS	
Lotus_Scripts_Eidolon_Encounters_FlybyEncounter.lua_B	True	True	True	False	False	2	PASS	3	3	3	3	PASS	False	PASS	3	PASS	
Lotus_Scripts_Eidolon_Encounters_GlassFrameQuest.lua_B	True	True	True	False	False	2	PASS	24	24	24	24	PASS	False	FAIL	22	FAIL	
Lotus_Scripts_Eidolon_Encounters_GrineerCamp.lua_B	True	True	True	False	False	2	PASS	13	13	13	13	PASS	False	FAIL	12	FAIL	
Lotus_Scripts_Eidolon_Encounters_GrineerDropPods.lua_B	True	True	True	True	True	1	PASS	8	8	8	8	None	False	PASS	8	None	
Lotus_Scripts_Eidolon_Encounters_GrineerGhoulGraveyard.lua_B	True	True	True	False	False	3	PASS	7	7	7	7	PASS	False	FAIL	5	FAIL	
Lotus_Scripts_Eidolon_Encounters_GrineerGroundReinforcements.lua_B	True	True	True	True	True	1	PASS	2	2	2	2	None	False	PASS	2	None	
Lotus_Scripts_Eidolon_Encounters_InfestedCamp.lua_B	True	True	True	False	False	2	PASS	8	8	8	8	PASS	False	PASS	8	PASS	
Lotus_Scripts_Eidolon_Encounters_InfestedSpawnPod.lua_B	True	True	True	False	False	2	PASS	2	2	2	2	PASS	False	FAIL	1	FAIL	
Lotus_Scripts_Eidolon_Encounters_Libs_QuestEncounterLib.lua_B	True	True	True	False	False	2	PASS	19	19	19	19	PASS	False	PASS	19	PASS	
Lotus_Scripts_Eidolon_Encounters_LootCrates.lua_B	True	True	True	False	False	2	PASS	7	7	7	7	PASS	False	PASS	7	PASS	
Lotus_Scripts_Eidolon_Encounters_Patrol.lua_B	True	True	True	False	False	2	PASS	6	6	6	6	PASS	False	FAIL	5	FAIL	
Lotus_Scripts_Eidolon_Encounters_PlainsExtraction.lua_B	True	True	True	True	True	1	PASS	5	5	5	5	None	False	PASS	5	None	
Lotus_Scripts_Eidolon_Encounters_ResourceCaches.lua_B	True	True	True	False	False	3	PASS	18	18	18	18	PASS	False	PASS	18	FAIL	
Lotus_Scripts_Eidolon_Encounters_SentientCondrixSpawner.lua_B	True	True	True	False	False	2	PASS	12	12	12	12	PASS	False	FAIL	11	FAIL	
Lotus_Scripts_Eidolon_Encounters_SkiffReinforcements.lua_B	True	True	True	False	False	2	PASS	8	8	8	8	PASS	False	PASS	8	PASS	
Lotus_Scripts_Eidolon_Encounters_SkiffSpeedoff.lua_B	True	True	True	False	False	2	PASS	3	3	3	3	PASS	False	PASS	3	PASS	
Lotus_Scripts_Eidolon_Encounters_SpawnPointReinforcements.lua_B	True	True	True	True	True	1	PASS	2	2	2	2	None	False	PASS	2	None	
Lotus_Scripts_Eidolon_Encounters_TeralystEncounter.lua_B	True	True	True	False	False	2	PASS	24	24	24	24	PASS	False	PASS	24	PASS	
Lotus_Scripts_Eidolon_Encounters_VomvalystSpawn.lua_B	True	True	True	True	True	1	PASS	5	5	5	5	None	False	PASS	5	None	
Lotus_Scripts_Eidolon_EnergySystem.lua_B	True	True	True	False	False	2	PASS	4	4	4	4	PASS	False	PASS	4	PASS	
Lotus_Scripts_Eidolon_FishingSetup.lua_B	True	True	True	False	False	2	PASS	11	11	11	11	PASS	False	PASS	11	PASS	
Lotus_Scripts_Eidolon_GhoulEmergence.lua_B	True	True	True	False	False	2	PASS	5	5	5	5	PASS	False	PASS	5	PASS	
Lotus_Scripts_Eidolon_HideBackgroundDecorations.lua_B	True	True	True	True	True	1	PASS	2	2	2	2	None	False	PASS	2	None	
Lotus_Scripts_Eidolon_Mining.lua_B	True	True	True	False	False	2	PASS	19	19	19	19	PASS	False	PASS	19	PASS	
Lotus_Scripts_Eidolon_MiningUtil.lua_B	True	True	True	False	False	2	PASS	9	9	9	9	PASS	False	PASS	9	PASS	
Lotus_Scripts_Eidolon_NodeIntroTransmissions.lua_B	True	True	True	True	True	1	PASS	2	2	2	2	None	False	PASS	2	None	
Lotus_Scripts_Eidolon_Ostron.lua_B	True	True	True	False	False	2	PASS	6	6	6	6	PASS	False	PASS	6	PASS	
Lotus_Scripts_Eidolon_OstronDialog.lua_B	True	True	True	False	False	2	FAIL	113	97	97	187	FAIL	False	FAIL	96	FAIL	
Lotus_Scripts_Eidolon_PostWarInitialize.lua_B	True	True	True	True	True	1	PASS	3	3	3	3	None	False	PASS	3	None	
Lotus_Scripts_Eidolon_RandomJob.lua_B	True	True	True	False	False	2	PASS	8	8	8	8	PASS	False	PASS	8	PASS	
Lotus_Scripts_Eidolon_ReinforcementDroneDeath.lua_B	True	True	True	True	True	1	PASS	2	2	2	2	None	False	PASS	2	None	
Lotus_Scripts_Eidolon_ResourceGrid.lua_B	True	True	True	False	False	2	PASS	53	53	53	53	PASS	False	PASS	53	PASS	
Lotus_Scripts_Eidolon_SpawnSkiffPilot.lua_B	True	True	True	True	True	1	PASS	2	2	2	2	None	False	PASS	2	None	
Lotus_Scripts_Eidolon_TownDayNight.lua_B	True	True	True	True	True	1	PASS	6	6	6	6	None	False	PASS	6	None	
Lotus_Scripts_Eidolon_TownNpcs_FishmongerNpc.lua_B	True	True	True	False	False	2	PASS	18	18	18	18	PASS	False	PASS	18	PASS	
Lotus_Scripts_Eidolon_TownNpcs_JobNpc.lua_B	True	True	True	False	False	2	PASS	34	34	34	34	PASS	False	PASS	34	PASS	
Lotus_Scripts_Eidolon_TownNpcs_ShrineMaidenUnlock.lua_B	True	True	True	False	False	2	PASS	12	12	12	12	PASS	False	PASS	12	PASS	
Lotus_Scripts_Eidolon_VomvalystEnergy.lua_B	True	True	True	False	False	2	PASS	5	5	5	5	PASS	False	PASS	5	PASS	
Lotus_Scripts_Eidolon_WeaponOfTheDay.lua_B	True	True	True	True	True	1	PASS	10	10	10	10	None	False	PASS	10	None	
Lotus_Scripts_Eidolon_WispSpawning.lua_B	True	True	True	True	True	1	PASS	2	2	2	2	None	False	PASS	2	None	
Lotus_Scripts_EliteShieldAura.lua_B	True	True	True	False	False	2	PASS	5	5	5	5	PASS	False	PASS	5	PASS	
Lotus_Scripts_EmpTrap.lua_B	True	True	True	True	True	1	PASS	2	2	2	2	None	False	PASS	2	None	
Lotus_Scripts_EnemySpawner.lua_B	True	True	True	False	False	2	PASS	13	13	13	13	PASS	False	PASS	13	PASS	
Lotus_Scripts_EnterTheRift.lua_B	True	True	True	False	False	2	PASS	4	4	4	4	PASS	False	PASS	4	PASS	
Lotus_Scripts_EntratiSecret.lua_B	True	True	True	False	False	2	PASS	5	5	5	5	PASS	False	PASS	5	PASS	
Lotus_Scripts_EnvSetup.lua_B	True	True	True	False	False	2	PASS	14	14	14	14	PASS	False	PASS	14	PASS	
Lotus_Scripts_ErisMortem_ErisMortemController.lua_B	True	True	True	False	False	2	PASS	14	14	14	14	PASS	False	PASS	14	PASS	
Lotus_Scripts_ErisMortem_ErisPostMortemDeco.lua_B	True	True	True	True	True	1	PASS	2	2	2	2	None	False	PASS	2	None	
Lotus_Scripts_ErisMortem_ScriptedJumpDown.lua_B	True	True	True	True	True	1	PASS	4	4	4	4	None	False	PASS	4	None	
Lotus_Scripts_ErisMortem_ScriptedJumpDownTo.lua_B	True	True	True	True	True	1	PASS	3	3	3	3	None	False	PASS	3	None	
Lotus_Scripts_ErisMortem_ScriptedJumpUp.lua_B	True	True	True	True	True	1	PASS	4	4	4	4	None	False	PASS	4	None	
Lotus_Scripts_ErisMortem_SpawnTagged.lua_B	True	True	True	True	True	1	PASS	4	4	4	4	None	False	PASS	4	None	
Lotus_Scripts_Events_AmbulasEventTransmission.lua_B	True	True	True	False	False	2	PASS	4	4	4	4	PASS	False	PASS	4	PASS	
Lotus_Scripts_Events_AmbulasEventVendorFallback.lua_B	True	True	True	True	True	1	PASS	3	3	3	3	None	False	PASS	3	None	
Lotus_Scripts_Events_CaptureRelayEventEnemy.lua_B	True	True	True	False	False	2	PASS	5	5	5	5	PASS	False	FAIL	4	FAIL	
Lotus_Scripts_Events_CephalonMaze.lua_B	True	True	True	False	False	2	PASS	19	19	19	19	PASS	False	FAIL	18	FAIL	
Lotus_Scripts_Events_DeimosHalloweenEvent.lua_B	True	True	True	True	True	1	PASS	5	5	5	5	None	False	PASS	5	None	
Lotus_Scripts_Events_DeimosMechSurvivalEvent.lua_B	True	True	True	True	True	1	PASS	4	4	4	4	None	False	PASS	4	None	
Lotus_Scripts_Events_EventVendor.lua_B	True	True	True	False	False	2	PASS	42	42	42	42	PASS	False	FAIL	39	FAIL	
Lotus_Scripts_Events_EventVendorEntity.lua_B	True	True	True	False	False	2	PASS	7	7	7	7	PASS	False	PASS	7	PASS	
Lotus_Scripts_Events_EventVendorPlatformDisplay.lua_B	True	True	True	False	False	2	PASS	8	8	8	8	PASS	False	FAIL	7	FAIL	
Lotus_Scripts_Events_FlotillaActions.lua_B	True	True	True	False	False	2	PASS	10	10	10	10	PASS	False	PASS	10	PASS	
Lotus_Scripts_Events_FlotillaHolo.lua_B	True	True	True	True	True	1	PASS	2	2	2	2	None	False	PASS	2	None	
Lotus_Scripts_Events_FlotillaHub.lua_B	True	True	True	True	True	1	PASS	11	11	11	11	None	False	PASS	11	None	
Lotus_Scripts_Events_FortunaValentinesEvent.lua_B	True	True	True	False	False	2	PASS	6	6	6	6	PASS	False	PASS	6	PASS	
Lotus_Scripts_Events_HalloweenSalvage.lua_B	True	True	True	False	False	2	PASS	6	6	6	6	PASS	False	FAIL	4	FAIL	
Lotus_Scripts_Events_InfestedPlainsEvent.lua_B	True	True	True	False	False	2	PASS	10	10	10	10	PASS	False	FAIL	9	FAIL	
Lotus_Scripts_Events_MechEventRepeater.lua_B	True	True	True	False	False	2	PASS	5	5	5	5	PASS	False	PASS	5	PASS	
Lotus_Scripts_Events_MechSurvivalEvent.lua_B	True	True	True	False	False	3	PASS	34	34	34	34	PASS	False	FAIL	32	FAIL	
Lotus_Scripts_Events_NidusReleaseAlchemyChair.lua_B	True	True	True	False	False	3	FAIL	19	23	19	53	FAIL	False	FAIL	19	FAIL	
Lotus_Scripts_Events_NW3Investigation.lua_B	True	True	True	False	False	3	PASS	13	13	13	13	FAIL	False	FAIL	10	FAIL	
Lotus_Scripts_Events_ProjectFriendlyFireFight.lua_B	True	True	True	False	False	2	PASS	11	11	11	11	PASS	False	PASS	11	PASS	
Lotus_Scripts_Events_RelayVendorEntity.lua_B	True	True	True	False	False	2	PASS	35	35	35	35	PASS	False	FAIL	31	FAIL	
Lotus_Scripts_Events_RollerFloof.lua_B	True	True	True	True	True	1	PASS	3	3	3	3	None	False	PASS	3	None	
Lotus_Scripts_Events_SecretDisplayDeco.lua_B	True	True	True	True	True	1	PASS	9	9	9	9	None	False	PASS	9	None	
Lotus_Scripts_Events_SentientScenario.lua_B	True	True	True	False	False	2	PASS	7	7	7	7	PASS	False	FAIL	6	FAIL	
Lotus_Scripts_Events_WaterFightPickup.lua_B	True	True	True	True	True	1	PASS	2	2	2	2	None	False	PASS	2	None	
Lotus_Scripts_Events_WolfEvent.lua_B	True	True	True	False	False	2	PASS	5	5	5	5	PASS	False	PASS	5	PASS	
Lotus_Scripts_ExecuteJob.lua_B	True	True	True	True	True	1	PASS	5	5	5	5	None	False	PASS	5	None	
Lotus_Scripts_ExecuteSelf.lua_B	True	True	True	True	True	1	PASS	2	2	2	2	None	False	PASS	2	None	
Lotus_Scripts_ExitHub.lua_B	True	True	True	True	True	1	PASS	2	2	2	2	None	False	PASS	2	None	
Lotus_Scripts_ExplodingDecoration.lua_B	True	True	True	False	False	2	PASS	5	5	5	5	PASS	False	PASS	5	PASS	
Lotus_Scripts_ExtractionTimer.lua_B	True	True	True	False	False	2	PASS	21	21	21	21	PASS	False	FAIL	20	FAIL	
Lotus_Scripts_FactionConflict.lua_B	True	True	True	False	False	2	PASS	2	2	2	2	PASS	False	PASS	2	PASS	
Lotus_Scripts_FactionSpawner.lua_B	True	True	True	True	True	1	PASS	3	3	3	3	None	False	PASS	3	None	
Lotus_Scripts_FireGrenade.lua_B	True	True	True	True	True	1	PASS	2	2	2	2	None	False	PASS	2	None	
Lotus_Scripts_FirePort.lua_B	True	True	True	False	False	2	PASS	25	25	25	25	PASS	False	PASS	25	PASS	
Lotus_Scripts_FireRandomPortGroup.lua_B	True	True	True	False	False	2	PASS	3	3	3	3	PASS	False	PASS	3	PASS	
Lotus_Scripts_Flappy.lua_B	True	True	True	False	False	None	PASS	9	9	9	9	None	False	FAIL	8	None	
Lotus_Scripts_FlashMovieEmote.lua_B	True	True	True	False	False	2	PASS	4	4	4	4	PASS	False	PASS	4	PASS	
Lotus_Scripts_FlickerOnOff.lua_B	True	True	True	False	False	2	PASS	10	10	10	10	PASS	False	PASS	10	PASS	
Lotus_Scripts_FocusBoost.lua_B	True	True	True	False	False	2	PASS	17	17	17	17	PASS	False	FAIL	16	FAIL	
Lotus_Scripts_FomHeartDamageResponse.lua_B	True	True	True	True	True	1	PASS	5	5	5	5	None	False	PASS	5	None	
Lotus_Scripts_FomorianCoreSpawner.lua_B	True	True	True	False	False	2	PASS	3	3	3	3	PASS	False	PASS	3	PASS	
Lotus_Scripts_FortIntShipTrophyRoom.lua_B	True	True	True	False	False	2	PASS	5	5	5	5	PASS	False	PASS	5	PASS	
Lotus_Scripts_FortressAsteroid.lua_B	True	True	True	False	False	2	PASS	30	30	30	30	PASS	False	PASS	30	PASS	
Lotus_Scripts_FortressIntro.lua_B	True	True	True	True	True	1	PASS	3	3	3	3	None	False	PASS	3	None	
Lotus_Scripts_FortressSecurity.lua_B	True	True	True	False	False	2	PASS	10	10	10	10	PASS	False	PASS	10	PASS	
Lotus_Scripts_FoundryTransmissions.lua_B	True	True	True	True	True	1	PASS	3	3	3	3	None	False	PASS	3	None	
Lotus_Scripts_FreeAbilities_FreeAbilitiesCleaner.lua_B	True	True	True	True	True	1	FAIL	3	2	3	3	None	False	FAIL	2	None	
Lotus_Scripts_FreeAbilities_FreeAbilitiesConfiguration.lua_B	True	True	True	True	True	1	PASS	3	3	3	3	None	False	PASS	3	None	
Lotus_Scripts_FreeAbilities_FreeAbilitiesDebug.lua_B	True	True	True	False	False	2	PASS	4	4	4	4	PASS	False	PASS	4	PASS	
Lotus_Scripts_FreeAbilities_FreeAbilitiesFx.lua_B	True	True	True	True	True	1	PASS	4	4	4	4	None	False	PASS	4	None	
Lotus_Scripts_FreeAbilities_FreeAbilitiesInstance.lua_B	True	True	True	True	True	1	PASS	19	19	19	19	None	False	PASS	19	None	
Lotus_Scripts_FreeAbilities_FreeAbilitiesLib.lua_B	True	True	True	False	False	2	PASS	29	29	29	29	PASS	False	PASS	29	PASS	
Lotus_Scripts_FreeAbilities_FreeAbilitiesListener.lua_B	True	True	True	False	False	2	PASS	5	5	5	5	PASS	False	PASS	5	PASS	
Lotus_Scripts_FullEnergyEffectMod.lua_B	True	True	True	False	False	2	PASS	2	2	2	2	PASS	False	PASS	2	PASS	
Lotus_Scripts_FusionOrnamentPickup.lua_B	True	True	True	True	True	1	PASS	3	3	3	3	None	False	PASS	3	None	
Lotus_Scripts_FusionTreasureRenderingSetup.lua_B	True	True	True	False	False	2	PASS	4	4	4	4	PASS	False	PASS	4	PASS	
Lotus_Scripts_Fx.lua_B	True	True	True	False	False	2	PASS	9	9	9	9	PASS	False	FAIL	8	FAIL	
Lotus_Scripts_Gameplay_AbilityLockout.lua_B	True	True	True	False	False	2	PASS	10	10	10	10	PASS	False	FAIL	9	FAIL	
Lotus_Scripts_Gameplay_AcceleratedEnemies.lua_B	True	True	True	True	True	1	PASS	2	2	2	2	None	False	PASS	2	None	
Lotus_Scripts_Gameplay_AmmoEfficiencyDebuffZones.lua_B	True	True	True	False	False	2	PASS	4	4	4	4	PASS	False	PASS	4	PASS	
Lotus_Scripts_Gameplay_AnimTreeUtils.lua_B	True	True	True	True	True	1	PASS	3	3	3	3	None	False	PASS	3	None	
Lotus_Scripts_Gameplay_AntiMaterialWeapons.lua_B	True	True	True	True	True	1	PASS	3	3	3	3	None	False	PASS	3	None	
Lotus_Scripts_Gameplay_AreaMarker.lua_B	True	True	True	True	True	1	PASS	2	2	2	2	None	False	PASS	2	None	
Lotus_Scripts_Gameplay_ArmourLossOnCast.lua_B	True	True	True	False	False	2	PASS	3	3	3	3	PASS	False	PASS	3	PASS	
Lotus_Scripts_Gameplay_ArtilleryBeaconsEffect.lua_B	True	True	True	False	False	2	PASS	8	8	8	8	PASS	False	PASS	8	PASS	
Lotus_Scripts_Gameplay_AvatarRestrictions.lua_B	True	True	True	False	False	2	PASS	2	2	2	2	PASS	False	PASS	2	PASS	
Lotus_Scripts_Gameplay_BalloonFestEffect.lua_B	True	True	True	True	True	1	PASS	6	6	6	6	None	False	PASS	6	None	
Lotus_Scripts_Gameplay_CanOnlyHaveOnePickup.lua_B	True	True	True	False	False	2	PASS	2	2	2	2	PASS	False	PASS	2	PASS	
Lotus_Scripts_Gameplay_Complications_ArchaicArmor.lua_B	True	True	True	True	True	1	PASS	4	4	4	4	None	False	PASS	4	None	
Lotus_Scripts_Gameplay_Complications_ChargedAir.lua_B	True	True	True	True	True	1	PASS	4	4	4	4	None	False	PASS	4	None	
Lotus_Scripts_Gameplay_Complications_EmpoweredEnemies.lua_B	True	True	True	True	True	1	PASS	4	4	4	4	None	False	PASS	4	None	
Lotus_Scripts_Gameplay_Complications_Juggernauts.lua_B	True	True	True	False	False	2	PASS	11	11	11	11	PASS	False	FAIL	10	FAIL	
Lotus_Scripts_Gameplay_Complications_KPMissileStrike.lua_B	True	True	True	False	False	2	PASS	11	11	11	11	PASS	False	PASS	11	PASS	
Lotus_Scripts_Gameplay_Complications_KuvaSaturation.lua_B	True	True	True	False	False	2	PASS	21	21	21	21	PASS	False	PASS	21	PASS	
Lotus_Scripts_Gameplay_Complications_LanternInTheDark.lua_B	True	True	True	False	False	2	PASS	11	11	11	11	PASS	False	FAIL	10	FAIL	
Lotus_Scripts_Gameplay_Complications_RestrictedConsumables.lua_B	True	True	True	True	True	1	PASS	4	4	4	4	None	False	PASS	4	None	
Lotus_Scripts_Gameplay_Complications_ThinBoundary.lua_B	True	True	True	False	False	None	PASS	29	29	29	29	None	False	FAIL	27	None	
Lotus_Scripts_Gameplay_Complications_ToxinInoculation.lua_B	True	True	True	False	False	2	PASS	12	12	12	12	PASS	False	FAIL	10	FAIL	
Lotus_Scripts_Gameplay_Complications_VolatileAtmosphere.lua_B	True	True	True	False	False	None	PASS	32	32	32	32	None	False	FAIL	30	None	
Lotus_Scripts_Gameplay_ConsoleMaterialSwap.lua_B	True	True	True	False	False	2	PASS	4	4	4	4	PASS	False	PASS	4	PASS	
Lotus_Scripts_Gameplay_CorpusCrewmanRandomizer.lua_B	True	True	True	True	True	1	PASS	5	5	5	5	None	False	PASS	5	None	
Lotus_Scripts_Gameplay_CreateEntity.lua_B	True	True	True	False	False	2	PASS	8	8	8	8	PASS	False	PASS	8	PASS	
Lotus_Scripts_Gameplay_DamageControllerFunctions.lua_B	True	True	True	True	True	1	PASS	2	2	2	2	None	False	PASS	2	None	
Lotus_Scripts_Gameplay_DamageOnAbility.lua_B	True	True	True	False	False	2	PASS	6	6	6	6	PASS	False	PASS	6	PASS	
Lotus_Scripts_Gameplay_DamageOnMovement.lua_B	True	True	True	False	False	2	PASS	5	5	5	5	PASS	False	PASS	5	PASS	
Lotus_Scripts_Gameplay_DamageZone.lua_B	True	True	True	False	False	2	PASS	5	5	5	5	PASS	False	PASS	5	PASS	
Lotus_Scripts_Gameplay_DialogTrigger.lua_B	True	True	True	True	True	1	PASS	3	3	3	3	None	False	PASS	3	None	
Lotus_Scripts_Gameplay_DistanceDecloak.lua_B	True	True	True	True	True	1	PASS	3	3	3	3	None	False	PASS	3	None	
Lotus_Scripts_Gameplay_DrainingResiduals.lua_B	True	True	True	True	True	1	PASS	3	3	3	3	None	False	PASS	3	None	
Lotus_Scripts_Gameplay_DynamicBossIntro.lua_B	True	True	True	False	False	2	PASS	8	8	8	8	PASS	False	PASS	8	PASS	
Lotus_Scripts_Gameplay_EidolonGameplayObjects.lua_B	True	True	True	True	True	1	PASS	5	5	5	5	None	False	PASS	5	None	
Lotus_Scripts_Gameplay_ElementalLayerObjects.lua_B	True	True	True	True	True	1	PASS	2	2	2	2	None	False	PASS	2	None	
Lotus_Scripts_Gameplay_ElementalLayerSetup.lua_B	True	True	True	False	False	2	PASS	8	8	8	8	PASS	False	FAIL	7	FAIL	
Lotus_Scripts_Gameplay_EmoteSpecificTrigger.lua_B	True	True	True	False	False	2	PASS	9	9	9	9	PASS	False	PASS	9	PASS	
Lotus_Scripts_Gameplay_EMPBlackHoleUpgrade.lua_B	True	True	True	True	True	1	PASS	2	2	2	2	None	False	PASS	2	None	
Lotus_Scripts_Gameplay_EnergyDrainPerEnemyInRange.lua_B	True	True	True	True	True	1	PASS	3	3	3	3	None	False	PASS	3	None	
Lotus_Scripts_Gameplay_EnhanceAvatarAura.lua_B	True	True	True	True	True	1	PASS	3	3	3	3	None	False	PASS	3	None	
Lotus_Scripts_Gameplay_EnterRoomTransmission.lua_B	True	True	True	False	False	2	PASS	2	2	2	2	PASS	False	PASS	2	PASS	
Lotus_Scripts_Gameplay_EntityScaling.lua_B	True	True	True	True	True	1	PASS	2	2	2	2	None	False	FAIL	1	None	
Lotus_Scripts_Gameplay_EntratiDoppelgangerSpawner.lua_B	True	True	True	False	False	2	PASS	6	6	6	6	PASS	False	FAIL	5	FAIL	
Lotus_Scripts_Gameplay_EntratiLabChallengeMgr.lua_B	True	True	True	False	False	3	PASS	10	10	10	10	PASS	False	PASS	10	PASS	
Lotus_Scripts_Gameplay_EventPickupBoostSuppression.lua_B	True	True	True	True	True	1	PASS	2	2	2	2	None	False	PASS	2	None	
Lotus_Scripts_Gameplay_ExplosiveCrawlers.lua_B	True	True	True	True	True	1	PASS	2	2	2	2	None	False	PASS	2	None	
Lotus_Scripts_Gameplay_Fishing.lua_B	True	True	True	False	False	3	PASS	72	72	72	72	PASS	False	FAIL	69	FAIL	
Lotus_Scripts_Gameplay_FishingBait.lua_B	True	True	True	False	False	2	PASS	3	3	3	3	PASS	False	PASS	3	PASS	
Lotus_Scripts_Gameplay_FishingDeimosBait.lua_B	True	True	True	True	True	1	PASS	2	2	2	2	None	False	PASS	2	None	
Lotus_Scripts_Gameplay_FishingSpearProjectile.lua_B	True	True	True	False	False	2	PASS	4	4	4	4	PASS	False	FAIL	3	FAIL	
Lotus_Scripts_Gameplay_FishingWaterDetection.lua_B	True	True	True	True	True	1	PASS	8	8	8	8	None	False	PASS	8	None	
Lotus_Scripts_Gameplay_ForceCrouch.lua_B	True	True	True	True	True	1	PASS	2	2	2	2	None	False	PASS	2	None	
Lotus_Scripts_Gameplay_ForceOperator.lua_B	True	True	True	True	True	1	PASS	11	11	11	11	None	False	PASS	11	None	
Lotus_Scripts_Gameplay_ForceWalk.lua_B	True	True	True	False	False	2	PASS	2	2	2	2	PASS	False	PASS	2	PASS	
Lotus_Scripts_Gameplay_GasCityAudioLogPuzzle.lua_B	True	True	True	False	False	2	PASS	5	5	5	5	PASS	False	FAIL	4	FAIL	
Lotus_Scripts_Gameplay_GearLockout.lua_B	True	True	True	True	True	1	PASS	4	4	4	4	None	False	PASS	4	None	
Lotus_Scripts_Gameplay_GenericInfestedSpawnPods.lua_B	True	True	True	False	False	2	PASS	12	12	12	12	PASS	False	PASS	12	PASS	
Lotus_Scripts_Gameplay_GenericObjective.lua_B	True	True	True	True	True	1	PASS	2	2	2	2	None	False	PASS	2	None	
Lotus_Scripts_Gameplay_GhoulSpawner.lua_B	True	True	True	False	False	2	PASS	4	4	4	4	PASS	False	FAIL	3	FAIL	
Lotus_Scripts_Gameplay_GoldenMawSpawn.lua_B	True	True	True	False	False	2	PASS	9	9	9	9	PASS	False	PASS	9	PASS	
Lotus_Scripts_Gameplay_GravityModifier.lua_B	True	True	True	True	True	1	PASS	3	3	3	3	None	False	PASS	3	None	
Lotus_Scripts_Gameplay_GravityStream.lua_B	True	True	True	True	True	1	PASS	2	2	2	2	None	False	PASS	2	None	
Lotus_Scripts_Gameplay_GrineerRandomName.lua_B	True	True	True	True	True	1	PASS	2	2	2	2	None	False	PASS	2	None	
Lotus_Scripts_Gameplay_GrnPressurePlate.lua_B	True	True	True	True	True	1	PASS	3	3	3	3	None	False	PASS	3	None	
Lotus_Scripts_Gameplay_GrnTargetChallenge.lua_B	True	True	True	False	False	2	PASS	11	11	11	11	PASS	False	PASS	11	PASS	
Lotus_Scripts_Gameplay_HardModeDoomPassive.lua_B	True	True	True	True	True	1	PASS	9	9	9	9	None	False	PASS	9	None	
Lotus_Scripts_Gameplay_HeavyWeaponEffectiveAura.lua_B	True	True	True	True	True	1	PASS	5	5	5	5	None	False	PASS	5	None	
Lotus_Scripts_Gameplay_HeroicMomentManager.lua_B	True	True	True	False	False	2	FAIL	11	11	11	12	FAIL	False	FAIL	11	FAIL	
Lotus_Scripts_Gameplay_HexConquest.lua_B	True	True	True	False	False	2	PASS	9	9	9	9	PASS	False	PASS	9	PASS	
Lotus_Scripts_Gameplay_HexConquestModifiers.lua_B	True	True	True	False	False	2	PASS	14	14	14	14	PASS	False	PASS	14	PASS	
Lotus_Scripts_Gameplay_HexConquestReviveMechanic.lua_B	True	True	True	False	False	None	FAIL	23	23	23	24	None	False	FAIL	23	None	
Lotus_Scripts_Gameplay_InfectedTechrotEffect.lua_B	True	True	True	False	False	2	PASS	6	6	6	6	PASS	False	PASS	6	PASS	
Lotus_Scripts_Gameplay_InfestedEscalationEvents.lua_B	True	True	True	True	True	1	PASS	3	3	3	3	None	False	PASS	3	None	
Lotus_Scripts_Gameplay_InvertedTeleport.lua_B	True	True	True	True	True	1	PASS	3	3	3	3	None	False	PASS	3	None	
Lotus_Scripts_Gameplay_LabConquest.lua_B	True	True	True	False	False	2	PASS	8	8	8	8	PASS	False	PASS	8	PASS	
Lotus_Scripts_Gameplay_MelicaCacheSounds.lua_B	True	True	True	False	False	2	PASS	6	6	6	6	PASS	False	PASS	6	PASS	
Lotus_Scripts_Gameplay_MissionCheckpoint.lua_B	True	True	True	True	True	1	PASS	9	9	9	9	None	False	PASS	9	None	
Lotus_Scripts_Gameplay_MurmurIncursionScript.lua_B	True	True	True	True	True	1	PASS	5	5	5	5	None	False	PASS	5	None	
Lotus_Scripts_Gameplay_NoVehicles.lua_B	True	True	True	False	False	2	PASS	7	7	7	7	PASS	False	PASS	7	FAIL	
Lotus_Scripts_Gameplay_NoVehiclesAura.lua_B	True	True	True	True	True	1	PASS	2	2	2	2	None	False	PASS	2	None	
Lotus_Scripts_Gameplay_ObjectivePickupScripts.lua_B	True	True	True	False	False	2	PASS	5	5	5	5	PASS	False	FAIL	4	FAIL	
Lotus_Scripts_Gameplay_OperatorLockout.lua_B	True	True	True	True	True	1	PASS	6	6	6	6	None	False	PASS	6	None	
Lotus_Scripts_Gameplay_OrokinMoonBuff.lua_B	True	True	True	False	False	2	PASS	5	5	5	5	PASS	False	PASS	5	PASS	
Lotus_Scripts_Gameplay_OrokinMoonTeleportBubble.lua_B	True	True	True	False	False	2	PASS	2	2	2	2	PASS	False	PASS	2	PASS	
Lotus_Scripts_Gameplay_OverguardDamageToEnergy.lua_B	True	True	True	True	True	1	PASS	4	4	4	4	None	False	PASS	4	None	
Lotus_Scripts_Gameplay_PacifistSwordShieldSleep.lua_B	True	True	True	False	False	2	PASS	3	3	3	3	PASS	False	PASS	3	PASS	
Lotus_Scripts_Gameplay_ParazonAction.lua_B	True	True	True	False	False	2	PASS	4	4	4	4	PASS	False	PASS	4	PASS	
Lotus_Scripts_Gameplay_PhotoboothCustomizations.lua_B	True	True	True	False	False	2	PASS	2	2	2	2	PASS	False	PASS	2	PASS	
Lotus_Scripts_Gameplay_PointBlankEffect.lua_B	True	True	True	True	True	1	PASS	5	5	5	5	None	False	PASS	5	None	
Lotus_Scripts_Gameplay_PurgatoryMarker.lua_B	True	True	True	False	False	2	PASS	5	5	5	5	PASS	False	PASS	5	PASS	
Lotus_Scripts_Gameplay_PushTrigger.lua_B	True	True	True	True	True	1	PASS	3	3	3	3	None	False	PASS	3	None	
Lotus_Scripts_Gameplay_QuicksandZones.lua_B	True	True	True	False	False	2	PASS	6	6	6	6	PASS	False	PASS	6	PASS	
Lotus_Scripts_Gameplay_RegenerateEffect.lua_B	True	True	True	True	True	1	PASS	3	3	3	3	None	False	PASS	3	None	
Lotus_Scripts_Gameplay_ReportPerception.lua_B	True	True	True	True	True	1	PASS	3	3	3	3	None	False	PASS	3	None	
Lotus_Scripts_Gameplay_SecondDamage.lua_B	True	True	True	True	True	1	PASS	3	3	3	3	None	False	PASS	3	None	
Lotus_Scripts_Gameplay_SelfDestruct.lua_B	True	True	True	True	True	1	PASS	3	3	3	3	None	False	PASS	3	None	
Lotus_Scripts_Gameplay_SentientGooSpawn.lua_B	True	True	True	True	True	1	PASS	4	4	4	4	None	False	PASS	4	None	
Lotus_Scripts_Gameplay_ShowDebuffLocal.lua_B	True	True	True	True	True	1	PASS	3	3	3	3	None	False	PASS	3	None	
Lotus_Scripts_Gameplay_ShowImpactMessageLocal.lua_B	True	True	True	True	True	1	PASS	4	4	4	4	None	False	FAIL	2	None	
Lotus_Scripts_Gameplay_SongFragmentPickup.lua_B	True	True	True	True	True	1	PASS	6	6	6	6	None	False	PASS	6	None	
Lotus_Scripts_Gameplay_SplineMover.lua_B	True	True	True	False	False	2	PASS	19	19	19	19	PASS	False	PASS	19	PASS	
Lotus_Scripts_Gameplay_StealthFinisherCallback.lua_B	True	True	True	True	True	1	PASS	3	3	3	3	None	False	PASS	3	None	
Lotus_Scripts_Gameplay_TarotCardPickup.lua_B	True	True	True	True	True	1	PASS	3	3	3	3	None	False	PASS	3	None	
Lotus_Scripts_Gameplay_TeshinCaveSelection.lua_B	True	True	True	False	False	2	PASS	35	35	35	35	PASS	False	PASS	35	PASS	
Lotus_Scripts_Gameplay_TeshinCaveSelectionLib.lua_B	True	True	True	False	False	3	PASS	9	9	9	9	PASS	False	PASS	9	FAIL	
Lotus_Scripts_Gameplay_TriggerConditions.lua_B	True	True	True	True	True	1	PASS	4	4	4	4	None	False	PASS	4	None	
Lotus_Scripts_Gameplay_TurnTowardsPlayer.lua_B	True	True	True	False	False	2	PASS	2	2	2	2	PASS	False	PASS	2	PASS	
Lotus_Scripts_Gameplay_UniversalMissionHub.lua_B	True	True	True	False	False	2	PASS	51	51	51	51	PASS	False	PASS	51	PASS	
Lotus_Scripts_Gameplay_VesoBipedSelfDestructCheck.lua_B	True	True	True	True	True	1	PASS	3	3	3	3	None	False	PASS	3	None	
Lotus_Scripts_Gameplay_VoidAberrationAura.lua_B	True	True	True	True	True	1	PASS	11	11	11	11	None	False	PASS	11	None	
Lotus_Scripts_Gameplay_VoidburstEffect.lua_B	True	True	True	False	False	2	PASS	5	5	5	5	PASS	False	PASS	5	PASS	
Lotus_Scripts_Gameplay_VoidPillar.lua_B	True	True	True	False	False	2	PASS	10	10	10	10	PASS	False	PASS	10	PASS	
Lotus_Scripts_Gameplay_VoidSink.lua_B	True	True	True	False	False	2	PASS	13	13	13	13	PASS	False	FAIL	11	FAIL	
Lotus_Scripts_Gameplay_VoidTear.lua_B	True	True	True	False	False	4	PASS	41	41	41	41	PASS	False	FAIL	39	FAIL	
Lotus_Scripts_Gameplay_VoidTearBeam.lua_B	True	True	True	True	True	1	PASS	3	3	3	3	None	False	PASS	3	None	
Lotus_Scripts_Gameplay_WeakpointAura.lua_B	True	True	True	True	True	1	PASS	3	3	3	3	None	False	PASS	3	None	
Lotus_Scripts_Gameplay_ZarChallengeMgr.lua_B	True	True	True	False	False	2	PASS	13	13	13	13	PASS	False	PASS	13	PASS	
Lotus_Scripts_Gameplay_ZarimanHandleVoidAngelSpawns.lua_B	True	True	True	False	False	3	PASS	16	16	16	16	PASS	False	FAIL	14	FAIL	
Lotus_Scripts_Gameplay_ZarimanNoPowersAura.lua_B	True	True	True	True	True	1	PASS	2	2	2	2	None	False	PASS	2	None	
Lotus_Scripts_GameplayObjectHackPanel.lua_B	True	True	True	False	False	2	PASS	3	3	3	3	PASS	False	PASS	3	PASS	
Lotus_Scripts_GameplayObjectives.lua_B	True	True	True	False	False	2	PASS	9	9	9	9	PASS	False	PASS	9	PASS	
Lotus_Scripts_GasVariableLaserGrid.lua_B	True	True	True	False	False	2	PASS	12	12	12	12	PASS	False	FAIL	11	FAIL	
Lotus_Scripts_Generators_BandNameGenerator.lua_B	True	True	True	False	False	2	PASS	10	10	10	10	PASS	False	FAIL	9	FAIL	
Lotus_Scripts_Generators_bit.lua_B	True	True	True	False	False	2	PASS	13	13	13	13	PASS	False	PASS	13	PASS	
Lotus_Scripts_Generators_CorpusNameGenerator.lua_B	True	True	True	True	True	1	PASS	3	3	3	3	None	False	PASS	3	None	
Lotus_Scripts_Generators_CorpusNameTables.lua_B	True	True	True	True	True	1	PASS	1	1	1	1	None	False	FAIL	0	None	
Lotus_Scripts_Generators_GenericMarkovName.lua_B	True	True	True	True	True	1	PASS	4	4	4	4	None	False	PASS	4	None	
Lotus_Scripts_Generators_GrineerNameGenerator.lua_B	True	True	True	True	True	1	PASS	3	3	3	3	None	False	PASS	3	None	
Lotus_Scripts_Generators_GrineerNameTables.lua_B	True	True	True	True	True	1	PASS	1	1	1	1	None	False	FAIL	0	None	
Lotus_Scripts_Generators_MarkovNameGenerator.lua_B	True	True	True	True	True	1	PASS	13	13	13	13	None	False	FAIL	12	None	
Lotus_Scripts_Generators_TitleNameGenerator.lua_B	True	True	True	False	False	2	PASS	19	19	19	19	PASS	False	FAIL	18	FAIL	
Lotus_Scripts_GenericHideShowEvent.lua_B	True	True	True	True	True	1	PASS	3	3	3	3	None	False	PASS	3	None	
Lotus_Scripts_GenericIndexLightFade.lua_B	True	True	True	False	False	2	PASS	4	4	4	4	PASS	False	PASS	4	PASS	
Lotus_Scripts_GenericSpawnSentinel.lua_B	True	True	True	False	False	3	PASS	5	5	5	5	PASS	False	FAIL	4	FAIL	
Lotus_Scripts_GeyserActivateScript.lua_B	True	True	True	True	True	1	PASS	2	2	2	2	None	False	PASS	2	None	
Lotus_Scripts_GhostTower.lua_B	True	True	True	False	False	None	PASS	30	30	30	30	None	False	FAIL	28	None	
Lotus_Scripts_GiveOverguard.lua_B	True	True	True	True	True	1	PASS	4	4	4	4	None	False	PASS	4	None	
Lotus_Scripts_GiveStartingGear.lua_B	True	True	True	True	True	1	PASS	3	3	3	3	None	False	PASS	3	None	
Lotus_Scripts_GlnCrpTransition.lua_B	True	True	True	False	False	2	PASS	3	3	3	3	PASS	False	PASS	3	PASS	
Lotus_Scripts_GolemTeleportPlayers.lua_B	True	True	True	False	False	2	PASS	3	3	3	3	PASS	False	PASS	3	PASS	
Lotus_Scripts_GreedToken.lua_B	True	True	True	False	False	2	PASS	7	7	7	7	PASS	False	PASS	7	PASS	
Lotus_Scripts_GrineerAssemblySpawn.lua_B	True	True	True	False	False	2	PASS	5	5	5	5	PASS	False	PASS	5	PASS	
Lotus_Scripts_GrineerBridgeTram.lua_B	True	True	True	True	True	1	PASS	2	2	2	2	None	False	PASS	2	None	
Lotus_Scripts_GrineerChampions.lua_B	True	True	True	True	True	1	PASS	3	3	3	3	None	False	PASS	3	None	
Lotus_Scripts_GrineerDeathSquad.lua_B	True	True	True	False	False	2	PASS	5	5	5	5	PASS	False	FAIL	4	FAIL	
Lotus_Scripts_GrineerDeathSquadRaid.lua_B	True	True	True	False	False	2	PASS	4	4	4	4	PASS	False	FAIL	3	FAIL	
Lotus_Scripts_GrineerDroneHover.lua_B	True	True	True	True	True	1	PASS	2	2	2	2	None	False	PASS	2	None	
Lotus_Scripts_GrineerForestIntelTutorial.lua_B	True	True	True	True	True	1	PASS	6	6	6	6	None	False	PASS	6	None	
Lotus_Scripts_GrineerGameplay.lua_B	True	True	True	False	False	2	PASS	12	12	12	12	PASS	False	FAIL	11	FAIL	
Lotus_Scripts_GrineerGrenade.lua_B	True	True	True	True	True	1	PASS	3	3	3	3	None	False	PASS	3	None	
Lotus_Scripts_GrineerShipyardCrusherArm.lua_B	True	True	True	True	True	1	PASS	2	2	2	2	None	False	PASS	2	None	
Lotus_Scripts_GrineerShipyardSabotage.lua_B	True	True	True	False	False	2	PASS	4	4	4	4	PASS	False	PASS	4	PASS	
Lotus_Scripts_GrineerSkiffHover.lua_B	True	True	True	True	True	1	PASS	2	2	2	2	None	False	PASS	2	None	
Lotus_Scripts_GrineerTrap.lua_B	True	True	True	False	False	2	PASS	13	13	13	13	PASS	False	FAIL	10	FAIL	
Lotus_Scripts_GrnBoomerangWeaponSteal.lua_B	True	True	True	False	False	2	PASS	2	2	2	2	PASS	False	PASS	2	PASS	
Lotus_Scripts_GrnFortressTraps.lua_B	True	True	True	True	True	1	PASS	6	6	6	6	None	False	FAIL	5	None	
Lotus_Scripts_GrnHarpoonGrapple.lua_B	True	True	True	False	False	2	PASS	8	8	8	8	PASS	False	FAIL	7	FAIL	
Lotus_Scripts_GrnOutriderScript.lua_B	True	True	True	True	True	1	PASS	6	6	6	6	None	False	PASS	6	None	
Lotus_Scripts_HalloweenGameRules.lua_B	True	True	True	False	False	2	PASS	4	4	4	4	PASS	False	PASS	4	PASS	
Lotus_Scripts_HealerDroneHelper.lua_B	True	True	True	True	True	1	PASS	2	2	2	2	None	False	PASS	2	None	
Lotus_Scripts_HealthDrainUntilDeath.lua_B	True	True	True	True	True	1	PASS	3	3	3	3	None	False	PASS	3	None	
Lotus_Scripts_HelminthTransmissions.lua_B	True	True	True	False	False	None	PASS	5	5	5	5	None	False	FAIL	4	None	
Lotus_Scripts_HiddenItemUnlock.lua_B	True	True	True	True	True	1	PASS	4	4	4	4	None	False	PASS	4	None	
Lotus_Scripts_HookBehavior.lua_B	True	True	True	True	True	1	PASS	8	8	8	8	None	False	PASS	8	None	
Lotus_Scripts_HubGearStressTest.lua_B	True	True	True	True	True	1	PASS	2	2	2	2	None	False	PASS	2	None	
Lotus_Scripts_HubLoadoutFilter.lua_B	True	True	True	True	True	1	PASS	2	2	2	2	None	False	PASS	2	None	
Lotus_Scripts_HubMasteryRank.lua_B	True	True	True	False	False	2	PASS	7	7	7	7	PASS	False	PASS	7	PASS	
Lotus_Scripts_HubNpc.lua_B	True	True	True	False	False	2	PASS	12	12	12	12	PASS	False	FAIL	11	FAIL	
Lotus_Scripts_HubOperators.lua_B	True	True	True	True	True	1	PASS	4	4	4	4	None	False	PASS	4	None	
Lotus_Scripts_HudTrackers.lua_B	True	True	True	False	False	3	PASS	276	276	276	276	PASS	False	PASS	276	PASS	
Lotus_Scripts_IceZone.lua_B	True	True	True	False	False	3	PASS	11	11	11	11	PASS	False	PASS	11	PASS	
Lotus_Scripts_IdleBarkMonitor.lua_B	True	True	True	False	False	2	PASS	3	3	3	3	PASS	False	FAIL	2	FAIL	
Lotus_Scripts_InarosNoggle.lua_B	True	True	True	True	True	1	PASS	4	4	4	4	None	False	PASS	4	None	
Lotus_Scripts_InfestedMicroplanet_DeimosDayNight.lua_B	True	True	True	False	False	2	PASS	31	31	31	31	PASS	False	FAIL	30	FAIL	
Lotus_Scripts_InfestedMicroplanet_DeimosQuestIntroCin.lua_B	True	True	True	True	True	1	PASS	3	3	3	3	None	False	PASS	3	None	
Lotus_Scripts_InfestedMicroplanet_DeimosZoneMarkSetup.lua_B	True	True	True	True	True	1	PASS	2	2	2	2	None	False	PASS	2	None	
Lotus_Scripts_InfestedMicroplanet_Encounters_ChamberDoorKeyEncounter.lua_B	True	True	True	False	False	2	PASS	38	38	38	38	PASS	False	FAIL	37	FAIL	
Lotus_Scripts_InfestedMicroplanet_Encounters_ChamberSurvivalEncounter.lua_B	True	True	True	False	False	2	PASS	16	16	16	16	PASS	False	PASS	16	PASS	
Lotus_Scripts_InfestedMicroplanet_Encounters_DynamicAreaDefense.lua_B	True	True	True	False	False	2	PASS	16	16	16	16	PASS	False	PASS	16	PASS	
Lotus_Scripts_InfestedMicroplanet_Encounters_DynamicEscort.lua_B	True	True	True	False	False	2	PASS	27	27	27	27	PASS	False	FAIL	26	FAIL	
Lotus_Scripts_InfestedMicroplanet_Encounters_DynamicEscortObjects.lua_B	True	True	True	False	False	2	PASS	5	5	5	5	PASS	False	PASS	5	PASS	
Lotus_Scripts_InfestedMicroplanet_Encounters_DynamicExcavation.lua_B	True	True	True	False	False	3	PASS	68	68	68	68	PASS	False	FAIL	67	FAIL	
Lotus_Scripts_InfestedMicroplanet_Encounters_DynamicExterminate.lua_B	True	True	True	False	False	2	PASS	19	19	19	19	PASS	False	FAIL	16	FAIL	
Lotus_Scripts_InfestedMicroplanet_Encounters_DynamicFluidSac.lua_B	True	True	True	False	False	3	PASS	63	63	63	63	PASS	False	FAIL	62	FAIL	
Lotus_Scripts_InfestedMicroplanet_Encounters_DynamicGrineerSurvivors.lua_B	True	True	True	False	False	2	PASS	16	16	16	16	PASS	False	FAIL	15	FAIL	
Lotus_Scripts_InfestedMicroplanet_Encounters_DynamicPurify.lua_B	True	True	True	False	False	3	FAIL	38	41	38	58	FAIL	False	FAIL	37	FAIL	
Lotus_Scripts_InfestedMicroplanet_Encounters_DynamicRecipe.lua_B	True	True	True	False	False	3	PASS	32	32	32	32	PASS	False	FAIL	31	FAIL	
Lotus_Scripts_InfestedMicroplanet_Encounters_DynamicSurvivors.lua_B	True	True	True	False	False	3	PASS	23	23	23	23	PASS	False	FAIL	22	FAIL	
Lotus_Scripts_InfestedMicroplanet_Encounters_EntratiTombPuzzleEncounter.lua_B	True	True	True	False	False	2	PASS	48	48	48	48	PASS	False	PASS	48	PASS	
Lotus_Scripts_InfestedMicroplanet_Encounters_EntratiTombTrailMonitor.lua_B	True	True	True	True	True	1	PASS	2	2	2	2	None	False	PASS	2	None	
Lotus_Scripts_InfestedMicroplanet_Encounters_ErisAssassinateEncounter.lua_B	True	True	True	False	False	3	PASS	37	37	37	37	PASS	False	PASS	37	FAIL	
Lotus_Scripts_InfestedMicroplanet_Encounters_FaceHuggerEncounter.lua_B	True	True	True	False	False	2	PASS	4	4	4	4	PASS	False	FAIL	3	FAIL	
Lotus_Scripts_InfestedMicroplanet_Encounters_InfestedDropPod.lua_B	True	True	True	False	False	2	PASS	6	6	6	6	PASS	False	PASS	6	PASS	
Lotus_Scripts_InfestedMicroplanet_Encounters_InfestedMistEncounter.lua_B	True	True	True	False	False	3	PASS	44	44	44	44	PASS	False	FAIL	43	FAIL	
Lotus_Scripts_InfestedMicroplanet_Encounters_InfestedMistObjects.lua_B	True	True	True	False	False	2	PASS	8	8	8	8	PASS	False	PASS	8	PASS	
Lotus_Scripts_InfestedMicroplanet_Encounters_InfestedPatrol.lua_B	True	True	True	False	False	2	PASS	3	3	3	3	PASS	False	PASS	3	PASS	
Lotus_Scripts_InfestedMicroplanet_Encounters_InfestedPodReinforcements.lua_B	True	True	True	False	False	3	PASS	7	7	7	7	PASS	False	FAIL	6	FAIL	
Lotus_Scripts_InfestedMicroplanet_Encounters_KeyPiecesEncounter.lua_B	True	True	True	False	False	3	PASS	51	51	51	51	PASS	False	FAIL	50	FAIL	
Lotus_Scripts_InfestedMicroplanet_Encounters_NechramechLandscapeEncounter.lua_B	True	True	True	False	False	2	PASS	5	5	5	5	PASS	False	PASS	5	PASS	
Lotus_Scripts_InfestedMicroplanet_EntratiNpc.lua_B	True	True	True	False	False	2	PASS	11	11	11	11	PASS	False	PASS	11	PASS	
Lotus_Scripts_InfestedMicroplanet_InfestedFastTravel.lua_B	True	True	True	True	True	1	PASS	6	6	6	6	None	False	PASS	6	None	
Lotus_Scripts_InfestedMicroplanet_LoidTransmissions.lua_B	True	True	True	True	True	1	PASS	4	4	4	4	None	False	PASS	4	None	
Lotus_Scripts_InfestedMicroplanet_LoreConsoleHelper.lua_B	True	True	True	False	False	2	PASS	3	3	3	3	PASS	False	PASS	3	PASS	
Lotus_Scripts_InfestedMicroplanet_MaggotSacSpawner.lua_B	True	True	True	True	True	1	PASS	2	2	2	2	None	False	PASS	2	None	
Lotus_Scripts_InfestedMicroplanet_WispVolume.lua_B	True	True	True	True	True	1	PASS	5	5	5	5	None	False	PASS	5	None	
Lotus_Scripts_InfestedMicroplanet_WyrmPuddle.lua_B	True	True	True	True	True	1	PASS	10	10	10	10	None	False	FAIL	9	None	
Lotus_Scripts_InfestedMicroplanetCrowdControl.lua_B	True	True	True	False	False	2	PASS	46	46	46	46	PASS	False	FAIL	44	FAIL	
Lotus_Scripts_InfestedMicroplanetPitBoss.lua_B	True	True	True	False	False	2	PASS	36	36	36	36	PASS	False	FAIL	33	FAIL	
Lotus_Scripts_InfestedShipMass.lua_B	True	True	True	True	True	1	PASS	3	3	3	3	None	False	PASS	3	None	
Lotus_Scripts_InfestedSlowTrap.lua_B	True	True	True	True	True	1	PASS	3	3	3	3	None	False	PASS	3	None	
Lotus_Scripts_InfQuantaGrapple.lua_B	True	True	True	False	False	2	PASS	5	5	5	5	PASS	False	FAIL	4	FAIL	
Lotus_Scripts_Intel.lua_B	True	True	True	False	False	3	FAIL	61	60	61	61	FAIL	False	FAIL	58	FAIL	
Lotus_Scripts_JackalArena.lua_B	True	True	True	False	False	3	PASS	20	20	20	20	PASS	False	FAIL	19	FAIL	
Lotus_Scripts_JadeShadowsPart2Mission_AshMissionStageA.lua_B	True	True	True	False	False	2	PASS	8	8	8	8	PASS	False	PASS	8	PASS	
Lotus_Scripts_JadeShadowsPart2Mission_AshMissionStageB.lua_B	True	True	True	False	False	2	PASS	11	11	11	11	PASS	False	FAIL	9	FAIL	
Lotus_Scripts_JadeShadowsPart2Mission_AshMissionStageC.lua_B	True	True	True	False	False	2	PASS	9	9	9	9	PASS	False	FAIL	8	FAIL	
Lotus_Scripts_JadeShadowsPart2Mission_AshMissionStageCPOI.lua_B	True	True	True	False	False	2	FAIL	6	8	6	37	FAIL	False	FAIL	6	FAIL	
Lotus_Scripts_JadeShadowsPart2Mission_AshMissionStageD.lua_B	True	True	True	False	False	2	PASS	6	6	6	6	PASS	False	PASS	6	PASS	
Lotus_Scripts_JadeShadowsPart2Mission_AshMissionStageE.lua_B	True	True	True	False	False	2	PASS	10	10	10	10	PASS	False	FAIL	9	FAIL	
Lotus_Scripts_JadeShadowsPart2Mission_AshMissionStageEPOI.lua_B	True	True	True	False	False	2	PASS	27	27	27	27	PASS	False	FAIL	24	FAIL	
Lotus_Scripts_JadeShadowsPart2Mission_Enemies_Ash_AshBossAvatarScript.lua_B	True	True	True	False	False	None	PASS	2	2	2	2	None	False	FAIL	1	None	
Lotus_Scripts_JadeShadowsPart2Mission_Enemies_Ash_JS2MAshConveyorBeltRandomizer.lua_B	True	True	True	True	True	1	PASS	5	5	5	5	None	False	PASS	5	None	
Lotus_Scripts_JadeShadowsPart2Mission_Enemies_Ash_JS2MAshConveyorBeltSpawnPoint.lua_B	True	True	True	True	True	1	PASS	2	2	2	2	None	False	PASS	2	None	
Lotus_Scripts_JadeShadowsPart2Mission_Enemies_Ash_JS2MAshLib.lua_B	True	True	True	False	False	2	PASS	7	7	7	7	PASS	False	FAIL	5	FAIL	
Lotus_Scripts_JadeShadowsPart2Mission_Enemies_Ash_JS2MAshNinjaStorm.lua_B	True	True	True	False	False	2	PASS	21	21	21	21	PASS	False	FAIL	20	FAIL	
Lotus_Scripts_JadeShadowsPart2Mission_Enemies_Ash_JS2MAshNullifierPulse.lua_B	True	True	True	True	True	1	PASS	3	3	3	3	None	False	PASS	3	None	
Lotus_Scripts_JadeShadowsPart2Mission_Enemies_Ash_JS2MAshSmokeScreen.lua_B	True	True	True	False	False	2	PASS	11	11	11	11	PASS	False	FAIL	10	FAIL	
Lotus_Scripts_JadeShadowsPart2Mission_Enemies_Ash_JS2MAshStage1Customizer.lua_B	True	True	True	True	True	1	PASS	2	2	2	2	None	False	PASS	2	None	
Lotus_Scripts_JadeShadowsPart2Mission_Enemies_Ash_JS2MAshStage3Customizer.lua_B	True	True	True	True	True	1	PASS	2	2	2	2	None	False	PASS	2	None	
Lotus_Scripts_JadeShadowsPart2Mission_Enemies_Ash_JS2MAshStage5AshRespawner.lua_B	True	True	True	False	False	2	PASS	3	3	3	3	PASS	False	PASS	3	PASS	
Lotus_Scripts_JadeShadowsPart2Mission_Enemies_Ash_JS2MAshTeleportAttack.lua_B	True	True	True	False	False	2	PASS	4	4	4	4	PASS	False	FAIL	3	FAIL	
Lotus_Scripts_JadeShadowsPart2Mission_Enemies_Ash_JS2MAshTeleportToUpperArea.lua_B	True	True	True	False	False	2	PASS	5	5	5	5	PASS	False	PASS	5	PASS	
Lotus_Scripts_JadeShadowsPart2Mission_Enemies_Garuda_BloodOrbsController.lua_B	True	True	True	False	False	2	PASS	6	6	6	6	PASS	False	PASS	6	PASS	
Lotus_Scripts_JadeShadowsPart2Mission_Enemies_Garuda_GarudaArenaBossUtility.lua_B	True	True	True	True	True	1	PASS	1	1	1	1	None	False	PASS	1	None	
Lotus_Scripts_JadeShadowsPart2Mission_Enemies_Garuda_GarudaBloodCloneSpawnCustomiser.lua_B	True	True	True	True	True	1	PASS	2	2	2	2	None	False	PASS	2	None	
Lotus_Scripts_JadeShadowsPart2Mission_Enemies_Garuda_GarudaBossArena.lua_B	True	True	True	False	False	2	PASS	31	31	31	31	PASS	False	FAIL	30	FAIL	
Lotus_Scripts_JadeShadowsPart2Mission_Enemies_Garuda_GarudaBossBloodOrbBarrage.lua_B	True	True	True	True	True	1	PASS	5	5	5	5	None	False	PASS	5	None	
Lotus_Scripts_JadeShadowsPart2Mission_Enemies_Garuda_JS2GarudaBossNullifierPulse.lua_B	True	True	True	True	True	1	PASS	4	4	4	4	None	False	PASS	4	None	
Lotus_Scripts_JadeShadowsPart2Mission_Enemies_GarudaBossBloodAltar.lua_B	True	True	True	False	False	3	PASS	13	13	13	13	PASS	False	PASS	13	FAIL	
Lotus_Scripts_JadeShadowsPart2Mission_Enemies_GarudaBossSeekingTalons.lua_B	True	True	True	False	False	2	PASS	12	12	12	12	PASS	False	PASS	12	PASS	
Lotus_Scripts_JadeShadowsPart2Mission_Enemies_JS2MChanneledSummoning.lua_B	True	True	True	False	True	2	PASS	10	10	10	10	PASS	False	PASS	10	PASS	
Lotus_Scripts_JadeShadowsPart2Mission_Enemies_JS2MInfestedJetpackSuicideAbility.lua_B	True	True	True	False	False	2	PASS	2	2	2	2	PASS	False	FAIL	1	FAIL	
Lotus_Scripts_JadeShadowsPart2Mission_Enemies_PauseAgentOnSpawn.lua_B	True	True	True	True	True	1	PASS	3	3	3	3	None	False	PASS	3	None	
Lotus_Scripts_JadeShadowsPart2Mission_Enemies_SetFactionForAshGaruda.lua_B	True	True	True	False	False	2	PASS	3	3	3	3	PASS	False	PASS	3	PASS	
Lotus_Scripts_JadeShadowsPart2Mission_Enemies_SpaceDroneProximityMine.lua_B	True	True	True	False	False	2	PASS	6	6	6	6	PASS	False	PASS	6	PASS	
Lotus_Scripts_JadeShadowsPart2Mission_Enemies_SuicideEnemyWithDecoSpawn.lua_B	True	True	True	True	True	1	PASS	3	3	3	3	None	False	PASS	3	None	
Lotus_Scripts_JadeShadowsPart2Mission_Friendlies_Ash_JS2MAshReviver.lua_B	True	True	True	True	True	1	PASS	4	4	4	4	None	False	PASS	4	None	
Lotus_Scripts_JadeShadowsPart2Mission_Friendlies_Garuda_JS2MAllyGarudaHoveringSetup.lua_B	True	True	True	True	True	1	PASS	2	2	2	2	None	False	PASS	2	None	
Lotus_Scripts_JadeShadowsPart2Mission_Friendlies_Garuda_JS2MAllyGarudaPerpetualTalonsAbility.lua_B	True	True	True	False	False	2	PASS	11	11	11	11	PASS	False	PASS	11	PASS	
Lotus_Scripts_JadeShadowsPart2Mission_Friendlies_GarudaForceEquipMelee.lua_B	True	True	True	False	False	2	PASS	6	6	6	6	PASS	False	PASS	6	PASS	
Lotus_Scripts_JadeShadowsPart2Mission_Friendlies_JS2MCleaningDrone.lua_B	True	True	True	True	True	1	PASS	16	16	16	16	None	False	PASS	16	None	
Lotus_Scripts_JadeShadowsPart2Mission_GarudaMissionStageA.lua_B	True	True	True	False	False	2	PASS	9	9	9	9	PASS	False	PASS	9	PASS	
Lotus_Scripts_JadeShadowsPart2Mission_GarudaMissionStageB.lua_B	True	True	True	False	False	2	PASS	9	9	9	9	PASS	False	PASS	9	PASS	
Lotus_Scripts_JadeShadowsPart2Mission_GarudaMissionStageC.lua_B	True	True	True	False	False	2	PASS	11	11	11	11	PASS	False	FAIL	9	FAIL	
Lotus_Scripts_JadeShadowsPart2Mission_GarudaMissionStageCPOI.lua_B	True	True	True	False	False	2	PASS	31	31	31	31	PASS	False	FAIL	30	FAIL	
Lotus_Scripts_JadeShadowsPart2Mission_GarudaMissionStageD.lua_B	True	True	True	False	False	2	PASS	6	6	6	6	PASS	False	PASS	6	PASS	
Lotus_Scripts_JadeShadowsPart2Mission_GarudaMissionStageE.lua_B	True	True	True	False	False	2	PASS	10	10	10	10	PASS	False	FAIL	9	FAIL	
Lotus_Scripts_JadeShadowsPart2Mission_GarudaMissionStageEPOI.lua_B	True	True	True	False	False	2	PASS	29	29	29	29	PASS	False	FAIL	27	FAIL	
Lotus_Scripts_JadeShadowsPart2Mission_GarudaMissionStageEPOIUtility.lua_B	True	True	True	True	True	1	PASS	1	1	1	1	None	False	PASS	1	None	
Lotus_Scripts_JadeShadowsPart2Mission_JS2Crew.lua_B	True	True	True	True	True	1	PASS	3	3	3	3	None	False	PASS	3	None	
Lotus_Scripts_JadeShadowsPart2Mission_JS2Rewards.lua_B	True	True	True	True	True	1	PASS	6	6	6	6	None	False	PASS	6	None	
Lotus_Scripts_JadeShadowsPart2Mission_LevelScripts_ActivateEnemyMarkersOnLowRemainingCount.lua_B	True	True	True	False	False	2	PASS	3	3	3	3	PASS	False	PASS	3	PASS	
Lotus_Scripts_JadeShadowsPart2Mission_LevelScripts_AshShipGrinderTrap.lua_B	True	True	True	False	False	2	PASS	3	3	3	3	PASS	False	PASS	3	PASS	
Lotus_Scripts_JadeShadowsPart2Mission_LevelScripts_CometShredderVFXTrigger.lua_B	True	True	True	True	True	1	PASS	2	2	2	2	None	False	PASS	2	None	
Lotus_Scripts_JadeShadowsPart2Mission_LevelScripts_ConveyorSwap.lua_B	True	True	True	True	True	1	PASS	3	3	3	3	None	False	PASS	3	None	
Lotus_Scripts_JadeShadowsPart2Mission_LevelScripts_GarudaShipDefenceTeleport.lua_B	True	True	True	False	False	2	PASS	3	3	3	3	PASS	False	PASS	3	PASS	
Lotus_Scripts_JadeShadowsPart2Mission_LevelScripts_GarudaStage5PlayerBuffiing.lua_B	True	True	True	True	True	1	PASS	7	7	7	7	None	False	PASS	7	None	
Lotus_Scripts_JadeShadowsPart2Mission_LevelScripts_JS2MAshEncounter.lua_B	True	True	True	True	True	1	PASS	2	2	2	2	None	False	PASS	2	None	
Lotus_Scripts_JadeShadowsPart2Mission_LevelScripts_MovingTrapBehavior.lua_B	True	True	True	False	False	2	PASS	13	13	13	13	PASS	False	PASS	13	PASS	
Lotus_Scripts_JadeShadowsPart2Mission_LevelScripts_MultiAvatarTriggerBackupTimerHelper.lua_B	True	True	True	True	True	1	PASS	2	2	2	2	None	False	PASS	2	None	
Lotus_Scripts_JadeShadowsPart2Mission_LevelScripts_OrowyrmTransition.lua_B	True	True	True	True	True	1	PASS	3	3	3	3	None	False	PASS	3	None	
Lotus_Scripts_JadeShadowsPart2Mission_LevelScripts_ProjectileHitResponse.lua_B	True	True	True	True	True	1	PASS	4	4	4	4	None	False	PASS	4	None	
Lotus_Scripts_JadeShadowsPart2Mission_LevelScripts_RamsledTransition.lua_B	True	True	True	True	True	1	PASS	5	5	5	5	None	False	PASS	5	None	
Lotus_Scripts_JadeShadowsPart2Mission_LevelScripts_ReplicatedCameraSpot.lua_B	True	True	True	True	True	1	PASS	2	2	2	2	None	False	PASS	2	None	
Lotus_Scripts_JadeShadowsPart2Mission_LevelScripts_SecretLevelObject.lua_B	True	True	True	False	False	2	PASS	4	4	4	4	PASS	False	PASS	4	PASS	
Lotus_Scripts_JadeShadowsPart2Mission_LevelScripts_SecurityNode.lua_B	True	True	True	False	False	2	PASS	4	4	4	4	PASS	False	PASS	4	PASS	
Lotus_Scripts_JadeShadowsPart2Mission_LevelScripts_SetupMiniBoss.lua_B	True	True	True	True	True	1	PASS	2	2	2	2	None	False	PASS	2	None	
Lotus_Scripts_JadeShadowsPart2Mission_LevelScripts_ShowShipInSkybox.lua_B	True	True	True	True	True	1	PASS	2	2	2	2	None	False	PASS	2	None	
Lotus_Scripts_JadeShadowsPart2Mission_LevelScripts_TransitionLib.lua_B	True	True	True	True	True	1	PASS	11	11	11	11	None	False	PASS	11	None	
Lotus_Scripts_JadeShadowsPart2Mission_LevelScripts_VortexCameraShake.lua_B	True	True	True	True	True	1	PASS	2	2	2	2	None	False	PASS	2	None	
Lotus_Scripts_JadeShadowsPart2Mission_LevelScripts_WaitAndEnable.lua_B	True	True	True	True	True	1	PASS	2	2	2	2	None	False	PASS	2	None	
Lotus_Scripts_JadeShadowsPart2Mission_LevelScripts_WallMountedSpawn.lua_B	True	True	True	True	True	1	PASS	3	3	3	3	None	False	PASS	3	None	
Lotus_Scripts_JadeShadowsPart2Mission_LoadoutFilter.lua_B	True	True	True	True	True	1	PASS	2	2	2	2	None	False	PASS	2	None	
Lotus_Scripts_JadeShadowsPart2Mission_MissionEncounters_AS1Space.lua_B	True	True	True	False	False	2	PASS	22	22	22	22	PASS	False	PASS	22	PASS	
Lotus_Scripts_JadeShadowsPart2Mission_MissionEncounters_GS1Space.lua_B	True	True	True	False	False	2	PASS	17	17	17	17	PASS	False	PASS	17	PASS	
Lotus_Scripts_JadeShadowsPart2Mission_MissionEncounters_GS2Space.lua_B	True	True	True	False	False	2	PASS	8	8	8	8	PASS	False	FAIL	7	FAIL	
Lotus_Scripts_JadeShadowsPart2Mission_MissionEncounters_JS2Nemesis.lua_B	True	True	True	True	True	1	PASS	3	3	3	3	None	False	PASS	3	None	
Lotus_Scripts_JadeShadowsPart2Mission_MissionEncounters_RailjackBordingParty.lua_B	True	True	True	False	False	2	PASS	14	14	14	14	PASS	False	PASS	14	PASS	
Lotus_Scripts_JadeShadowsPart2Mission_MissionEncounters_SpaceEnemyPatrol.lua_B	True	True	True	False	False	2	PASS	19	19	19	19	PASS	False	PASS	19	PASS	
Lotus_Scripts_JadeShadowsPart2Mission_MissionObjectiveManager.lua_B	True	True	True	False	False	2	PASS	14	14	14	14	PASS	False	FAIL	13	FAIL	
Lotus_Scripts_JadeShadowsPart2Mission_RailjackCheats.lua_B	True	True	True	False	False	2	PASS	20	20	20	20	PASS	False	PASS	20	PASS	
Lotus_Scripts_JadeShadowsPart2Mission_RailjackConfigAsh.lua_B	True	True	True	True	True	1	PASS	8	8	8	8	None	False	PASS	8	None	
Lotus_Scripts_JadeShadowsPart2Mission_RailjackConfigGaruda.lua_B	True	True	True	True	True	1	PASS	8	8	8	8	None	False	PASS	8	None	
Lotus_Scripts_JadeShadowsPart2Mission_RailjackHub.lua_B	True	True	True	False	False	2	PASS	14	14	14	14	PASS	False	PASS	14	PASS	
Lotus_Scripts_JadeShadowsPart2Mission_RailjackMisc.lua_B	True	True	True	False	False	2	PASS	9	9	9	9	PASS	False	PASS	9	PASS	
Lotus_Scripts_JadeShadowsPart2Mission_RailjackMissionLib.lua_B	True	True	True	False	False	2	PASS	46	46	46	46	PASS	False	PASS	46	PASS	
Lotus_Scripts_JadeShadowsPart2Mission_RailjackTransitionHelper.lua_B	True	True	True	False	False	4	PASS	12	12	12	12	PASS	False	FAIL	11	FAIL	
Lotus_Scripts_JadeShadowsPart2Mission_Vendors.lua_B	True	True	True	True	True	1	PASS	8	8	8	8	None	False	PASS	8	None	
Lotus_Scripts_JadeShadowsPart2Mission_VortexGrenades.lua_B	True	True	True	True	True	1	PASS	6	6	6	6	None	False	PASS	6	None	
Lotus_Scripts_JamNearbyEnemies.lua_B	True	True	True	False	False	3	PASS	7	7	7	7	PASS	False	FAIL	6	FAIL	
Lotus_Scripts_JetpackEventItemSpawner.lua_B	True	True	True	False	False	2	PASS	3	3	3	3	PASS	False	PASS	3	PASS	
Lotus_Scripts_Kahl.lua_B	True	True	True	True	True	1	PASS	4	4	4	4	None	False	PASS	4	None	
Lotus_Scripts_KahlMissions_KahlChallenges.lua_B	True	True	True	False	False	2	FAIL	51	50	50	51	FAIL	False	FAIL	47	FAIL	
Lotus_Scripts_KahlMissions_KahlCredPickup.lua_B	True	True	True	True	True	1	PASS	2	2	2	2	None	False	PASS	2	None	
Lotus_Scripts_KahlMissions_KahlGrenadePickUp.lua_B	True	True	True	True	True	1	PASS	3	3	3	3	None	False	PASS	3	None	
Lotus_Scripts_KahlMissions_KahlLevelScripts.lua_B	True	True	True	False	False	2	PASS	8	8	8	8	PASS	False	PASS	8	PASS	
Lotus_Scripts_KahlMissions_KahlMissionCrewshipHijack.lua_B	True	True	True	False	False	2	PASS	11	11	11	11	PASS	False	PASS	11	PASS	
Lotus_Scripts_KahlMissions_KahlMissionMurexRescue.lua_B	True	True	True	False	False	3	PASS	80	80	80	80	PASS	False	PASS	80	FAIL	
Lotus_Scripts_KahlMissions_KahlMissionThumper.lua_B	True	True	True	False	False	3	PASS	41	41	41	41	PASS	False	FAIL	40	FAIL	
Lotus_Scripts_KahlMissions_KahlMissionVeilFactory.lua_B	True	True	True	False	False	3	PASS	51	51	51	51	PASS	False	FAIL	50	FAIL	
Lotus_Scripts_KahlMissions_KahlOrders.lua_B	True	True	True	False	False	2	PASS	48	48	48	48	PASS	False	FAIL	46	FAIL	
Lotus_Scripts_KahlMissions_KahlSecurityCamera.lua_B	True	True	True	False	False	3	PASS	23	23	23	23	PASS	False	PASS	23	FAIL	
Lotus_Scripts_KelaInWorldTransmissions.lua_B	True	True	True	False	False	2	FAIL	14	14	14	15	FAIL	False	PASS	15	PASS	
Lotus_Scripts_KneelEmote.lua_B	True	True	True	True	True	1	PASS	5	5	5	5	None	False	PASS	5	None	
Lotus_Scripts_KubrowController.lua_B	True	True	True	False	False	2	PASS	7	7	7	7	PASS	False	PASS	7	PASS	
Lotus_Scripts_KubrowPet.lua_B	True	True	True	True	True	1	PASS	2	2	2	2	None	False	PASS	2	None	
Lotus_Scripts_KubrowTest.lua_B	True	True	True	True	True	1	PASS	5	5	5	5	None	False	PASS	5	None	
Lotus_Scripts_KuvaLich_KuvaEximus.lua_B	True	True	True	False	False	3	PASS	13	13	13	13	PASS	False	PASS	13	FAIL	
Lotus_Scripts_KuvaLich_KuvaLichFinisher.lua_B	True	True	True	False	False	2	PASS	21	21	21	21	PASS	False	FAIL	20	FAIL	
Lotus_Scripts_KuvaLich_KuvaLichQuirks.lua_B	True	True	True	True	True	1	PASS	24	24	24	24	None	False	PASS	24	None	
Lotus_Scripts_KuvaPath_AntiVoidSurgeEvent.lua_B	True	True	True	False	False	2	PASS	29	29	29	29	PASS	False	PASS	29	PASS	
Lotus_Scripts_KuvaPath_HotPotatoEvent.lua_B	True	True	True	False	False	2	PASS	34	34	34	34	PASS	False	PASS	34	PASS	
Lotus_Scripts_KuvaPath_KuvaComplicationsMgr_ComplicationsKuvaLib.lua_B	True	True	True	True	True	1	PASS	9	9	9	9	None	False	PASS	9	None	
Lotus_Scripts_KuvaPath_KuvaKeysLib.lua_B	True	True	True	False	False	3	PASS	55	55	55	55	PASS	False	FAIL	54	FAIL	
Lotus_Scripts_KuvaPath_KuvaPath.lua_B	True	True	True	False	False	2	FAIL	62	62	62	74	FAIL	False	FAIL	60	FAIL	
Lotus_Scripts_KuvaPath_KuvaPathAcquire.lua_B	True	True	True	False	False	2	PASS	15	15	15	15	PASS	False	FAIL	13	FAIL	
Lotus_Scripts_KuvaPath_KuvaPathBackgroundHub.lua_B	True	True	True	False	False	2	PASS	12	12	12	12	PASS	False	FAIL	11	FAIL	
Lotus_Scripts_KuvaPath_KuvaPathLauncher.lua_B	True	True	True	False	False	2	PASS	17	17	17	17	PASS	False	FAIL	16	FAIL	
Lotus_Scripts_KuvaPath_KuvaPathPersonalModifiers.lua_B	True	True	True	False	False	2	PASS	23	23	23	23	PASS	False	PASS	23	PASS	
Lotus_Scripts_KuvaPath_KuvaPathSetupLib.lua_B	True	True	True	False	False	2	PASS	36	36	36	36	PASS	False	PASS	36	PASS	
Lotus_Scripts_KuvaPath_LockedCrateEvent.lua_B	True	True	True	False	False	2	PASS	26	26	26	26	PASS	False	PASS	26	PASS	
Lotus_Scripts_KuvaPath_RegenCrystalEvent.lua_B	True	True	True	False	False	2	PASS	29	29	29	29	PASS	False	FAIL	28	FAIL	
Lotus_Scripts_KuvaPath_SignalBridgeEvent.lua_B	True	True	True	False	False	3	PASS	29	29	29	29	PASS	False	FAIL	28	FAIL	
Lotus_Scripts_LabourerAvatarRandomizer.lua_B	True	True	True	False	False	2	PASS	2	2	2	2	PASS	False	PASS	2	PASS	
Lotus_Scripts_LaserBeam.lua_B	True	True	True	False	False	2	PASS	3	3	3	3	PASS	False	PASS	3	PASS	
Lotus_Scripts_LaserBeamDetect.lua_B	True	True	True	True	True	1	PASS	2	2	2	2	None	False	PASS	2	None	
Lotus_Scripts_LasriaDestructibles.lua_B	True	True	True	False	False	2	PASS	13	13	13	13	PASS	False	PASS	13	PASS	
Lotus_Scripts_LeechProjectile.lua_B	True	True	True	False	False	2	PASS	2	2	2	2	PASS	False	PASS	2	PASS	
Lotus_Scripts_LevelIncreasingFissures.lua_B	True	True	True	True	True	1	PASS	6	6	6	6	None	False	FAIL	5	None	
Lotus_Scripts_Levels_1999Defense.lua_B	True	True	True	False	False	2	PASS	44	44	44	44	PASS	False	FAIL	43	FAIL	
Lotus_Scripts_Levels_1999DefenseCollapseEffects.lua_B	True	True	True	True	True	1	PASS	2	2	2	2	None	False	PASS	2	None	
Lotus_Scripts_Levels_1999LoadingHints.lua_B	True	True	True	True	True	1	PASS	2	2	2	2	None	False	PASS	2	None	
Lotus_Scripts_Levels_AlertCheck.lua_B	True	True	True	False	False	2	PASS	3	3	3	3	PASS	False	PASS	3	PASS	
Lotus_Scripts_Levels_ChangeMaterial.lua_B	True	True	True	True	True	1	PASS	3	3	3	3	None	False	PASS	3	None	
Lotus_Scripts_Levels_CinematicStreamingHint.lua_B	True	True	True	True	True	1	PASS	2	2	2	2	None	False	PASS	2	None	
Lotus_Scripts_Levels_CorpusAmalgamLab.lua_B	True	True	True	False	False	2	PASS	13	13	13	13	PASS	False	PASS	13	PASS	
Lotus_Scripts_Levels_CorpusShipAdScreens.lua_B	True	True	True	False	False	2	PASS	6	6	6	6	PASS	False	PASS	6	PASS	
Lotus_Scripts_Levels_DecoAnim.lua_B	True	True	True	True	True	1	PASS	2	2	2	2	None	False	PASS	2	None	
Lotus_Scripts_Levels_EntratiLabPendulumPuzzle.lua_B	True	True	True	False	False	2	PASS	9	9	9	9	PASS	False	PASS	9	PASS	
Lotus_Scripts_Levels_EntratiLabVaultHands.lua_B	True	True	True	True	True	1	PASS	3	3	3	3	None	False	PASS	3	None	
Lotus_Scripts_Levels_EntratiLabVialEntity.lua_B	True	True	True	True	True	1	PASS	5	5	5	5	None	False	PASS	5	None	
Lotus_Scripts_Levels_EntratiLabVialPuddle.lua_B	True	True	True	True	True	1	PASS	3	3	3	3	None	False	PASS	3	None	
Lotus_Scripts_Levels_GasCityAladVAnnouncements.lua_B	True	True	True	True	True	1	PASS	6	6	6	6	None	False	PASS	6	None	
Lotus_Scripts_Levels_GasCityFireJets.lua_B	True	True	True	False	False	2	PASS	6	6	6	6	PASS	False	PASS	6	PASS	
Lotus_Scripts_Levels_GasCityFlareFlicker.lua_B	True	True	True	True	True	1	PASS	2	2	2	2	None	False	PASS	2	None	
Lotus_Scripts_Levels_GasCityLaserDoor.lua_B	True	True	True	False	False	2	PASS	9	9	9	9	PASS	False	FAIL	8	FAIL	
Lotus_Scripts_Levels_GasCitySecurity.lua_B	True	True	True	False	False	2	PASS	4	4	4	4	PASS	False	PASS	4	PASS	
Lotus_Scripts_Levels_HideDoorFrame.lua_B	True	True	True	True	True	1	PASS	2	2	2	2	None	False	PASS	2	None	
Lotus_Scripts_Levels_HubNpcFunctions.lua_B	True	True	True	True	True	1	PASS	4	4	4	4	None	False	PASS	4	None	
Lotus_Scripts_Levels_NarmerizeTiles.lua_B	True	True	True	False	False	2	PASS	9	9	9	9	PASS	False	PASS	9	PASS	
Lotus_Scripts_Levels_OrokinGoldenMawNavChecker.lua_B	True	True	True	False	False	3	PASS	3	3	3	3	PASS	False	FAIL	2	FAIL	
Lotus_Scripts_Levels_OrokinMoonAgilityPuzzle.lua_B	True	True	True	False	False	2	PASS	12	12	12	12	PASS	False	PASS	12	PASS	
Lotus_Scripts_Levels_OrokinMoonDefense.lua_B	True	True	True	True	True	1	PASS	2	2	2	2	None	False	PASS	2	None	
Lotus_Scripts_Levels_OrokinMoonEndurancePuzzle.lua_B	True	True	True	False	False	2	PASS	12	12	12	12	PASS	False	PASS	12	PASS	
Lotus_Scripts_Levels_OrokinMoonOperaHouse.lua_B	True	True	True	True	True	1	PASS	11	11	11	11	None	False	PASS	11	None	
Lotus_Scripts_Levels_RandomObjectTimer.lua_B	True	True	True	False	False	2	PASS	3	3	3	3	PASS	False	PASS	3	FAIL	
Lotus_Scripts_Levels_SetPost.lua_B	True	True	True	True	True	1	PASS	2	2	2	2	None	False	PASS	2	None	
Lotus_Scripts_Levels_SolarisDioramaLevel.lua_B	True	True	True	True	True	1	PASS	6	6	6	6	None	False	PASS	6	None	
Lotus_Scripts_Levels_SwapAnim.lua_B	True	True	True	False	False	2	PASS	3	3	3	3	PASS	False	PASS	3	PASS	
Lotus_Scripts_Levels_ToggleEntities.lua_B	True	True	True	False	True	2	PASS	5	5	5	5	PASS	False	FAIL	3	FAIL	
Lotus_Scripts_Levels_UsePowersuitAction.lua_B	True	True	True	True	True	1	PASS	2	2	2	2	None	False	PASS	2	None	
Lotus_Scripts_Levels_WormQueenAnnouncements.lua_B	True	True	True	True	True	1	PASS	4	4	4	4	None	False	PASS	4	None	
Lotus_Scripts_LibraryUtilities.lua_B	True	True	True	False	False	2	PASS	13	13	13	13	PASS	False	PASS	13	PASS	
Lotus_Scripts_Libs_AbilitiesLib.lua_B	True	True	True	False	False	3	PASS	142	142	142	142	PASS	False	FAIL	136	FAIL	
Lotus_Scripts_Libs_ActivityBlocksLib.lua_B	True	True	True	True	True	1	PASS	32	32	32	32	None	False	PASS	32	None	
Lotus_Scripts_Libs_AudioLib.lua_B	True	True	True	False	False	3	PASS	27	27	27	27	PASS	False	FAIL	26	FAIL	
Lotus_Scripts_Libs_AvatarSearchUtils.lua_B	True	True	True	True	True	1	PASS	4	4	4	4	None	False	PASS	4	None	
Lotus_Scripts_Libs_BerserkerUtilsLib.lua_B	True	True	True	True	True	1	PASS	15	15	15	15	None	False	PASS	15	None	
Lotus_Scripts_Libs_BurdenLib.lua_B	True	True	True	False	False	2	PASS	8	8	8	8	PASS	False	PASS	8	PASS	
Lotus_Scripts_Libs_CanvasMaterialLib.lua_B	True	True	True	True	True	1	PASS	16	16	16	16	None	False	PASS	16	None	
Lotus_Scripts_Libs_CaptainTransmission.lua_B	True	True	True	True	True	1	PASS	9	9	9	9	None	False	PASS	9	None	
Lotus_Scripts_Libs_ChallengeLib.lua_B	True	True	True	False	False	2	PASS	19	19	19	19	PASS	False	FAIL	18	FAIL	
Lotus_Scripts_Libs_ChoirUtilsLib.lua_B	True	True	True	True	True	1	PASS	23	23	23	23	None	False	PASS	23	None	
Lotus_Scripts_Libs_CloakAccessibilityLib.lua_B	True	True	True	True	True	1	PASS	4	4	4	4	None	False	PASS	4	None	
Lotus_Scripts_Libs_CloningLib.lua_B	True	True	True	True	True	1	PASS	15	15	15	15	None	False	FAIL	13	None	
Lotus_Scripts_Libs_CommonGamemodeFunctions.lua_B	True	True	True	False	False	None	PASS	110	110	110	110	None	False	FAIL	107	None	
Lotus_Scripts_Libs_ConcreteFrameUtilsLib.lua_B	True	True	True	True	True	1	PASS	2	2	2	2	None	False	PASS	2	None	
Lotus_Scripts_Libs_ConquestLib.lua_B	True	True	True	False	False	2	PASS	44	44	44	44	PASS	False	FAIL	42	FAIL	
Lotus_Scripts_Libs_ConservationLib.lua_B	True	True	True	False	False	2	PASS	33	33	33	33	PASS	False	PASS	33	PASS	
Lotus_Scripts_Libs_CrewMemberSkillsLib.lua_B	True	True	True	False	False	2	PASS	6	6	6	6	PASS	False	PASS	6	PASS	
Lotus_Scripts_Libs_CrewMemberTransmission.lua_B	True	True	True	True	True	1	PASS	6	6	6	6	None	False	PASS	6	None	
Lotus_Scripts_Libs_CrewMemberUtilities.lua_B	True	True	True	False	False	2	PASS	23	23	23	23	PASS	False	PASS	23	PASS	
Lotus_Scripts_Libs_CrewShipLib.lua_B	True	True	True	True	True	1	PASS	2	2	2	2	None	False	PASS	2	None	
Lotus_Scripts_Libs_DagathUtilsLib.lua_B	True	True	True	True	True	1	PASS	6	6	6	6	None	False	PASS	6	None	
Lotus_Scripts_Libs_DemonSummonLib.lua_B	True	True	True	False	False	2	PASS	28	28	28	28	PASS	False	PASS	28	PASS	
Lotus_Scripts_Libs_DuelistUtilsLib.lua_B	True	True	True	False	False	2	PASS	12	12	12	12	PASS	False	PASS	12	PASS	
Lotus_Scripts_Libs_DuelLib.lua_B	True	True	True	False	False	2	PASS	8	8	8	8	PASS	False	PASS	8	PASS	
Lotus_Scripts_Libs_DuviriActivityLib.lua_B	True	True	True	False	False	3	PASS	116	116	116	116	PASS	False	PASS	116	PASS	
Lotus_Scripts_Libs_DuviriStoryQuestLib.lua_B	True	True	True	False	False	2	PASS	69	69	69	69	PASS	False	PASS	69	FAIL	
Lotus_Scripts_Libs_EasingLib.lua_B	True	True	True	False	False	2	PASS	63	63	63	63	PASS	False	FAIL	60	FAIL	
Lotus_Scripts_Libs_ElementalAmmoUtilsLib.lua_B	True	True	True	True	True	1	PASS	9	9	9	9	None	False	PASS	9	None	
Lotus_Scripts_Libs_ElementalLayers.lua_B	True	True	True	False	False	2	PASS	21	21	21	21	PASS	False	PASS	21	PASS	
Lotus_Scripts_Libs_EncounterLib.lua_B	True	True	True	False	False	2	PASS	15	15	15	15	PASS	False	FAIL	14	FAIL	
Lotus_Scripts_Libs_EndlessSpawnLib.lua_B	True	True	True	False	False	2	FAIL	22	23	22	23	FAIL	False	FAIL	22	FAIL	
Lotus_Scripts_Libs_FishingLib.lua_B	True	True	True	False	False	2	PASS	5	5	5	5	PASS	False	FAIL	4	FAIL	
Lotus_Scripts_Libs_GameplayUtilities.lua_B	True	True	True	False	False	2	PASS	6	6	6	6	PASS	False	PASS	6	PASS	
Lotus_Scripts_Libs_GearLib.lua_B	True	True	True	True	True	1	PASS	4	4	4	4	None	False	FAIL	3	None	
Lotus_Scripts_Libs_HardModeBossUtil.lua_B	True	True	True	False	False	2	PASS	11	11	11	11	PASS	False	PASS	11	PASS	
Lotus_Scripts_Libs_InkblotUtilsLib.lua_B	True	True	True	False	False	2	PASS	28	28	28	28	PASS	False	FAIL	27	FAIL	
Lotus_Scripts_Libs_InputSimulation.lua_B	True	True	True	True	True	1	PASS	7	7	7	7	None	False	PASS	7	None	
Lotus_Scripts_Libs_IntrinsicsSkillSymbolsLib.lua_B	True	True	True	True	True	1	PASS	1	1	1	1	None	False	PASS	1	None	
Lotus_Scripts_Libs_ItemLib.lua_B	True	True	True	False	False	2	PASS	2	2	2	2	PASS	False	PASS	2	PASS	
Lotus_Scripts_Libs_JobLib.lua_B	True	True	True	False	False	2	PASS	28	28	28	28	PASS	False	PASS	28	PASS	
Lotus_Scripts_Libs_KoumeiUtilsLib.lua_B	True	True	True	False	False	2	PASS	20	20	20	20	PASS	False	PASS	20	PASS	
Lotus_Scripts_Libs_LandscapeLib.lua_B	True	True	True	False	False	3	PASS	55	55	55	55	PASS	False	FAIL	54	FAIL	
Lotus_Scripts_Libs_LasriaAllyLib.lua_B	True	True	True	True	True	1	PASS	14	14	14	14	None	False	PASS	14	None	
Lotus_Scripts_Libs_LevelToolsLib.lua_B	True	True	True	True	True	1	PASS	6	6	6	6	None	False	PASS	6	None	
Lotus_Scripts_Libs_LootCrateLib.lua_B	True	True	True	False	False	2	PASS	14	14	14	14	PASS	False	PASS	14	PASS	
Lotus_Scripts_Libs_MissionsLib.lua_B	True	True	True	False	False	2	PASS	4	4	4	4	PASS	False	PASS	4	PASS	
Lotus_Scripts_Libs_NokkoUtilsLib.lua_B	True	True	True	True	True	1	PASS	8	8	8	8	None	False	PASS	8	None	
Lotus_Scripts_Libs_ObjectiveText.lua_B	True	True	True	False	False	3	PASS	81	81	81	81	PASS	False	FAIL	79	FAIL	
Lotus_Scripts_Libs_OcclusionLib.lua_B	True	True	True	False	False	2	PASS	5	5	5	5	PASS	False	FAIL	4	FAIL	
Lotus_Scripts_Libs_OnPickupUtilsLib.lua_B	True	True	True	False	False	2	PASS	16	16	16	16	PASS	False	PASS	16	PASS	
Lotus_Scripts_Libs_OperatorUltimateLib.lua_B	True	True	True	False	False	3	PASS	28	28	28	28	PASS	False	PASS	28	PASS	
Lotus_Scripts_Libs_OraxiaUtilsLib.lua_B	True	True	True	True	True	1	PASS	8	8	8	8	None	False	PASS	8	None	
Lotus_Scripts_Libs_OrdisShipLib.lua_B	True	True	True	True	True	1	PASS	6	6	6	6	None	False	PASS	6	None	
Lotus_Scripts_Libs_PagemasterUtilsLib.lua_B	True	True	True	False	False	2	PASS	17	17	17	17	PASS	False	PASS	17	PASS	
Lotus_Scripts_Libs_PanicLib.lua_B	True	True	True	False	False	2	PASS	13	13	13	13	PASS	False	PASS	13	PASS	
Lotus_Scripts_Libs_PlacementUILib.lua_B	True	True	True	False	False	2	PASS	10	10	10	10	PASS	False	PASS	10	PASS	
Lotus_Scripts_Libs_PlayerShipUtilities.lua_B	True	True	True	False	False	2	PASS	67	67	67	67	PASS	False	FAIL	65	FAIL	
Lotus_Scripts_Libs_PlayerSkillsLib.lua_B	True	True	True	True	True	1	PASS	3	3	3	3	None	False	PASS	3	None	
Lotus_Scripts_Libs_PlayerSkillUpgradesLib.lua_B	True	True	True	False	False	2	PASS	4	4	4	4	PASS	False	PASS	4	PASS	
Lotus_Scripts_Libs_PostProcessLib.lua_B	True	True	True	False	False	2	PASS	6	6	6	6	PASS	False	PASS	6	PASS	
Lotus_Scripts_Libs_Query.lua_B	True	True	True	False	False	3	PASS	5	5	5	5	PASS	False	PASS	5	FAIL	
Lotus_Scripts_Libs_QuestLib.lua_B	True	True	True	False	False	2	PASS	27	27	27	27	PASS	False	PASS	27	PASS	
Lotus_Scripts_Libs_QuestMissionLib.lua_B	True	True	True	False	False	3	PASS	84	84	84	84	PASS	False	FAIL	82	FAIL	
Lotus_Scripts_Libs_RailjackObjectiveUI.lua_B	True	True	True	False	False	2	PASS	15	15	15	15	PASS	False	PASS	15	PASS	
Lotus_Scripts_Libs_RailjackSpawnMgr.lua_B	True	True	True	False	False	2	PASS	31	31	31	31	PASS	False	PASS	31	PASS	
Lotus_Scripts_Libs_RailjackUtilities.lua_B	True	True	True	False	False	3	PASS	94	94	94	94	PASS	False	FAIL	93	FAIL	
Lotus_Scripts_Libs_ReplayLib.lua_B	True	True	True	False	False	2	FAIL	10	10	10	17	FAIL	False	FAIL	9	FAIL	
Lotus_Scripts_Libs_ShakeLib.lua_B	True	True	True	False	False	2	PASS	8	8	8	8	PASS	False	PASS	8	PASS	
Lotus_Scripts_Libs_SiriusOrionUtilsLib.lua_B	True	True	True	False	False	2	PASS	62	62	62	62	PASS	False	FAIL	61	FAIL	
Lotus_Scripts_Libs_SpatialLib.lua_B	True	True	True	True	True	1	PASS	3	3	3	3	None	False	PASS	3	None	
Lotus_Scripts_Libs_SpawnLib.lua_B	True	True	True	False	False	2	PASS	39	39	39	39	PASS	False	PASS	39	PASS	
Lotus_Scripts_Libs_SpawnObjectsOnTerrain.lua_B	True	True	True	False	False	2	PASS	14	14	14	14	PASS	False	PASS	14	PASS	
Lotus_Scripts_Libs_SquadLib.lua_B	True	True	True	False	False	2	PASS	22	22	22	22	PASS	False	FAIL	21	FAIL	
Lotus_Scripts_Libs_SquadPairLib.lua_B	True	True	True	True	True	1	PASS	8	8	8	8	None	False	PASS	8	None	
Lotus_Scripts_Libs_StatsLib.lua_B	True	True	True	False	False	2	FAIL	7	7	7	17	FAIL	False	FAIL	6	FAIL	
Lotus_Scripts_Libs_StoryLib.lua_B	True	True	True	False	False	3	PASS	13	13	13	13	PASS	False	PASS	13	FAIL	
Lotus_Scripts_Libs_StreamingLib.lua_B	True	True	True	True	True	1	PASS	7	7	7	7	None	False	PASS	7	None	
Lotus_Scripts_Libs_TableLib.lua_B	True	True	True	False	False	3	PASS	26	26	26	26	PASS	False	FAIL	24	FAIL	
Lotus_Scripts_Libs_TeleportLib.lua_B	True	True	True	False	False	2	PASS	18	18	18	18	PASS	False	PASS	18	PASS	
Lotus_Scripts_Libs_TempleUtilsLib.lua_B	True	True	True	False	False	2	PASS	20	20	20	20	PASS	False	PASS	20	PASS	
Lotus_Scripts_Libs_TransmissionSet.lua_B	True	True	True	False	False	2	PASS	28	28	28	28	PASS	False	FAIL	27	FAIL	
Lotus_Scripts_Libs_Utils_Filters.lua_B	True	True	True	True	True	1	PASS	3	3	3	3	None	False	PASS	3	None	
Lotus_Scripts_Libs_WeaponPersistentIdsLib.lua_B	True	True	True	True	True	1	PASS	1	1	1	1	None	False	PASS	1	None	
Lotus_Scripts_Libs_WeaponStatsLib.lua_B	True	True	True	False	False	2	PASS	3	3	3	3	PASS	False	PASS	3	PASS	
Lotus_Scripts_Libs_WF99PvPvEStoreLib.lua_B	True	True	True	True	True	1	PASS	4	4	4	4	None	False	PASS	4	None	
Lotus_Scripts_LightningTurret.lua_B	True	True	True	False	False	2	PASS	13	13	13	13	PASS	False	PASS	13	PASS	
Lotus_Scripts_LisetCustomizations.lua_B	True	True	True	True	True	1	PASS	9	9	9	9	None	False	PASS	9	None	
Lotus_Scripts_LisetCustomizationsUtilities.lua_B	True	True	True	False	False	2	PASS	27	27	27	27	PASS	False	PASS	27	PASS	
Lotus_Scripts_LisetFunctions.lua_B	True	True	True	False	False	2	PASS	3	3	3	3	PASS	False	PASS	3	PASS	
Lotus_Scripts_LockRelayDoor.lua_B	True	True	True	True	True	1	PASS	2	2	2	2	None	False	PASS	2	None	
Lotus_Scripts_LoopDefend.lua_B	True	True	True	False	False	3	FAIL	62	62	62	63	FAIL	False	FAIL	62	FAIL	
Lotus_Scripts_LoopingAnimationDelay.lua_B	True	True	True	False	False	2	PASS	4	4	4	4	PASS	False	PASS	4	PASS	
Lotus_Scripts_LotusConclaveGameRules.lua_B	True	True	True	False	False	2	PASS	16	16	16	16	PASS	False	PASS	16	PASS	
Lotus_Scripts_LotusDangerRoomGameRules.lua_B	True	True	True	False	False	2	PASS	21	21	21	21	PASS	False	PASS	21	PASS	
Lotus_Scripts_LotusDojoGameRules.lua_B	True	True	True	False	False	2	PASS	23	23	23	23	PASS	False	PASS	23	PASS	
Lotus_Scripts_LotusDuelObject.lua_B	True	True	True	False	False	2	PASS	14	14	14	14	PASS	False	FAIL	13	FAIL	
Lotus_Scripts_LotusDuviriGameRules.lua_B	True	True	True	False	False	3	PASS	60	60	60	60	PASS	False	PASS	60	FAIL	
Lotus_Scripts_LotusFrontEndGameRules.lua_B	True	True	True	False	False	2	PASS	14	14	14	14	PASS	False	PASS	14	PASS	
Lotus_Scripts_LotusGameRules.lua_B	True	True	True	False	False	3	PASS	54	54	54	54	PASS	False	FAIL	52	FAIL	
Lotus_Scripts_LotusHubGameRules.lua_B	True	True	True	False	False	2	PASS	5	5	5	5	PASS	False	PASS	5	PASS	
Lotus_Scripts_LotusObstacleCourseObject.lua_B	True	True	True	False	False	3	PASS	39	39	39	39	PASS	False	PASS	39	PASS	
Lotus_Scripts_LotusPhotoBoothGameRules.lua_B	True	True	True	False	False	2	PASS	24	24	24	24	PASS	False	PASS	24	PASS	
Lotus_Scripts_LotusPveDMGameRules.lua_B	True	True	True	False	False	2	FAIL	40	39	40	40	FAIL	False	FAIL	39	FAIL	
Lotus_Scripts_LotusPveGreedGameRules.lua_B	True	True	True	False	False	2	PASS	56	56	56	56	PASS	False	PASS	56	PASS	
Lotus_Scripts_Melee_HitStop.lua_B	True	True	True	False	False	2	PASS	5	5	5	5	PASS	False	PASS	5	PASS	
Lotus_Scripts_Melee_ReflectCounteredProjectile.lua_B	True	True	True	True	True	1	PASS	3	3	3	3	None	False	PASS	3	None	
Lotus_Scripts_MeliciaConvoSetup.lua_B	True	True	True	False	False	2	PASS	13	13	13	13	PASS	False	PASS	13	PASS	
Lotus_Scripts_MemoryPuzzle.lua_B	True	True	True	False	False	2	PASS	13	13	13	13	PASS	False	PASS	13	PASS	
Lotus_Scripts_Minigames_GoLib.lua_B	True	True	True	False	False	3	PASS	33	33	33	33	PASS	False	PASS	33	FAIL	
Lotus_Scripts_Minigames_Investigation.lua_B	True	True	True	False	False	2	PASS	29	29	29	29	PASS	False	PASS	29	PASS	
Lotus_Scripts_MiscFunctions.lua_B	True	True	True	True	True	1	PASS	3	3	3	3	None	False	PASS	3	None	
Lotus_Scripts_MissileLockOnWarning.lua_B	True	True	True	True	True	1	PASS	4	4	4	4	None	False	PASS	4	None	
Lotus_Scripts_MissilePlatformDamageResponse.lua_B	True	True	True	False	False	2	PASS	2	2	2	2	PASS	False	FAIL	1	FAIL	
Lotus_Scripts_MissionComplete.lua_B	True	True	True	False	False	2	PASS	4	4	4	4	PASS	False	PASS	4	PASS	
Lotus_Scripts_MissionScripts_AddAscarisNegator.lua_B	True	True	True	True	True	1	PASS	2	2	2	2	None	False	PASS	2	None	
Lotus_Scripts_MissionScripts_CommonMissionEvents.lua_B	True	True	True	False	False	2	PASS	39	39	39	39	PASS	False	PASS	39	PASS	
Lotus_Scripts_MissionScripts_CommonMissionEvents_GenericMissionEnemies.lua_B	True	True	True	False	False	2	PASS	9	9	9	9	PASS	False	PASS	9	PASS	
Lotus_Scripts_MissionScripts_CommonMissionEvents_GenericMissionObjects.lua_B	True	True	True	False	False	2	PASS	5	5	5	5	PASS	False	PASS	5	PASS	
Lotus_Scripts_MissionScripts_CorpusShipSetup.lua_B	True	True	True	False	False	2	PASS	3	3	3	3	PASS	False	PASS	3	PASS	
Lotus_Scripts_MissionScripts_DeaconHelmetPickup.lua_B	True	True	True	False	False	2	PASS	3	3	3	3	PASS	False	PASS	3	PASS	
Lotus_Scripts_MissionScripts_DistanceBasedShieldEvent.lua_B	True	True	True	True	True	1	PASS	5	5	5	5	None	False	PASS	5	None	
Lotus_Scripts_MissionScripts_DistanceBasedTransmissions.lua_B	True	True	True	False	False	2	PASS	5	5	5	5	PASS	False	PASS	5	PASS	
Lotus_Scripts_MissionScripts_DistanceBasedTransmissionSet.lua_B	True	True	True	True	True	1	PASS	3	3	3	3	None	False	PASS	3	None	
Lotus_Scripts_MissionScripts_EnemyAlertedTransmissions.lua_B	True	True	True	True	True	1	PASS	3	3	3	3	None	False	PASS	3	None	
Lotus_Scripts_MissionScripts_FortressDefenseTraps.lua_B	True	True	True	False	False	2	PASS	13	13	13	13	PASS	False	PASS	13	PASS	
Lotus_Scripts_MissionScripts_InfestedIntroQuestMissions.lua_B	True	True	True	False	False	2	PASS	5	5	5	5	PASS	False	PASS	5	PASS	
Lotus_Scripts_MissionScripts_IntelQuestMissionVOAndFactionSwap.lua_B	True	True	True	False	False	2	PASS	4	4	4	4	PASS	False	PASS	4	PASS	
Lotus_Scripts_MissionScripts_JackalBossStunControl.lua_B	True	True	True	False	False	2	PASS	5	5	5	5	PASS	False	FAIL	4	FAIL	
Lotus_Scripts_MissionScripts_KeychainMissionHideSession.lua_B	True	True	True	True	True	1	PASS	2	2	2	2	None	False	PASS	2	None	
Lotus_Scripts_MissionScripts_KeychainMissionSetup.lua_B	True	True	True	True	True	1	PASS	4	4	4	4	None	False	PASS	4	None	
Lotus_Scripts_MissionScripts_KeychainRelaySetup.lua_B	True	True	True	True	True	1	PASS	3	3	3	3	None	False	PASS	3	None	
Lotus_Scripts_MissionScripts_LayerIndexBasedTransmissions.lua_B	True	True	True	True	True	1	PASS	4	4	4	4	None	False	PASS	4	None	
Lotus_Scripts_MissionScripts_MelicaCaches.lua_B	True	True	True	False	False	2	PASS	5	5	5	5	PASS	False	PASS	5	PASS	
Lotus_Scripts_MissionScripts_NarmerSortieArchonMission.lua_B	True	True	True	False	False	2	PASS	60	60	60	60	PASS	False	FAIL	58	FAIL	
Lotus_Scripts_MissionScripts_NarmerSortieFinishers.lua_B	True	True	True	False	False	2	PASS	9	9	9	9	PASS	False	PASS	9	PASS	
Lotus_Scripts_MissionScripts_NetVarTransmissions.lua_B	True	True	True	True	True	1	PASS	3	3	3	3	None	False	PASS	3	None	
Lotus_Scripts_MissionScripts_OverrideEnemyDropTables.lua_B	True	True	True	True	True	1	PASS	2	2	2	2	None	False	PASS	2	None	
Lotus_Scripts_MissionScripts_OverrideKubrowDenDropTable.lua_B	True	True	True	True	True	1	PASS	3	3	3	3	None	False	PASS	3	None	
Lotus_Scripts_MissionScripts_RunQuestScriptTriggers.lua_B	True	True	True	True	True	1	PASS	4	4	4	4	None	False	PASS	4	None	
Lotus_Scripts_MissionScripts_TNWJackalBossOnDamage.lua_B	True	True	True	False	False	2	PASS	3	3	3	3	PASS	False	PASS	3	PASS	
Lotus_Scripts_MissionScripts_TNWJackalBossStunControl.lua_B	True	True	True	False	False	2	PASS	3	3	3	3	PASS	False	PASS	3	PASS	
Lotus_Scripts_MissionScripts_TreasureHuntMission.lua_B	True	True	True	True	True	1	PASS	6	6	6	6	None	False	PASS	6	None	
Lotus_Scripts_MissionScripts_TriggerFactionCheck.lua_B	True	True	True	True	True	1	PASS	2	2	2	2	None	False	PASS	2	None	
Lotus_Scripts_MissionScripts_TutorialHints.lua_B	True	True	True	True	True	1	PASS	3	3	3	3	None	False	PASS	3	None	
Lotus_Scripts_MissionScripts_VorReworkArena.lua_B	True	True	True	False	False	2	PASS	30	30	30	30	PASS	False	FAIL	28	FAIL	
Lotus_Scripts_MissionScripts_WaveBasedTransmissions.lua_B	True	True	True	True	True	1	PASS	3	3	3	3	None	False	PASS	3	None	
Lotus_Scripts_MissionWrinkles.lua_B	True	True	True	False	False	2	PASS	12	12	12	12	PASS	False	FAIL	11	FAIL	
Lotus_Scripts_MITWRepairDroneHazardVial.lua_B	True	True	True	True	True	1	PASS	3	3	3	3	None	False	PASS	3	None	
Lotus_Scripts_MixerConfiguration.lua_B	True	True	True	True	True	1	PASS	3	3	3	3	None	False	PASS	3	None	
Lotus_Scripts_MobileDefense.lua_B	True	True	True	False	False	2	PASS	25	25	25	25	PASS	False	FAIL	24	FAIL	
Lotus_Scripts_Modes_ArchWingMissionScript.lua_B	True	True	True	False	False	2	PASS	17	17	17	17	PASS	False	FAIL	14	FAIL	
Lotus_Scripts_Modes_ArchwingPursuitMode.lua_B	True	True	True	False	False	2	PASS	9	9	9	9	PASS	False	FAIL	8	FAIL	
Lotus_Scripts_Modes_AscensionMission.lua_B	True	True	True	False	False	3	PASS	86	86	86	86	PASS	False	FAIL	85	FAIL	
Lotus_Scripts_Modes_AscensionProjectile.lua_B	True	True	True	True	True	1	PASS	3	3	3	3	None	False	PASS	3	None	
Lotus_Scripts_Modes_AssassinateMission.lua_B	True	True	True	False	False	2	PASS	4	4	4	4	PASS	False	PASS	4	PASS	
Lotus_Scripts_Modes_AssassinateTankMission.lua_B	True	True	True	False	False	3	PASS	95	95	95	95	PASS	False	FAIL	94	FAIL	
Lotus_Scripts_Modes_AssassinateTankMissionDebug.lua_B	True	True	True	False	False	2	PASS	12	12	12	12	PASS	False	PASS	12	PASS	
Lotus_Scripts_Modes_ColonistDoorDefenseMission.lua_B	True	True	True	False	False	2	PASS	33	33	33	33	PASS	False	FAIL	30	FAIL	
Lotus_Scripts_Modes_ColonistRescueMission.lua_B	True	True	True	False	False	None	PASS	60	60	60	60	None	False	FAIL	55	None	
Lotus_Scripts_Modes_ComplicationsMgr_ComplicationsData.lua_B	True	True	True	False	False	2	PASS	15	15	15	15	PASS	False	FAIL	14	FAIL	
Lotus_Scripts_Modes_ComplicationsMgr_ComplicationsLib.lua_B	True	True	True	False	False	3	PASS	19	19	19	19	PASS	False	PASS	19	PASS	
Lotus_Scripts_Modes_ComplicationsMgr_ComplicationsMgr.lua_B	True	True	True	False	False	2	PASS	8	8	8	8	PASS	False	PASS	8	PASS	
Lotus_Scripts_Modes_CorpusSabotage.lua_B	True	True	True	False	False	2	PASS	4	4	4	4	PASS	False	PASS	4	PASS	
Lotus_Scripts_Modes_EntratiBurdenAuras.lua_B	True	True	True	False	False	3	PASS	42	42	42	42	PASS	False	PASS	42	FAIL	
Lotus_Scripts_Modes_EntratiConquestAuras.lua_B	True	True	True	False	False	2	PASS	23	23	23	23	PASS	False	PASS	23	PASS	
Lotus_Scripts_Modes_EntratiLabAlchemy.lua_B	True	True	True	False	False	2	PASS	53	53	53	53	PASS	False	FAIL	51	FAIL	
Lotus_Scripts_Modes_EntratiSwarmMission.lua_B	True	True	True	False	False	3	FAIL	57	56	56	88	FAIL	False	FAIL	55	FAIL	
Lotus_Scripts_Modes_EntratiSwarmScannerPickup.lua_B	True	True	True	False	False	3	PASS	14	14	14	14	PASS	False	FAIL	12	FAIL	
Lotus_Scripts_Modes_EntratiTexturePacks.lua_B	True	True	True	True	True	1	PASS	3	3	3	3	None	False	PASS	3	None	
Lotus_Scripts_Modes_EntratiVoidVaults.lua_B	True	True	True	False	False	3	PASS	53	53	53	53	PASS	False	FAIL	52	FAIL	
Lotus_Scripts_Modes_EscalationExtermination.lua_B	True	True	True	False	False	2	PASS	30	30	30	30	PASS	False	FAIL	28	FAIL	
Lotus_Scripts_Modes_ExcavationMission.lua_B	True	True	True	False	False	2	PASS	50	50	50	50	PASS	False	FAIL	46	FAIL	
Lotus_Scripts_Modes_FiveFatesMission.lua_B	True	True	True	False	False	3	PASS	85	85	85	85	PASS	False	PASS	85	FAIL	
Lotus_Scripts_Modes_GasCitySabotage.lua_B	True	True	True	False	False	2	PASS	24	24	24	24	PASS	False	FAIL	21	FAIL	
Lotus_Scripts_Modes_HalloweenLanternEndless.lua_B	True	True	True	False	False	2	PASS	39	39	39	39	PASS	False	PASS	39	PASS	
Lotus_Scripts_Modes_HexConquestProtoframeAlly.lua_B	True	True	True	False	False	2	PASS	3	3	3	3	PASS	False	PASS	3	PASS	
Lotus_Scripts_Modes_HiveMission.lua_B	True	True	True	False	False	3	PASS	29	29	29	29	PASS	False	FAIL	28	FAIL	
Lotus_Scripts_Modes_InfestedCapture.lua_B	True	True	True	False	False	2	PASS	54	54	54	54	PASS	False	FAIL	49	FAIL	
Lotus_Scripts_Modes_JunctionMission.lua_B	True	True	True	False	False	2	PASS	8	8	8	8	PASS	False	FAIL	7	FAIL	
Lotus_Scripts_Modes_MechSurvivalMission.lua_B	True	True	True	False	False	2	FAIL	27	27	27	37	FAIL	False	FAIL	27	FAIL	
Lotus_Scripts_Modes_MeltdownMode.lua_B	True	True	True	False	False	2	PASS	11	11	11	11	PASS	False	FAIL	10	FAIL	
Lotus_Scripts_Modes_ObjectiveTrigger.lua_B	True	True	True	True	True	1	PASS	2	2	2	2	None	False	PASS	2	None	
Lotus_Scripts_Modes_OpLinkFragmentGroundTeam.lua_B	True	True	True	False	False	2	PASS	45	45	45	45	PASS	False	FAIL	44	FAIL	
Lotus_Scripts_Modes_Purgatory.lua_B	True	True	True	False	False	2	PASS	41	41	41	41	PASS	False	FAIL	39	FAIL	
Lotus_Scripts_Modes_PurgeMission.lua_B	True	True	True	False	False	2	PASS	15	15	15	15	PASS	False	PASS	15	PASS	
Lotus_Scripts_Modes_PurifyMission.lua_B	True	True	True	False	False	2	PASS	50	50	50	50	PASS	False	PASS	50	PASS	
Lotus_Scripts_Modes_PurifyPowerOff.lua_B	True	True	True	False	False	2	PASS	3	3	3	3	PASS	False	PASS	3	PASS	
Lotus_Scripts_Modes_PveDeathMatch.lua_B	True	True	True	False	False	3	PASS	33	33	33	33	PASS	False	FAIL	30	FAIL	
Lotus_Scripts_Modes_RaceMission.lua_B	True	True	True	False	False	2	PASS	20	20	20	20	PASS	False	PASS	20	PASS	
Lotus_Scripts_Modes_RaidMission.lua_B	True	True	True	False	False	3	PASS	13	13	13	13	PASS	False	PASS	13	PASS	
Lotus_Scripts_Modes_RecoverMission.lua_B	True	True	True	False	False	2	PASS	6	6	6	6	PASS	False	PASS	6	PASS	
Lotus_Scripts_Modes_ResetTemplePyramid.lua_B	True	True	True	True	True	1	PASS	2	2	2	2	None	False	PASS	2	None	
Lotus_Scripts_Modes_RetrievalMission.lua_B	True	True	True	False	False	3	PASS	21	21	21	21	PASS	False	PASS	21	FAIL	
Lotus_Scripts_Modes_SentientArtifactMission.lua_B	True	True	True	False	False	2	PASS	96	96	96	96	PASS	False	FAIL	91	FAIL	
Lotus_Scripts_Modes_SentientArtifactMissionAuras.lua_B	True	True	True	True	True	1	PASS	29	29	29	29	None	False	PASS	29	None	
Lotus_Scripts_Modes_SentientArtifactMissionEnvironment.lua_B	True	True	True	False	False	2	PASS	23	23	23	23	PASS	False	FAIL	22	FAIL	
Lotus_Scripts_Modes_SentientCapture.lua_B	True	True	True	False	False	2	PASS	16	16	16	16	PASS	False	FAIL	15	FAIL	
Lotus_Scripts_Modes_SentientMobileDefense.lua_B	True	True	True	False	False	2	PASS	17	17	17	17	PASS	False	PASS	17	PASS	
Lotus_Scripts_Modes_ShadowgrapherSplatteringEnemies.lua_B	True	True	True	True	True	1	PASS	8	8	8	8	None	False	PASS	8	None	
Lotus_Scripts_Modes_ShadowGraphModeUtility.lua_B	True	True	True	False	False	2	PASS	117	117	117	117	PASS	False	FAIL	114	FAIL	
Lotus_Scripts_Modes_SurvivalMission.lua_B	True	True	True	False	False	3	FAIL	61	61	61	80	FAIL	False	FAIL	60	FAIL	
Lotus_Scripts_Modes_SurvivalPickups.lua_B	True	True	True	False	False	2	PASS	6	6	6	6	PASS	False	PASS	6	PASS	
Lotus_Scripts_Modes_TerritoryMission.lua_B	True	True	True	False	False	3	PASS	49	49	49	49	PASS	False	FAIL	45	FAIL	
Lotus_Scripts_Modes_UnpoweredLifeSupportPillar.lua_B	True	True	True	True	True	1	PASS	2	2	2	2	None	False	PASS	2	None	
Lotus_Scripts_Modes_WeaveMutalistBossMission.lua_B	True	True	True	False	False	None	PASS	42	42	42	42	None	False	PASS	42	None	
Lotus_Scripts_Modes_WF99PvPvEExtra.lua_B	True	True	True	True	True	1	PASS	2	2	2	2	None	False	PASS	2	None	
Lotus_Scripts_Modes_WF99PvPvEMission.lua_B	True	True	True	False	False	3	FAIL	183	183	183	184	FAIL	False	FAIL	28	FAIL	
Lotus_Scripts_Modes_WF99PvPvENPCAlly.lua_B	True	True	True	False	False	2	PASS	13	13	13	13	PASS	False	PASS	13	PASS	
Lotus_Scripts_Modes_WF99PvPvESoloAI.lua_B	True	True	True	False	False	2	FAIL	45	44	44	45	FAIL	False	PASS	45	PASS	
Lotus_Scripts_Modes_WF99PvPvESquadPair.lua_B	True	True	True	False	False	2	PASS	19	19	19	19	PASS	False	PASS	19	PASS	
Lotus_Scripts_Modes_WF99PvPvEStoreItemPickup.lua_B	True	True	True	False	False	2	PASS	6	6	6	6	PASS	False	PASS	6	PASS	
Lotus_Scripts_Modes_WF99PvPvEStoreItems.lua_B	True	True	True	False	False	2	PASS	29	29	29	29	PASS	False	PASS	29	PASS	
Lotus_Scripts_Modes_WF99PvPvEStoreManager.lua_B	True	True	True	False	False	3	PASS	55	55	55	55	PASS	False	FAIL	54	FAIL	
Lotus_Scripts_Modes_WF99PvPvEUtil.lua_B	True	True	True	False	False	2	PASS	13	13	13	13	PASS	False	PASS	13	PASS	
Lotus_Scripts_Modes_ZarimanCorruptionFractures.lua_B	True	True	True	False	False	2	PASS	10	10	10	10	PASS	False	FAIL	9	FAIL	
Lotus_Scripts_Modes_ZarimanCorruptionMission.lua_B	True	True	True	False	False	2	PASS	84	84	84	84	PASS	False	FAIL	81	FAIL	
Lotus_Scripts_Modes_ZarimanCorruptionPickupEval.lua_B	True	True	True	True	True	1	PASS	2	2	2	2	None	False	PASS	2	None	
Lotus_Scripts_Modes_ZarimanCorruptionPickups.lua_B	True	True	True	False	False	2	PASS	12	12	12	12	PASS	False	PASS	12	PASS	
Lotus_Scripts_Modes_ZarimanSurvivalCorruptionBehavior.lua_B	True	True	True	False	False	2	PASS	18	18	18	18	PASS	False	PASS	18	PASS	
Lotus_Scripts_Modes_ZarimanSurvivalMission.lua_B	True	True	True	False	False	3	PASS	98	98	98	98	PASS	False	FAIL	96	FAIL	
Lotus_Scripts_Modes_ZarimanSurvivalWraithSpawner.lua_B	True	True	True	False	False	2	FAIL	13	14	13	28	FAIL	False	FAIL	13	FAIL	
Lotus_Scripts_ModPickup.lua_B	True	True	True	False	False	2	PASS	3	3	3	3	PASS	False	PASS	3	PASS	
Lotus_Scripts_Mods_AbilityStrengthOnHit.lua_B	True	True	True	False	False	2	PASS	4	4	4	4	PASS	False	PASS	4	PASS	
Lotus_Scripts_Mods_AccumulateDmgForAltFire.lua_B	True	True	True	False	False	2	PASS	12	12	12	12	PASS	False	PASS	12	PASS	
Lotus_Scripts_Mods_AdaptiveDamageMod.lua_B	True	True	True	True	True	1	PASS	5	5	5	5	None	False	PASS	5	None	
Lotus_Scripts_Mods_AmmoMutationMod.lua_B	True	True	True	True	True	1	PASS	3	3	3	3	None	False	PASS	3	None	
Lotus_Scripts_Mods_ArchwingImmunityAiming.lua_B	True	True	True	True	True	1	PASS	2	2	2	2	None	False	PASS	2	None	
Lotus_Scripts_Mods_AuraAddModsToWeapon.lua_B	True	True	True	False	False	2	PASS	3	3	3	3	PASS	False	PASS	3	PASS	
Lotus_Scripts_Mods_AuraAvatarHolsterDamage.lua_B	True	True	True	True	True	1	PASS	6	6	6	6	None	False	PASS	6	None	
Lotus_Scripts_Mods_AuraBladedRestraint.lua_B	True	True	True	True	True	1	PASS	5	5	5	5	None	False	PASS	5	None	
Lotus_Scripts_Mods_AuraBloodLetter.lua_B	True	True	True	True	True	1	PASS	4	4	4	4	None	False	PASS	4	None	
Lotus_Scripts_Mods_AuraCompanionSummonDamage.lua_B	True	True	True	False	False	2	PASS	9	9	9	9	PASS	False	PASS	9	PASS	
Lotus_Scripts_Mods_AuraSquadPower.lua_B	True	True	True	True	True	1	PASS	4	4	4	4	None	False	PASS	4	None	
Lotus_Scripts_Mods_AvatarAbilityIndexUpgradeMod.lua_B	True	True	True	True	True	1	PASS	4	4	4	4	None	False	PASS	4	None	
Lotus_Scripts_Mods_AvatarHolsterBulletJump.lua_B	True	True	True	True	True	1	PASS	4	4	4	4	None	False	PASS	4	None	
Lotus_Scripts_Mods_AvatarHolsterDamage.lua_B	True	True	True	True	True	1	PASS	4	4	4	4	None	False	PASS	4	None	
Lotus_Scripts_Mods_AvatarHolsterUpgrades.lua_B	True	True	True	True	True	1	PASS	4	4	4	4	None	False	PASS	4	None	
Lotus_Scripts_Mods_AvatarPickupBonus.lua_B	True	True	True	False	False	2	PASS	3	3	3	3	PASS	False	PASS	3	PASS	
Lotus_Scripts_Mods_BattacorAltFire.lua_B	True	True	True	False	False	2	PASS	10	10	10	10	PASS	False	FAIL	9	FAIL	
Lotus_Scripts_Mods_BatteryClipRecharge.lua_B	True	True	True	True	True	1	PASS	2	2	2	2	None	False	PASS	2	None	
Lotus_Scripts_Mods_CatabolystCritOnKillMod.lua_B	True	True	True	True	True	1	PASS	11	11	11	11	None	False	PASS	11	None	
Lotus_Scripts_Mods_CatModDescription.lua_B	True	True	True	True	True	1	PASS	2	2	2	2	None	False	PASS	2	None	
Lotus_Scripts_Mods_ChangeProjectileType.lua_B	True	True	True	False	False	2	PASS	4	4	4	4	PASS	False	PASS	4	PASS	
Lotus_Scripts_Mods_ChannelAbilityMod.lua_B	True	True	True	True	True	1	PASS	3	3	3	3	None	False	PASS	3	None	
Lotus_Scripts_Mods_ComboOnCondition.lua_B	True	True	True	True	True	1	PASS	4	4	4	4	None	False	PASS	4	None	
Lotus_Scripts_Mods_CritChanceOnHeadshot.lua_B	True	True	True	False	False	2	PASS	6	6	6	6	PASS	False	PASS	6	PASS	
Lotus_Scripts_Mods_ElectroProdZap.lua_B	True	True	True	False	False	2	PASS	6	6	6	6	PASS	False	PASS	6	PASS	
Lotus_Scripts_Mods_EnergyOnHeadshotRifle.lua_B	True	True	True	True	True	1	PASS	3	3	3	3	None	False	PASS	3	None	
Lotus_Scripts_Mods_EnergyToOvershields.lua_B	True	True	True	True	True	1	PASS	5	5	5	5	None	False	PASS	5	None	
Lotus_Scripts_Mods_EyeInTheSky.lua_B	True	True	True	True	True	1	PASS	3	3	3	3	None	False	PASS	3	None	
Lotus_Scripts_Mods_FairyQuestCritToAbility.lua_B	True	True	True	True	True	1	PASS	2	2	2	2	None	False	PASS	2	None	
Lotus_Scripts_Mods_FairyQuestShieldsToCrit.lua_B	True	True	True	True	True	1	PASS	2	2	2	2	None	False	PASS	2	None	
Lotus_Scripts_Mods_FirstAttackAfterEquip.lua_B	True	True	True	True	True	1	PASS	3	3	3	3	None	False	PASS	3	None	
Lotus_Scripts_Mods_FixedShieldAndShieldGatingDurationMod.lua_B	True	True	True	False	False	2	PASS	5	5	5	5	PASS	False	PASS	5	PASS	
Lotus_Scripts_Mods_FluxRifleFluctuate.lua_B	True	True	True	True	True	1	PASS	2	2	2	2	None	False	PASS	2	None	
Lotus_Scripts_Mods_GrakataAltFire.lua_B	True	True	True	False	False	2	PASS	6	6	6	6	PASS	False	PASS	6	PASS	
Lotus_Scripts_Mods_HawkSetPassive.lua_B	True	True	True	False	False	2	PASS	4	4	4	4	PASS	False	PASS	4	PASS	
Lotus_Scripts_Mods_HealthOnDamage.lua_B	True	True	True	True	True	1	PASS	2	2	2	2	None	False	PASS	2	None	
Lotus_Scripts_Mods_IndependentStatusProcOnDamage.lua_B	True	True	True	False	False	2	PASS	4	4	4	4	PASS	False	PASS	4	PASS	
Lotus_Scripts_Mods_InstantReloadOnCondition.lua_B	True	True	True	True	True	1	PASS	7	7	7	7	None	False	PASS	7	None	
Lotus_Scripts_Mods_JumpRefresh.lua_B	True	True	True	False	False	2	PASS	5	5	5	5	PASS	False	PASS	5	PASS	
Lotus_Scripts_Mods_LankaCreateArcTrap.lua_B	True	True	True	False	False	2	PASS	8	8	8	8	PASS	False	PASS	8	PASS	
Lotus_Scripts_Mods_LasGooAKBonusPerKillMod.lua_B	True	True	True	False	False	2	PASS	4	4	4	4	PASS	False	PASS	4	PASS	
Lotus_Scripts_Mods_LastAttackInComboHit.lua_B	True	True	True	True	True	1	PASS	2	2	2	2	None	False	PASS	2	None	
Lotus_Scripts_Mods_LinkAlliesOnChannel.lua_B	True	True	True	True	True	1	PASS	6	6	6	6	None	False	PASS	6	None	
Lotus_Scripts_Mods_LoseShields.lua_B	True	True	True	True	True	1	PASS	2	2	2	2	None	False	PASS	2	None	
Lotus_Scripts_Mods_MeleeAutoTarget.lua_B	True	True	True	True	True	1	PASS	5	5	5	5	None	False	PASS	5	None	
Lotus_Scripts_Mods_MeleeChargeTeleport.lua_B	True	True	True	False	False	2	PASS	7	7	7	7	PASS	False	PASS	7	PASS	
Lotus_Scripts_Mods_MightyKickKnockdown.lua_B	True	True	True	True	True	1	PASS	2	2	2	2	None	False	PASS	2	None	
Lotus_Scripts_Mods_MissionSpecificResistance.lua_B	True	True	True	True	True	1	PASS	2	2	2	2	None	False	PASS	2	None	
Lotus_Scripts_Mods_ModDescriptionFixedStats.lua_B	True	True	True	True	True	1	PASS	2	2	2	2	None	False	PASS	2	None	
Lotus_Scripts_Mods_ModDescriptionStats.lua_B	True	True	True	False	False	2	PASS	3	3	3	3	PASS	False	PASS	3	PASS	
Lotus_Scripts_Mods_NoEnemiesInRangeBuff.lua_B	True	True	True	False	False	2	PASS	6	6	6	6	PASS	False	PASS	6	PASS	
Lotus_Scripts_Mods_OcucorAmmoRefillTendrilCritsMod.lua_B	True	True	True	False	False	2	PASS	6	6	6	6	PASS	False	PASS	6	PASS	
Lotus_Scripts_Mods_OnLastBurstCondition.lua_B	True	True	True	False	False	2	PASS	3	3	3	3	PASS	False	PASS	3	PASS	
Lotus_Scripts_Mods_OnPickup.lua_B	True	True	True	True	True	1	PASS	6	6	6	6	None	False	PASS	6	None	
Lotus_Scripts_Mods_OnSelectiveSlotEquipped.lua_B	True	True	True	False	False	2	PASS	10	10	10	10	PASS	False	FAIL	9	FAIL	
Lotus_Scripts_Mods_PantheraDisarm.lua_B	True	True	True	False	False	2	PASS	6	6	6	6	PASS	False	PASS	6	PASS	
Lotus_Scripts_Mods_ParisHealOnStatus.lua_B	True	True	True	False	False	2	PASS	4	4	4	4	PASS	False	PASS	4	PASS	
Lotus_Scripts_Mods_PauseComboTimerOnHolstered.lua_B	True	True	True	True	True	1	PASS	3	3	3	3	None	False	PASS	3	None	
Lotus_Scripts_Mods_PentaTetherMine.lua_B	True	True	True	True	True	1	PASS	5	5	5	5	None	False	PASS	5	None	
Lotus_Scripts_Mods_ProjectileDamageNoEnemiesOverDistance.lua_B	True	True	True	False	False	2	PASS	6	6	6	6	PASS	False	PASS	6	PASS	
Lotus_Scripts_Mods_ProjectileDamageOverDistance.lua_B	True	True	True	True	True	1	PASS	5	5	5	5	None	False	PASS	5	None	
Lotus_Scripts_Mods_ProjectileEmbedTimeOnCondition.lua_B	True	True	True	False	False	2	PASS	9	9	9	9	PASS	False	PASS	9	PASS	
Lotus_Scripts_Mods_RadialDamageOnCondition.lua_B	True	True	True	True	True	1	PASS	3	3	3	3	None	False	PASS	3	None	
Lotus_Scripts_Mods_RaptorAmbush.lua_B	True	True	True	True	True	1	PASS	2	2	2	2	None	False	PASS	2	None	
Lotus_Scripts_Mods_RequireArmor.lua_B	True	True	True	True	True	1	PASS	4	4	4	4	None	False	PASS	4	None	
Lotus_Scripts_Mods_RequireEnemyCount.lua_B	True	True	True	True	True	1	PASS	5	5	5	5	None	False	PASS	5	None	
Lotus_Scripts_Mods_RequireEnergyPool.lua_B	True	True	True	False	False	2	PASS	4	4	4	4	PASS	False	PASS	4	PASS	
Lotus_Scripts_Mods_RequireEnergySpent.lua_B	True	True	True	True	True	1	PASS	4	4	4	4	None	False	PASS	4	None	
Lotus_Scripts_Mods_RequireOvershields.lua_B	True	True	True	True	True	1	PASS	3	3	3	3	None	False	PASS	3	None	
Lotus_Scripts_Mods_RequireShields.lua_B	True	True	True	True	True	1	PASS	2	2	2	2	None	False	PASS	2	None	
Lotus_Scripts_Mods_RequireSprintSpeed.lua_B	True	True	True	True	True	1	PASS	4	4	4	4	None	False	PASS	4	None	
Lotus_Scripts_Mods_RequireWeaponEquipped.lua_B	True	True	True	True	True	1	PASS	2	2	2	2	None	False	PASS	2	None	
Lotus_Scripts_Mods_ResistanceOnDamage.lua_B	True	True	True	False	False	2	PASS	4	4	4	4	PASS	False	PASS	4	PASS	
Lotus_Scripts_Mods_RestoreAmmoMod.lua_B	True	True	True	True	True	1	PASS	3	3	3	3	None	False	PASS	3	None	
Lotus_Scripts_Mods_RestoreAmmoOnCondition.lua_B	True	True	True	True	True	1	PASS	4	4	4	4	None	False	PASS	4	None	
Lotus_Scripts_Mods_RollInvulnerability.lua_B	True	True	True	True	True	1	PASS	3	3	3	3	None	False	PASS	3	None	
Lotus_Scripts_Mods_SetComboTimer.lua_B	True	True	True	True	True	1	PASS	2	2	2	2	None	False	PASS	2	None	
Lotus_Scripts_Mods_ShieldOnCondition.lua_B	True	True	True	True	True	1	PASS	3	3	3	3	None	False	PASS	3	None	
Lotus_Scripts_Mods_ShrineMaidenGunbrellaAugment.lua_B	True	True	True	False	False	2	PASS	3	3	3	3	PASS	False	PASS	3	PASS	
Lotus_Scripts_Mods_SilvaAegisStoreDamage.lua_B	True	True	True	True	True	1	PASS	5	5	5	5	None	False	PASS	5	None	
Lotus_Scripts_Mods_SomaCritChanceOnHit.lua_B	True	True	True	False	False	2	PASS	5	5	5	5	PASS	False	PASS	5	PASS	
Lotus_Scripts_Mods_SpidersLeap.lua_B	True	True	True	False	False	2	PASS	3	3	3	3	PASS	False	PASS	3	PASS	
Lotus_Scripts_Mods_SporothrixExplosiveBarbMod.lua_B	True	True	True	True	True	1	PASS	6	6	6	6	None	False	PASS	6	None	
Lotus_Scripts_Mods_StalkerBowInvisibilityOnMultiHitMod.lua_B	True	True	True	True	True	1	PASS	7	7	7	7	None	False	PASS	7	None	
Lotus_Scripts_Mods_StalkerScytheIncreasedStatusDamageMod.lua_B	True	True	True	True	True	1	PASS	3	3	3	3	None	False	PASS	3	None	
Lotus_Scripts_Mods_StrengthForOneCast.lua_B	True	True	True	False	False	2	PASS	7	7	7	7	PASS	False	PASS	7	PASS	
Lotus_Scripts_Mods_UnlockAltFire.lua_B	True	True	True	False	False	2	PASS	15	15	15	15	PASS	False	PASS	15	PASS	
Lotus_Scripts_Mods_UnlockAltMelee.lua_B	True	True	True	False	False	2	PASS	9	9	9	9	PASS	False	PASS	9	PASS	
Lotus_Scripts_Mods_UpgradeHighlight.lua_B	True	True	True	False	False	3	PASS	2	2	2	2	PASS	False	PASS	2	PASS	
Lotus_Scripts_Mods_UpgradeMaxCritOnKill.lua_B	True	True	True	True	True	1	PASS	5	5	5	5	None	False	PASS	5	None	
Lotus_Scripts_Mods_UpgradeMaxHealthOnKill.lua_B	True	True	True	True	True	1	PASS	4	4	4	4	None	False	PASS	4	None	
Lotus_Scripts_Mods_UpgradeStackAfterEnergyThreshold.lua_B	True	True	True	True	True	1	PASS	4	4	4	4	None	False	PASS	4	None	
Lotus_Scripts_Mods_UpgradeStackPerArchonShardMod.lua_B	True	True	True	True	True	1	PASS	6	6	6	6	None	False	PASS	6	None	
Lotus_Scripts_Mods_VictimHasProcCondition.lua_B	True	True	True	False	False	2	PASS	2	2	2	2	PASS	False	PASS	2	PASS	
Lotus_Scripts_Mods_WeaponAddBaseStatForModdedStat.lua_B	True	True	True	True	True	1	PASS	7	7	7	7	None	False	PASS	7	None	
Lotus_Scripts_Mods_WeaponEquipBuffs.lua_B	True	True	True	False	False	2	PASS	5	5	5	5	PASS	False	PASS	5	PASS	
Lotus_Scripts_Mods_WeaponSpreadStatusProcsMod.lua_B	True	True	True	True	True	1	PASS	4	4	4	4	None	False	PASS	4	None	
Lotus_Scripts_ModularArloAvatarRandomizer.lua_B	True	True	True	False	False	2	PASS	9	9	9	9	PASS	False	FAIL	8	FAIL	
Lotus_Scripts_ModularCorpusAvatarRandomizer.lua_B	True	True	True	False	False	2	PASS	8	8	8	8	PASS	False	FAIL	7	FAIL	
Lotus_Scripts_ModularDuviriCitizenRandomizer.lua_B	True	True	True	False	False	2	PASS	6	6	6	6	PASS	False	PASS	6	PASS	
Lotus_Scripts_MoonSkybox.lua_B	True	True	True	True	True	1	PASS	4	4	4	4	None	False	PASS	4	None	
Lotus_Scripts_MountainPassReturn.lua_B	True	True	True	True	True	1	PASS	2	2	2	2	None	False	PASS	2	None	
Lotus_Scripts_MoverNavmesh.lua_B	True	True	True	True	True	1	PASS	2	2	2	2	None	False	PASS	2	None	
Lotus_Scripts_MoverSound.lua_B	True	True	True	True	True	1	PASS	2	2	2	2	None	False	PASS	2	None	
Lotus_Scripts_MultiDefend.lua_B	True	True	True	False	False	2	PASS	22	22	22	22	PASS	False	FAIL	20	FAIL	
Lotus_Scripts_Museum_LoreCardPickup.lua_B	True	True	True	True	True	1	PASS	2	2	2	2	None	False	PASS	2	None	
Lotus_Scripts_Museum_Museum.lua_B	True	True	True	False	False	2	PASS	21	21	21	21	PASS	False	PASS	21	PASS	
Lotus_Scripts_MusicDayNight.lua_B	True	True	True	True	True	1	PASS	3	3	3	3	None	False	PASS	3	None	
Lotus_Scripts_MusicFunctions.lua_B	True	True	True	False	False	2	PASS	9	9	9	9	PASS	False	PASS	9	PASS	
Lotus_Scripts_MusicRandomSequencer.lua_B	True	True	True	False	False	2	PASS	2	2	2	2	PASS	False	PASS	2	PASS	
Lotus_Scripts_Mutators.lua_B	True	True	True	False	False	3	PASS	32	32	32	32	PASS	False	FAIL	31	FAIL	
Lotus_Scripts_NaniteCloud.lua_B	True	True	True	False	False	2	PASS	8	8	8	8	PASS	False	FAIL	7	FAIL	
Lotus_Scripts_NarmerFactionSetup.lua_B	True	True	True	True	True	1	PASS	3	3	3	3	None	False	PASS	3	None	
Lotus_Scripts_NecramechSummonConsole.lua_B	True	True	True	False	False	2	PASS	31	31	31	31	PASS	False	PASS	31	PASS	
Lotus_Scripts_Nemesis_InfestedNemesisSpawnFx.lua_B	True	True	True	True	True	1	PASS	2	2	2	2	None	False	PASS	2	None	
Lotus_Scripts_Nemesis_NemesisGenerator.lua_B	True	True	True	False	False	3	PASS	76	76	76	76	PASS	False	FAIL	74	FAIL	
Lotus_Scripts_Nemesis_NemesisMission.lua_B	True	True	True	False	False	2	PASS	32	32	32	32	PASS	False	FAIL	31	FAIL	
Lotus_Scripts_Nemesis_NemesisScreenMusic.lua_B	True	True	True	True	True	1	PASS	2	2	2	2	None	False	PASS	2	None	
Lotus_Scripts_Nemesis_NemesisShipTransmissions.lua_B	True	True	True	False	False	2	PASS	3	3	3	3	PASS	False	PASS	3	PASS	
Lotus_Scripts_Nemesis_NemesisTransmission.lua_B	True	True	True	True	True	1	PASS	2	2	2	2	None	False	PASS	2	None	
Lotus_Scripts_Nemesis_SetupHenchman.lua_B	True	True	True	True	True	1	PASS	3	3	3	3	None	False	FAIL	2	None	
Lotus_Scripts_Nemesis_SetupNemesis.lua_B	True	True	True	False	False	2	PASS	22	22	22	22	PASS	False	FAIL	19	FAIL	
Lotus_Scripts_Nemesis_SetupNemesisEntourage.lua_B	True	True	True	False	False	2	PASS	5	5	5	5	PASS	False	PASS	5	PASS	
Lotus_Scripts_Nemesis_SetupNemesisPet.lua_B	True	True	True	False	False	2	PASS	3	3	3	3	PASS	False	PASS	3	PASS	
Lotus_Scripts_Nemesis_SetupNemesisPickups.lua_B	True	True	True	True	True	1	PASS	7	7	7	7	None	False	PASS	7	None	
Lotus_Scripts_Nightwave_CephalonTear.lua_B	True	True	True	False	False	2	PASS	17	17	17	17	PASS	False	PASS	17	PASS	
Lotus_Scripts_Nightwave_GlassMakerBoss.lua_B	True	True	True	False	False	3	FAIL	37	40	37	75	FAIL	False	FAIL	37	FAIL	
Lotus_Scripts_Nightwave_GlassMakerSwordSwing.lua_B	True	True	True	False	False	2	PASS	4	4	4	4	PASS	False	PASS	4	PASS	
Lotus_Scripts_NPC_AcolyteBossController.lua_B	True	True	True	False	False	2	PASS	8	8	8	8	PASS	False	PASS	8	PASS	
Lotus_Scripts_NPC_AgentBehavior.lua_B	True	True	True	True	True	1	PASS	2	2	2	2	None	False	PASS	2	None	
Lotus_Scripts_NPC_AgentSpawn.lua_B	True	True	True	True	True	1	PASS	4	4	4	4	None	False	PASS	4	None	
Lotus_Scripts_NPC_AmalgamNullifyDome.lua_B	True	True	True	False	False	2	PASS	8	8	8	8	PASS	False	FAIL	7	FAIL	
Lotus_Scripts_NPC_AncientDisruptor.lua_B	True	True	True	True	True	1	PASS	4	4	4	4	None	False	PASS	4	None	
Lotus_Scripts_NPC_AncientHealerClearStatus.lua_B	True	True	True	False	False	2	PASS	5	5	5	5	PASS	False	PASS	5	PASS	
Lotus_Scripts_NPC_AncientHealerLink.lua_B	True	True	True	False	False	2	PASS	7	7	7	7	PASS	False	PASS	7	PASS	
Lotus_Scripts_NPC_AncientOverguardPulse.lua_B	True	True	True	False	False	2	PASS	10	10	10	10	PASS	False	PASS	10	PASS	
Lotus_Scripts_NPC_AnimalFetch.lua_B	True	True	True	True	True	1	PASS	8	8	8	8	None	False	PASS	8	None	
Lotus_Scripts_NPC_AnimateProps.lua_B	True	True	True	False	False	2	PASS	5	5	5	5	PASS	False	PASS	5	PASS	
Lotus_Scripts_NPC_AristocratHunterMonitor.lua_B	True	True	True	True	True	1	PASS	2	2	2	2	None	False	FAIL	1	None	
Lotus_Scripts_NPC_AristocratManagerDespawn.lua_B	True	True	True	True	True	1	PASS	2	2	2	2	None	False	PASS	2	None	
Lotus_Scripts_NPC_AvatarControls.lua_B	True	True	True	True	True	1	PASS	2	2	2	2	None	False	PASS	2	None	
Lotus_Scripts_NPC_BaroDefenseDamaged.lua_B	True	True	True	True	True	1	PASS	2	2	2	2	None	False	PASS	2	None	
Lotus_Scripts_NPC_BeastMasterMonitor.lua_B	True	True	True	True	True	1	PASS	2	2	2	2	None	False	PASS	2	None	
Lotus_Scripts_NPC_BeastMasterWeaponSteal.lua_B	True	True	True	False	False	2	PASS	7	7	7	7	PASS	False	PASS	7	PASS	
Lotus_Scripts_NPC_Blackboard.lua_B	True	True	True	False	False	2	PASS	8	8	8	8	PASS	False	PASS	8	PASS	
Lotus_Scripts_NPC_CorpusAvatarEscape.lua_B	True	True	True	False	False	2	PASS	10	10	10	10	PASS	False	PASS	10	PASS	
Lotus_Scripts_NPC_CreateFabricator.lua_B	True	True	True	False	False	2	PASS	5	5	5	5	PASS	False	PASS	5	PASS	
Lotus_Scripts_NPC_CreatureRandomizer.lua_B	True	True	True	True	True	1	PASS	4	4	4	4	None	False	PASS	4	None	
Lotus_Scripts_NPC_DisruptorGrenade.lua_B	True	True	True	False	False	2	PASS	5	5	5	5	PASS	False	PASS	5	PASS	
Lotus_Scripts_NPC_DuviriShadowSpawn.lua_B	True	True	True	True	True	1	PASS	2	2	2	2	None	False	PASS	2	None	
Lotus_Scripts_NPC_EidolonTacWalkEvaluator.lua_B	True	True	True	True	True	1	PASS	2	2	2	2	None	False	PASS	2	None	
Lotus_Scripts_NPC_FacialMorph.lua_B	True	True	True	True	True	1	PASS	6	6	6	6	None	False	PASS	6	None	
Lotus_Scripts_NPC_FortressTurret.lua_B	True	True	True	False	False	2	PASS	2	2	2	2	PASS	False	PASS	2	PASS	
Lotus_Scripts_NPC_GhoulSawman.lua_B	True	True	True	False	False	2	PASS	4	4	4	4	PASS	False	PASS	4	PASS	
Lotus_Scripts_NPC_GrineerGhouls.lua_B	True	True	True	True	True	1	PASS	4	4	4	4	None	False	PASS	4	None	
Lotus_Scripts_NPC_GrineerJetpackDuoTransmissions.lua_B	True	True	True	False	False	2	PASS	6	6	6	6	PASS	False	PASS	6	PASS	
Lotus_Scripts_NPC_HubNpcCustomizations.lua_B	True	True	True	True	True	1	PASS	5	5	5	5	None	False	PASS	5	None	
Lotus_Scripts_NPC_J3GolemSpace.lua_B	True	True	True	False	False	2	PASS	15	15	15	15	PASS	False	PASS	15	PASS	
Lotus_Scripts_NPC_JackalShockwaveNullify.lua_B	True	True	True	True	True	1	PASS	2	2	2	2	None	False	PASS	2	None	
Lotus_Scripts_NPC_KahlAllyNpc.lua_B	True	True	True	False	False	2	PASS	4	4	4	4	PASS	False	PASS	4	PASS	
Lotus_Scripts_NPC_KelaOrbitalStrike.lua_B	True	True	True	False	False	2	PASS	6	6	6	6	PASS	False	PASS	6	PASS	
Lotus_Scripts_NPC_KelaSeismicDisruptorController.lua_B	True	True	True	True	True	1	PASS	4	4	4	4	None	False	PASS	4	None	
Lotus_Scripts_NPC_MagLeash.lua_B	True	True	True	True	True	1	PASS	6	6	6	6	None	False	PASS	6	None	
Lotus_Scripts_NPC_MiniJackalSpawn.lua_B	True	True	True	False	False	2	PASS	3	3	3	3	PASS	False	PASS	3	PASS	
Lotus_Scripts_NPC_MoaTurretActivation.lua_B	True	True	True	True	True	1	PASS	2	2	2	2	None	False	PASS	2	None	
Lotus_Scripts_NPC_NarmerBlessDrone.lua_B	True	True	True	False	False	2	PASS	6	6	6	6	PASS	False	PASS	6	PASS	
Lotus_Scripts_NPC_NarmerDeaconFaithShield.lua_B	True	True	True	False	False	2	PASS	13	13	13	13	PASS	False	PASS	13	PASS	
Lotus_Scripts_NPC_NekrosCloneTheDeadFix.lua_B	True	True	True	True	True	1	PASS	5	5	5	5	None	False	PASS	5	None	
Lotus_Scripts_NPC_NexiferaAvatar.lua_B	True	True	True	True	True	1	PASS	10	10	10	10	None	False	PASS	10	None	
Lotus_Scripts_NPC_NokkoBaby.lua_B	True	True	True	False	False	2	FAIL	18	20	18	20	FAIL	False	FAIL	18	FAIL	
Lotus_Scripts_NPC_NpcSpawnControlCommands.lua_B	True	True	True	True	True	1	PASS	3	3	3	3	None	False	PASS	3	None	
Lotus_Scripts_NPC_NullifyDome.lua_B	True	True	True	False	False	2	PASS	14	14	14	14	PASS	False	FAIL	13	FAIL	
Lotus_Scripts_NPC_NullifySound.lua_B	True	True	True	False	False	3	PASS	19	19	19	19	PASS	False	FAIL	17	FAIL	
Lotus_Scripts_NPC_OrdisShip.lua_B	True	True	True	False	False	2	PASS	4	4	4	4	PASS	False	FAIL	3	FAIL	
Lotus_Scripts_NPC_PlayerDoppelgangerAbility.lua_B	True	True	True	False	False	2	PASS	5	5	5	5	PASS	False	FAIL	4	FAIL	
Lotus_Scripts_NPC_PurgatoryGhost.lua_B	True	True	True	False	False	2	PASS	11	11	11	11	PASS	False	PASS	11	PASS	
Lotus_Scripts_NPC_RaptorTransmissions.lua_B	True	True	True	False	False	2	PASS	5	5	5	5	PASS	False	PASS	5	PASS	
Lotus_Scripts_NPC_RareSpawnAbilities.lua_B	True	True	True	False	False	2	PASS	20	20	20	20	PASS	False	PASS	20	PASS	
Lotus_Scripts_NPC_RareSpawnScript.lua_B	True	True	True	False	False	2	PASS	15	15	15	15	PASS	False	FAIL	14	FAIL	
Lotus_Scripts_NPC_RepeaterPointsGenerator.lua_B	True	True	True	False	False	2	PASS	7	7	7	7	PASS	False	PASS	7	PASS	
Lotus_Scripts_NPC_RollingDrone.lua_B	True	True	True	False	False	2	PASS	4	4	4	4	PASS	False	PASS	4	PASS	
Lotus_Scripts_NPC_SecurityCamera.lua_B	True	True	True	False	False	2	PASS	18	18	18	18	PASS	False	PASS	18	PASS	
Lotus_Scripts_NPC_SentientSpark.lua_B	True	True	True	False	False	2	PASS	8	8	8	8	PASS	False	PASS	8	PASS	
Lotus_Scripts_NPC_SetAgentAwareness.lua_B	True	True	True	True	True	1	PASS	2	2	2	2	None	False	PASS	2	None	
Lotus_Scripts_NPC_SimpleIdleBark.lua_B	True	True	True	True	True	1	PASS	2	2	2	2	None	False	PASS	2	None	
Lotus_Scripts_NPC_SpawnScaledAgent.lua_B	True	True	True	False	False	2	PASS	5	5	5	5	PASS	False	PASS	5	PASS	
Lotus_Scripts_NPC_SpragKahlFight.lua_B	True	True	True	True	True	1	PASS	2	2	2	2	None	False	PASS	2	None	
Lotus_Scripts_NPC_TempleDefenseAvatar.lua_B	True	True	True	False	False	2	PASS	7	7	7	7	PASS	False	PASS	7	PASS	
Lotus_Scripts_NPC_TeshinShadowRemnants.lua_B	True	True	True	False	False	2	PASS	6	6	6	6	PASS	False	FAIL	5	FAIL	
Lotus_Scripts_NPC_TNWJackalShockwaveNullify.lua_B	True	True	True	True	True	1	PASS	2	2	2	2	None	False	PASS	2	None	
Lotus_Scripts_NPC_TreasureBoxAvatarEscape.lua_B	True	True	True	False	False	2	PASS	10	10	10	10	PASS	False	PASS	10	PASS	
Lotus_Scripts_NPC_TreasureBoxDespawn.lua_B	True	True	True	False	False	2	PASS	2	2	2	2	PASS	False	PASS	2	PASS	
Lotus_Scripts_NPC_TylRegorController.lua_B	True	True	True	False	False	2	PASS	12	12	12	12	PASS	False	PASS	12	PASS	
Lotus_Scripts_NPC_VayHekController.lua_B	True	True	True	False	False	2	PASS	19	19	19	19	PASS	False	PASS	19	PASS	
Lotus_Scripts_NPC_VayHekDroneSpawning.lua_B	True	True	True	True	True	1	PASS	2	2	2	2	None	False	PASS	2	None	
Lotus_Scripts_NPC_VayHekFinisherBuff.lua_B	True	True	True	True	True	1	PASS	2	2	2	2	None	False	PASS	2	None	
Lotus_Scripts_NPC_VayHekRoboFinale.lua_B	True	True	True	True	True	1	PASS	4	4	4	4	None	False	PASS	4	None	
Lotus_Scripts_NPC_VayHekRobotDecoration.lua_B	True	True	True	True	True	1	PASS	2	2	2	2	None	False	PASS	2	None	
Lotus_Scripts_NPC_WeaveMutalist.lua_B	True	True	True	False	False	2	PASS	12	12	12	12	PASS	False	PASS	12	PASS	
Lotus_Scripts_NPC_ZanukaPostFinisher.lua_B	True	True	True	False	False	2	PASS	5	5	5	5	PASS	False	PASS	5	PASS	
Lotus_Scripts_ObjectivePath.lua_B	True	True	True	True	True	1	PASS	3	3	3	3	None	False	PASS	3	None	
Lotus_Scripts_OceanOrbPlantSpawner.lua_B	True	True	True	True	True	1	PASS	3	3	3	3	None	False	PASS	3	None	
Lotus_Scripts_OceanPoisonPlantSpawner.lua_B	True	True	True	True	True	1	PASS	2	2	2	2	None	False	PASS	2	None	
Lotus_Scripts_OnPlayerPreDeath.lua_B	True	True	True	False	False	2	PASS	2	2	2	2	PASS	False	PASS	2	PASS	
Lotus_Scripts_OpenLootDoorPermanently.lua_B	True	True	True	True	True	1	PASS	2	2	2	2	None	False	PASS	2	None	
Lotus_Scripts_OpenMovie.lua_B	True	True	True	True	True	1	PASS	2	2	2	2	None	False	PASS	2	None	
Lotus_Scripts_OpenMovieDiegetic.lua_B	True	True	True	True	True	1	PASS	3	3	3	3	None	False	PASS	3	None	
Lotus_Scripts_OpenWorld_FishingMonitor.lua_B	True	True	True	False	False	2	PASS	4	4	4	4	PASS	False	PASS	4	PASS	
Lotus_Scripts_OpenWorld_HoverboardScoreBoostTrigger.lua_B	True	True	True	True	True	1	PASS	3	3	3	3	None	False	PASS	3	None	
Lotus_Scripts_OpenWorld_HuntingSetup.lua_B	True	True	True	True	True	1	PASS	2	2	2	2	None	False	PASS	2	None	
Lotus_Scripts_OpenWorld_LandscapeTrapEntity.lua_B	True	True	True	True	True	1	PASS	4	4	4	4	None	False	PASS	4	None	
Lotus_Scripts_OpenWorld_LandscapeTraps.lua_B	True	True	True	False	False	2	PASS	3	3	3	3	PASS	False	PASS	3	PASS	
Lotus_Scripts_OpenWorld_PersistentMarkerSetup.lua_B	True	True	True	True	True	1	PASS	2	2	2	2	None	False	PASS	2	None	
Lotus_Scripts_OperatorChargeAttack.lua_B	True	True	True	False	False	2	PASS	13	13	13	13	PASS	False	PASS	13	PASS	
Lotus_Scripts_OperatorDisabledWeapon.lua_B	True	True	True	True	True	1	PASS	2	2	2	2	None	False	PASS	2	None	
Lotus_Scripts_OperatorGameplay.lua_B	True	True	True	False	False	2	PASS	17	17	17	17	PASS	False	FAIL	16	FAIL	
Lotus_Scripts_OperatorMotion.lua_B	True	True	True	True	True	1	PASS	9	9	9	9	None	False	PASS	9	None	
Lotus_Scripts_OperatorTools.lua_B	True	True	True	True	True	1	PASS	2	2	2	2	None	False	PASS	2	None	
Lotus_Scripts_OperatorTransmission.lua_B	True	True	True	False	False	2	PASS	3	3	3	3	PASS	False	PASS	3	PASS	
Lotus_Scripts_OperatorTwin.lua_B	True	True	True	False	False	2	PASS	15	15	15	15	PASS	False	PASS	15	PASS	
Lotus_Scripts_OperatorVoidMode.lua_B	True	True	True	False	False	2	PASS	35	35	35	35	PASS	False	PASS	35	PASS	
Lotus_Scripts_OrdinancePath.lua_B	True	True	True	False	False	2	PASS	5	5	5	5	PASS	False	PASS	5	PASS	
Lotus_Scripts_OrokinEye.lua_B	True	True	True	False	False	2	PASS	18	18	18	18	PASS	False	PASS	18	PASS	
Lotus_Scripts_OrokinGlyphScript.lua_B	True	True	True	False	False	4	FAIL	15	14	15	15	FAIL	False	FAIL	14	FAIL	
Lotus_Scripts_OrokinMoonCloisterPuzzle.lua_B	True	True	True	False	False	2	PASS	8	8	8	8	PASS	False	PASS	8	PASS	
Lotus_Scripts_OrokinMoonDynamicEvent.lua_B	True	True	True	False	False	2	PASS	3	3	3	3	PASS	False	PASS	3	PASS	
Lotus_Scripts_OrokinSpyObstacleRoom.lua_B	True	True	True	False	False	2	PASS	14	14	14	14	PASS	False	PASS	14	PASS	
Lotus_Scripts_OrokinTraps.lua_B	True	True	True	False	False	2	PASS	13	13	13	13	PASS	False	PASS	13	PASS	
Lotus_Scripts_OrokinTrialPower.lua_B	True	True	True	False	False	2	PASS	4	4	4	4	PASS	False	FAIL	3	FAIL	
Lotus_Scripts_OverloadStructure.lua_B	True	True	True	True	True	1	PASS	6	6	6	6	None	False	PASS	6	None	
Lotus_Scripts_OverrideHome.lua_B	True	True	True	True	True	1	PASS	2	2	2	2	None	False	PASS	2	None	
Lotus_Scripts_OverrideMaterials.lua_B	True	True	True	False	False	2	PASS	18	18	18	18	PASS	False	PASS	18	PASS	
Lotus_Scripts_OverrideTransmissionMood.lua_B	True	True	True	True	True	1	PASS	3	3	3	3	None	False	PASS	3	None	
Lotus_Scripts_PaintBot.lua_B	True	True	True	False	False	2	PASS	14	14	14	14	PASS	False	FAIL	13	FAIL	
Lotus_Scripts_PanicButton.lua_B	True	True	True	False	False	3	PASS	24	24	24	24	PASS	False	PASS	24	PASS	
Lotus_Scripts_ParazonEmote.lua_B	True	True	True	True	True	1	PASS	4	4	4	4	None	False	PASS	4	None	
Lotus_Scripts_PercentDamageTrigger.lua_B	True	True	True	True	True	1	PASS	2	2	2	2	None	False	PASS	2	None	
Lotus_Scripts_PeriodicTransmissionTrigger.lua_B	True	True	True	True	True	1	PASS	2	2	2	2	None	False	PASS	2	None	
Lotus_Scripts_PersonalQuarters.lua_B	True	True	True	False	False	2	PASS	8	8	8	8	PASS	False	PASS	8	PASS	
Lotus_Scripts_PhalanxBursaShieldAura.lua_B	True	True	True	True	True	1	PASS	3	3	3	3	None	False	PASS	3	None	
Lotus_Scripts_PhotoboothMisc.lua_B	True	True	True	True	True	1	PASS	9	9	9	9	None	False	PASS	9	None	
Lotus_Scripts_PickupExpiryPulse.lua_B	True	True	True	True	True	1	PASS	2	2	2	2	None	False	PASS	2	None	
Lotus_Scripts_PickUpMeleeTreeSwap.lua_B	True	True	True	True	True	1	PASS	2	2	2	2	None	False	PASS	2	None	
Lotus_Scripts_PickupOrbDrop.lua_B	True	True	True	True	True	1	PASS	2	2	2	2	None	False	PASS	2	None	
Lotus_Scripts_PlantSpawner.lua_B	True	True	True	False	False	2	PASS	6	6	6	6	PASS	False	PASS	6	PASS	
Lotus_Scripts_Platform.lua_B	True	True	True	False	False	None	PASS	4	4	4	4	None	False	PASS	4	None	
Lotus_Scripts_PlayAnimOnLotus.lua_B	True	True	True	False	False	2	PASS	3	3	3	3	PASS	False	PASS	3	PASS	
Lotus_Scripts_PlayAnimOnObject.lua_B	True	True	True	True	True	1	PASS	4	4	4	4	None	False	PASS	4	None	
Lotus_Scripts_PlayerScript.lua_B	True	True	True	True	True	1	PASS	10	10	10	10	None	False	PASS	10	None	
Lotus_Scripts_PlayerShip.lua_B	True	True	True	False	False	2	FAIL	48	49	48	69	FAIL	False	FAIL	43	FAIL	
Lotus_Scripts_PlayerShipLights.lua_B	True	True	True	False	False	2	PASS	6	6	6	6	PASS	False	PASS	6	PASS	
Lotus_Scripts_PlayerShipMachineState.lua_B	True	True	True	False	False	2	PASS	8	8	8	8	PASS	False	FAIL	7	FAIL	
Lotus_Scripts_PlayInstrument.lua_B	True	True	True	True	True	1	PASS	10	10	10	10	None	False	PASS	10	None	
Lotus_Scripts_PlayShipSound.lua_B	True	True	True	True	True	1	PASS	5	5	5	5	None	False	PASS	5	None	
Lotus_Scripts_PortraitTinter.lua_B	True	True	True	True	True	1	PASS	2	2	2	2	None	False	PASS	2	None	
Lotus_Scripts_PostJunctionCinematic.lua_B	True	True	True	True	True	1	PASS	4	4	4	4	None	False	PASS	4	None	
Lotus_Scripts_PostProcess.lua_B	True	True	True	True	True	1	PASS	3	3	3	3	None	False	PASS	3	None	
Lotus_Scripts_PostProcess_BasePostProcessFade.lua_B	True	True	True	False	False	2	PASS	3	3	3	3	PASS	False	PASS	3	PASS	
Lotus_Scripts_PostProcess_SetFade.lua_B	True	True	True	False	False	2	PASS	4	4	4	4	PASS	False	PASS	4	PASS	
Lotus_Scripts_PowerRift.lua_B	True	True	True	False	False	2	PASS	18	18	18	18	PASS	False	PASS	18	PASS	
Lotus_Scripts_Precipitation.lua_B	True	True	True	False	False	2	PASS	4	4	4	4	PASS	False	FAIL	3	FAIL	
Lotus_Scripts_PrepareDemoCinematics.lua_B	True	True	True	False	False	2	PASS	36	36	36	36	PASS	False	PASS	36	PASS	
Lotus_Scripts_PrepareGolemIntroCinematic.lua_B	True	True	True	True	True	1	PASS	16	16	16	16	None	False	PASS	16	None	
Lotus_Scripts_PrimeEffect.lua_B	True	True	True	True	True	1	PASS	2	2	2	2	None	False	PASS	2	None	
Lotus_Scripts_PrimeVaultDialog.lua_B	True	True	True	False	False	2	PASS	8	8	8	8	PASS	False	PASS	8	PASS	
Lotus_Scripts_PrimeVaultTrader.lua_B	True	True	True	False	False	2	PASS	32	32	32	32	PASS	False	PASS	32	PASS	
Lotus_Scripts_ProceduralLevel.lua_B	True	True	True	False	False	3	PASS	67	67	67	67	PASS	False	FAIL	63	FAIL	
Lotus_Scripts_ProceduralSpawnSetup.lua_B	True	True	True	False	False	2	PASS	2	2	2	2	PASS	False	PASS	2	PASS	
Lotus_Scripts_ProcTest.lua_B	True	True	True	True	True	1	PASS	6	6	6	6	None	False	PASS	6	None	
Lotus_Scripts_ProjectileLingeringAoe.lua_B	True	True	True	True	True	1	PASS	2	2	2	2	None	False	PASS	2	None	
Lotus_Scripts_ProsecutorEvent.lua_B	True	True	True	False	False	2	PASS	5	5	5	5	PASS	False	PASS	5	PASS	
Lotus_Scripts_PusAncientDamageResponse.lua_B	True	True	True	True	True	1	PASS	4	4	4	4	None	False	PASS	4	None	
Lotus_Scripts_PveCTFTransmissions.lua_B	True	True	True	False	False	2	PASS	18	18	18	18	PASS	False	FAIL	17	FAIL	
Lotus_Scripts_PveTDMTransmissions.lua_B	True	True	True	False	False	2	PASS	13	13	13	13	PASS	False	FAIL	11	FAIL	
Lotus_Scripts_PVP_AmmoPickup.lua_B	True	True	True	True	True	1	PASS	3	3	3	3	None	False	PASS	3	None	
Lotus_Scripts_PVP_DamageTracking.lua_B	True	True	True	False	False	3	PASS	4	4	4	4	PASS	False	FAIL	3	FAIL	
Lotus_Scripts_PVP_EnergySpawner.lua_B	True	True	True	False	False	2	PASS	5	5	5	5	PASS	False	PASS	5	PASS	
Lotus_Scripts_PVP_Events_PVPEventCommon.lua_B	True	True	True	True	True	1	PASS	7	7	7	7	None	False	PASS	7	None	
Lotus_Scripts_PVP_Events_PVPEventElimination.lua_B	True	True	True	True	True	1	PASS	4	4	4	4	None	False	PASS	4	None	
Lotus_Scripts_PVP_Events_PVPEventPriorityTarget.lua_B	True	True	True	True	True	1	PASS	1	1	1	1	None	False	PASS	1	None	
Lotus_Scripts_PVP_FightingGameRules.lua_B	True	True	True	False	False	2	PASS	31	31	31	31	PASS	False	FAIL	30	FAIL	
Lotus_Scripts_PVP_HealthSpawner.lua_B	True	True	True	True	True	1	PASS	3	3	3	3	None	False	PASS	3	None	
Lotus_Scripts_PVP_KillConfirmed.lua_B	True	True	True	False	False	2	PASS	3	3	3	3	PASS	False	PASS	3	PASS	
Lotus_Scripts_PVP_PVPCaptureFlag.lua_B	True	True	True	False	False	2	PASS	50	50	50	50	PASS	False	PASS	50	PASS	
Lotus_Scripts_PVP_PVPCaptureFlagPost.lua_B	True	True	True	True	True	1	PASS	2	2	2	2	None	False	PASS	2	None	
Lotus_Scripts_PVP_PvpCephalonVoice.lua_B	True	True	True	False	False	2	PASS	7	7	7	7	PASS	False	PASS	7	PASS	
Lotus_Scripts_PVP_PVPCommon.lua_B	True	True	True	False	False	2	PASS	85	85	85	85	PASS	False	PASS	85	PASS	
Lotus_Scripts_PVP_PvpCommonGameRules.lua_B	True	True	True	True	True	1	PASS	28	28	28	28	None	False	PASS	28	None	
Lotus_Scripts_PVP_PVPDeathMatch.lua_B	True	True	True	False	False	2	PASS	33	33	33	33	PASS	False	PASS	33	PASS	
Lotus_Scripts_PVP_PVPHelper.lua_B	True	True	True	False	False	3	PASS	14	14	14	14	PASS	False	FAIL	13	FAIL	
Lotus_Scripts_PVP_PvpProjectileDot.lua_B	True	True	True	True	True	1	PASS	2	2	2	2	None	False	PASS	2	None	
Lotus_Scripts_PVP_PVPSpeedBall.lua_B	True	True	True	False	False	2	PASS	86	86	86	86	PASS	False	PASS	86	PASS	
Lotus_Scripts_PVP_PVPTeam.lua_B	True	True	True	False	False	2	PASS	36	36	36	36	PASS	False	PASS	36	PASS	
Lotus_Scripts_PVP_PVPTeamDeathMatch.lua_B	True	True	True	False	False	2	PASS	12	12	12	12	PASS	False	FAIL	11	FAIL	
Lotus_Scripts_PVP_PvpTurret.lua_B	True	True	True	False	False	2	PASS	5	5	5	5	PASS	False	PASS	5	PASS	
Lotus_Scripts_PVP_SpeedBall_LunaroBall.lua_B	True	True	True	True	True	1	PASS	2	2	2	2	None	False	PASS	2	None	
Lotus_Scripts_PVP_SpeedBall_LunaroTutorial.lua_B	True	True	True	True	True	1	PASS	2	2	2	2	None	False	PASS	2	None	
Lotus_Scripts_PVP_SpeedBall_ScoreHole.lua_B	True	True	True	True	True	1	PASS	3	3	3	3	None	False	PASS	3	None	
Lotus_Scripts_PVP_SpeedBall_StartTransmission.lua_B	True	True	True	True	True	1	PASS	2	2	2	2	None	False	PASS	2	None	
Lotus_Scripts_QuestMissionSetup.lua_B	True	True	True	False	False	3	PASS	60	60	60	60	FAIL	False	FAIL	53	FAIL	
Lotus_Scripts_Quests_1999_1999Cinematics.lua_B	True	True	True	True	True	1	PASS	17	17	17	17	None	False	PASS	17	None	
Lotus_Scripts_Quests_1999_1999QuestKeyChain.lua_B	True	True	True	True	True	1	PASS	9	9	9	9	None	False	PASS	9	None	
Lotus_Scripts_Quests_1999_ConvoyMission.lua_B	True	True	True	False	False	2	PASS	29	29	29	29	PASS	False	FAIL	27	FAIL	
Lotus_Scripts_Quests_1999_ConvoyScript.lua_B	True	True	True	True	True	1	PASS	11	11	11	11	None	False	PASS	11	None	
Lotus_Scripts_Quests_1999_FuturePast.lua_B	True	True	True	False	False	2	PASS	32	32	32	32	PASS	False	PASS	32	PASS	
Lotus_Scripts_Quests_1999_HubMissions.lua_B	True	True	True	False	False	2	PASS	54	54	54	54	PASS	False	FAIL	53	FAIL	
Lotus_Scripts_Quests_1999_KalymosAnimation.lua_B	True	True	True	True	True	1	PASS	3	3	3	3	None	False	PASS	3	None	
Lotus_Scripts_Quests_1999_LasriaQuestLib.lua_B	True	True	True	False	False	2	PASS	53	53	53	53	PASS	False	PASS	53	PASS	
Lotus_Scripts_Quests_1999_LasriaQuestMission.lua_B	True	True	True	False	False	2	PASS	6	6	6	6	PASS	False	PASS	6	PASS	
Lotus_Scripts_Quests_1999_LasriaStreets.lua_B	True	True	True	False	False	2	PASS	42	42	42	42	PASS	False	FAIL	40	FAIL	
Lotus_Scripts_Quests_1999_MallIntro.lua_B	True	True	True	True	True	1	PASS	30	30	30	30	None	False	PASS	30	None	
Lotus_Scripts_Quests_1999_PartyOfADeathTime.lua_B	True	True	True	True	True	1	PASS	13	13	13	13	None	False	PASS	13	None	
Lotus_Scripts_Quests_1999_PartyOfALifeTime.lua_B	True	True	True	False	False	2	PASS	36	36	36	36	PASS	False	FAIL	35	FAIL	
Lotus_Scripts_Quests_1999_PartyPalEleanor.lua_B	True	True	True	False	False	3	PASS	40	40	40	40	PASS	False	PASS	40	FAIL	
Lotus_Scripts_Quests_1999_PartyPalQuincy.lua_B	True	True	True	False	False	2	PASS	26	26	26	26	PASS	False	PASS	26	PASS	
Lotus_Scripts_Quests_1999_PartyPalReactor.lua_B	True	True	True	False	False	2	PASS	35	35	35	35	PASS	False	PASS	35	PASS	
Lotus_Scripts_Quests_1999_PartyPals.lua_B	True	True	True	False	False	3	PASS	61	61	61	61	PASS	False	PASS	61	FAIL	
Lotus_Scripts_Quests_1999_PasswordGameAction.lua_B	True	True	True	False	False	2	PASS	2	2	2	2	PASS	False	PASS	2	PASS	
Lotus_Scripts_Quests_1999_Prologue_LotusEaterMission.lua_B	True	True	True	False	False	3	PASS	67	67	67	67	PASS	False	PASS	67	FAIL	
Lotus_Scripts_Quests_1999_Prologue_SetupHubLotus.lua_B	True	True	True	True	True	1	PASS	8	8	8	8	None	False	PASS	8	None	
Lotus_Scripts_Quests_1999_RideOrDie.lua_B	True	True	True	False	False	2	PASS	9	9	9	9	PASS	False	PASS	9	PASS	
Lotus_Scripts_Quests_1999_RotPod.lua_B	True	True	True	True	True	1	PASS	2	2	2	2	None	False	PASS	2	None	
Lotus_Scripts_Quests_1999_RusalkaTunnelSequence.lua_B	True	True	True	True	True	1	PASS	2	2	2	2	None	False	PASS	2	None	
Lotus_Scripts_Quests_1999_ShowTimeRemaining.lua_B	True	True	True	True	True	1	PASS	2	2	2	2	None	False	PASS	2	None	
Lotus_Scripts_Quests_1999_SnipingMinigame.lua_B	True	True	True	False	False	3	PASS	21	21	21	21	PASS	False	PASS	21	FAIL	
Lotus_Scripts_Quests_1999_SporeBusters.lua_B	True	True	True	True	True	1	PASS	3	3	3	3	None	False	PASS	3	None	
Lotus_Scripts_Quests_1999_ZooMission.lua_B	True	True	True	False	False	2	PASS	18	18	18	18	PASS	False	FAIL	16	FAIL	
Lotus_Scripts_Quests_Apostasy.lua_B	True	True	True	False	False	None	PASS	24	24	24	24	None	False	FAIL	22	None	
Lotus_Scripts_Quests_BardQuest.lua_B	True	True	True	False	False	2	PASS	30	30	30	30	PASS	False	FAIL	29	FAIL	
Lotus_Scripts_Quests_BardQuestFinalFight.lua_B	True	True	True	False	False	2	PASS	49	49	49	49	PASS	False	FAIL	48	FAIL	
Lotus_Scripts_Quests_BardQuestRelayIntro.lua_B	True	True	True	False	False	2	PASS	10	10	10	10	PASS	False	PASS	10	PASS	
Lotus_Scripts_Quests_BardQuestSentientKill.lua_B	True	True	True	True	True	1	PASS	2	2	2	2	None	False	PASS	2	None	
Lotus_Scripts_Quests_Chimera.lua_B	True	True	True	False	False	2	PASS	19	19	19	19	PASS	False	FAIL	18	FAIL	
Lotus_Scripts_Quests_ChimeraBallas.lua_B	True	True	True	False	False	2	PASS	16	16	16	16	PASS	False	PASS	16	FAIL	
Lotus_Scripts_Quests_ChimeraChase.lua_B	True	True	True	False	False	2	PASS	18	18	18	18	PASS	False	FAIL	17	FAIL	
Lotus_Scripts_Quests_ChimeraPlayerShip.lua_B	True	True	True	False	False	2	PASS	16	16	16	16	PASS	False	FAIL	14	FAIL	
Lotus_Scripts_Quests_ChimeraSword.lua_B	True	True	True	False	False	2	PASS	6	6	6	6	PASS	False	PASS	6	PASS	
Lotus_Scripts_Quests_CinematicOperatorVO.lua_B	True	True	True	True	True	1	PASS	2	2	2	2	None	False	PASS	2	None	
Lotus_Scripts_Quests_DragonQuest.lua_B	True	True	True	True	True	1	PASS	9	9	9	9	None	False	PASS	9	None	
Lotus_Scripts_Quests_DragonQuestGiveMissingItems.lua_B	True	True	True	False	False	2	PASS	5	5	5	5	PASS	False	PASS	5	PASS	
Lotus_Scripts_Quests_DuviriQuest.lua_B	True	True	True	False	False	2	PASS	14	14	14	14	PASS	False	PASS	14	PASS	
Lotus_Scripts_Quests_DuviriQuest_AngryEncounter.lua_B	True	True	True	False	False	3	FAIL	28	29	28	55	FAIL	False	FAIL	28	FAIL	
Lotus_Scripts_Quests_DuviriQuest_CaveIntroEncounter.lua_B	True	True	True	False	False	2	PASS	35	35	35	35	PASS	False	PASS	35	PASS	
Lotus_Scripts_Quests_DuviriQuest_DummyTriggerScript.lua_B	True	True	True	True	True	1	PASS	3	3	3	3	None	False	PASS	3	None	
Lotus_Scripts_Quests_DuviriQuest_DuviriParentCustomization.lua_B	True	True	True	False	False	2	PASS	3	3	3	3	PASS	False	PASS	3	PASS	
Lotus_Scripts_Quests_DuviriQuest_EncounterDioramas.lua_B	True	True	True	True	True	1	PASS	3	3	3	3	None	False	PASS	3	None	
Lotus_Scripts_Quests_DuviriQuest_EnvyEncounter.lua_B	True	True	True	False	False	2	PASS	30	30	30	30	PASS	False	PASS	30	PASS	
Lotus_Scripts_Quests_DuviriQuest_HappyEncounter.lua_B	True	True	True	False	False	2	PASS	27	27	27	27	PASS	False	PASS	27	PASS	
Lotus_Scripts_Quests_DuviriQuest_InitializeChildOperator.lua_B	True	True	True	False	False	2	PASS	3	3	3	3	PASS	False	PASS	3	PASS	
Lotus_Scripts_Quests_DuviriQuest_OutroEncounter.lua_B	True	True	True	False	False	2	PASS	22	22	22	22	PASS	False	PASS	22	PASS	
Lotus_Scripts_Quests_DuviriQuest_ParadoxQuestUtil.lua_B	True	True	True	False	False	3	PASS	78	78	78	78	PASS	False	PASS	78	PASS	
Lotus_Scripts_Quests_DuviriQuest_SaveTeshinEncounter.lua_B	True	True	True	False	False	2	PASS	35	35	35	35	PASS	False	PASS	35	PASS	
Lotus_Scripts_Quests_DuviriQuest_SetupWarframes.lua_B	True	True	True	True	True	1	PASS	2	2	2	2	None	False	PASS	2	None	
Lotus_Scripts_Quests_DuviriQuest_UndercroftEncounter.lua_B	True	True	True	False	False	2	PASS	38	38	38	38	PASS	False	FAIL	34	FAIL	
Lotus_Scripts_Quests_DuviriQuest_UndercroftLoopEncounter.lua_B	True	True	True	False	False	2	PASS	31	31	31	31	PASS	False	PASS	31	PASS	
Lotus_Scripts_Quests_DuviriQuestHelper.lua_B	True	True	True	True	True	1	PASS	2	2	2	2	None	False	PASS	2	None	
Lotus_Scripts_Quests_EndoQuest.lua_B	True	True	True	True	True	1	PASS	5	5	5	5	None	False	PASS	5	None	
Lotus_Scripts_Quests_EntratiLab_BackToTheFuture.lua_B	True	True	True	False	True	2	PASS	14	14	14	14	PASS	False	FAIL	13	FAIL	
Lotus_Scripts_Quests_EntratiLab_CoHEndingCinematic.lua_B	True	True	True	True	True	1	PASS	5	5	5	5	None	False	PASS	5	None	
Lotus_Scripts_Quests_EntratiLab_DefendLab.lua_B	True	True	True	False	True	2	PASS	18	18	18	18	PASS	False	FAIL	16	FAIL	
Lotus_Scripts_Quests_EntratiLab_DroneTextBox.lua_B	True	True	True	True	True	1	PASS	5	5	5	5	None	False	PASS	5	None	
Lotus_Scripts_Quests_EntratiLab_EntratiQuestCalmLikeABomb.lua_B	True	True	True	False	False	2	FAIL	56	58	56	58	FAIL	False	FAIL	57	FAIL	
Lotus_Scripts_Quests_EntratiLab_EntratiQuestCinematics.lua_B	True	True	True	True	True	1	PASS	13	13	13	13	None	False	PASS	13	None	
Lotus_Scripts_Quests_EntratiLab_EntratiQuestDefense.lua_B	True	True	True	True	True	1	PASS	6	6	6	6	None	False	PASS	6	None	
Lotus_Scripts_Quests_EntratiLab_EntratiQuestExterminate.lua_B	True	True	True	False	False	2	PASS	7	7	7	7	PASS	False	PASS	7	PASS	
Lotus_Scripts_Quests_EntratiLab_EntratiQuestKeyChain.lua_B	True	True	True	False	False	2	PASS	21	21	21	21	PASS	False	PASS	21	PASS	
Lotus_Scripts_Quests_EntratiLab_EntratiQuestNecraliskIntro.lua_B	True	True	True	False	False	2	PASS	25	25	25	25	PASS	False	FAIL	24	FAIL	
Lotus_Scripts_Quests_EntratiLab_EntratiQuestPreReqs.lua_B	True	True	True	True	True	1	PASS	3	3	3	3	None	False	PASS	3	None	
Lotus_Scripts_Quests_EntratiLab_EntratiQuestSearchForLoid.lua_B	True	True	True	False	False	2	FAIL	33	34	33	34	FAIL	False	FAIL	33	FAIL	
Lotus_Scripts_Quests_EntratiLab_EntratiQuestStreamToLasria.lua_B	True	True	True	True	True	1	PASS	3	3	3	3	None	False	PASS	3	None	
Lotus_Scripts_Quests_EntratiLab_EntratiQuestUtil.lua_B	True	True	True	False	False	3	PASS	68	68	68	68	PASS	False	FAIL	67	FAIL	
Lotus_Scripts_Quests_EntratiLab_EntratiQuestVaults.lua_B	True	True	True	False	False	2	PASS	6	6	6	6	PASS	False	PASS	6	PASS	
Lotus_Scripts_Quests_EntratiLab_EntratiStreamingAnimation.lua_B	True	True	True	True	True	1	PASS	3	3	3	3	None	False	PASS	3	None	
Lotus_Scripts_Quests_EntratiLab_EntratiVials.lua_B	True	True	True	False	False	2	PASS	11	11	11	11	PASS	False	PASS	11	PASS	
Lotus_Scripts_Quests_EntratiLab_EvilTwin.lua_B	True	True	True	True	True	1	PASS	5	5	5	5	None	False	PASS	5	None	
Lotus_Scripts_Quests_EntratiLab_ExamineAnimals.lua_B	True	True	True	False	True	2	PASS	14	14	14	14	PASS	False	FAIL	12	FAIL	
Lotus_Scripts_Quests_EntratiLab_HubBlairWitch.lua_B	True	True	True	True	True	1	PASS	16	16	16	16	None	False	FAIL	14	None	
Lotus_Scripts_Quests_EntratiLab_HubFindVoice.lua_B	True	True	True	False	False	2	PASS	18	18	18	18	PASS	False	FAIL	17	FAIL	
Lotus_Scripts_Quests_EntratiLab_HubFulfillSequence.lua_B	True	True	True	True	True	1	PASS	22	22	22	22	None	False	FAIL	20	None	
Lotus_Scripts_Quests_EntratiLab_HumanLoidAgent.lua_B	True	True	True	True	True	1	PASS	3	3	3	3	None	False	PASS	3	None	
Lotus_Scripts_Quests_EntratiLab_NecramechControl.lua_B	True	True	True	False	False	None	PASS	49	49	49	49	None	False	FAIL	46	None	
Lotus_Scripts_Quests_EntratiLab_PlayAnimationOnTarget.lua_B	True	True	True	False	False	2	PASS	6	6	6	6	PASS	False	PASS	6	PASS	
Lotus_Scripts_Quests_EntratiLab_PostQuestDoor.lua_B	True	True	True	False	False	2	PASS	4	4	4	4	PASS	False	PASS	4	PASS	
Lotus_Scripts_Quests_EntratiLab_Runner1999Randomizer.lua_B	True	True	True	False	False	2	PASS	2	2	2	2	PASS	False	PASS	2	PASS	
Lotus_Scripts_Quests_EntratiLab_SandSpawner.lua_B	True	True	True	False	False	2	PASS	3	3	3	3	PASS	False	FAIL	2	FAIL	
Lotus_Scripts_Quests_EntratiLab_SpawnEximus.lua_B	True	True	True	False	False	2	PASS	4	4	4	4	PASS	False	PASS	4	PASS	
Lotus_Scripts_Quests_EntratiLab_VesselHeadTrack.lua_B	True	True	True	False	False	2	PASS	2	2	2	2	PASS	False	PASS	2	PASS	
Lotus_Scripts_Quests_ExtraRewards.lua_B	True	True	True	False	False	2	PASS	8	8	8	8	PASS	False	PASS	8	PASS	
Lotus_Scripts_Quests_GetClem.lua_B	True	True	True	True	True	1	PASS	6	6	6	6	None	False	PASS	6	None	
Lotus_Scripts_Quests_GlassFrameQuestMissions.lua_B	True	True	True	False	False	2	PASS	9	9	9	9	PASS	False	PASS	9	PASS	
Lotus_Scripts_Quests_GlassQuest.lua_B	True	True	True	False	False	2	PASS	53	53	53	53	PASS	False	FAIL	51	FAIL	
Lotus_Scripts_Quests_GolemJordas.lua_B	True	True	True	True	True	1	PASS	3	3	3	3	None	False	PASS	3	None	
Lotus_Scripts_Quests_HunhowOctavia.lua_B	True	True	True	True	True	1	PASS	3	3	3	3	None	False	PASS	3	None	
Lotus_Scripts_Quests_InfestedMicroplanetM2.lua_B	True	True	True	False	False	2	PASS	14	14	14	14	PASS	False	PASS	14	PASS	
Lotus_Scripts_Quests_InfestedMicroplanetM3.lua_B	True	True	True	False	False	2	PASS	31	31	31	31	PASS	False	PASS	31	PASS	
Lotus_Scripts_Quests_InfestedMicroPlanetM4.lua_B	True	True	True	False	False	2	PASS	27	27	27	27	PASS	False	FAIL	25	FAIL	
Lotus_Scripts_Quests_InfestedMicroplanetM5.lua_B	True	True	True	False	False	2	PASS	15	15	15	15	PASS	False	PASS	15	PASS	
Lotus_Scripts_Quests_InfestedMicroplanetM6.lua_B	True	True	True	False	False	2	PASS	18	18	18	18	PASS	False	FAIL	17	FAIL	
Lotus_Scripts_Quests_InfestedMicroplanetQuest.lua_B	True	True	True	False	False	3	PASS	7	7	7	7	PASS	False	FAIL	6	FAIL	
Lotus_Scripts_Quests_InfestedMicroplanetQuestTown.lua_B	True	True	True	False	False	2	PASS	26	26	26	26	PASS	False	FAIL	25	FAIL	
Lotus_Scripts_Quests_JadeShadow_JadeShadowsQuestKeyChain.lua_B	True	True	True	False	False	2	PASS	12	12	12	12	PASS	False	PASS	12	PASS	
Lotus_Scripts_Quests_JadeShadow_JadeShadowsQuestPreReqs.lua_B	True	True	True	True	True	1	PASS	3	3	3	3	None	False	PASS	3	None	
Lotus_Scripts_Quests_JadeShadow_JadeShadowsStage1.lua_B	True	True	True	False	False	2	PASS	21	21	21	21	PASS	False	PASS	21	PASS	
Lotus_Scripts_Quests_JadeShadow_JadeShadowsStage2.lua_B	True	True	True	False	False	2	PASS	24	24	24	24	PASS	False	PASS	24	PASS	
Lotus_Scripts_Quests_JadeShadow_JadeShadowsStage3.lua_B	True	True	True	True	True	1	PASS	23	23	23	23	None	False	PASS	23	None	
Lotus_Scripts_Quests_JadeShadow_JadeShadowsStage4.lua_B	True	True	True	False	False	2	PASS	31	31	31	31	PASS	False	FAIL	30	FAIL	
Lotus_Scripts_Quests_JadeShadow_JadeShadowsStage5.lua_B	True	True	True	False	False	2	PASS	10	10	10	10	PASS	False	PASS	10	PASS	
Lotus_Scripts_Quests_JadeShadow_JadeShadowsStage6.lua_B	True	True	True	False	False	2	PASS	24	24	24	24	PASS	False	FAIL	23	FAIL	
Lotus_Scripts_Quests_JadeShadow_JadeShadowsStage7.lua_B	True	True	True	False	False	2	PASS	20	20	20	20	PASS	False	FAIL	19	FAIL	
Lotus_Scripts_Quests_JadeShadow_JadeShadowsStage8.lua_B	True	True	True	False	False	2	PASS	13	13	13	13	PASS	False	PASS	13	PASS	
Lotus_Scripts_Quests_JadeShadow_JadeShadowsUtil.lua_B	True	True	True	False	False	3	PASS	79	79	79	79	PASS	False	PASS	79	FAIL	
Lotus_Scripts_Quests_JadeShadowsPart2Quest_GarudaSpy_JadeShadowsPart2VenaBossBloodAltar.lua_B	True	True	True	False	False	3	PASS	14	14	14	14	PASS	False	PASS	14	FAIL	
Lotus_Scripts_Quests_JadeShadowsPart2Quest_JadeMockeryChoirPool.lua_B	True	True	True	False	False	2	PASS	28	28	28	28	PASS	False	PASS	28	PASS	
Lotus_Scripts_Quests_JadeShadowsPart2Quest_JadeShadowsPart2CinematicCapitalShipSwitcher.lua_B	True	True	True	True	True	1	PASS	2	2	2	2	None	False	PASS	2	None	
Lotus_Scripts_Quests_JadeShadowsPart2Quest_JadeShadowsPart2JadeMockeryBossSetup.lua_B	True	True	True	False	False	2	PASS	21	21	21	21	PASS	False	PASS	21	PASS	
Lotus_Scripts_Quests_JadeShadowsPart2Quest_JadeShadowsPart2QuestKeyChain.lua_B	True	True	True	False	False	2	PASS	12	12	12	12	PASS	False	FAIL	11	FAIL	
Lotus_Scripts_Quests_JadeShadowsPart2Quest_JadeShadowsPart2Stage10JadeMockery.lua_B	True	True	True	False	False	2	PASS	12	12	12	12	PASS	False	PASS	12	PASS	
Lotus_Scripts_Quests_JadeShadowsPart2Quest_JadeShadowsPart2Stage12FamilyUnited.lua_B	True	True	True	False	False	2	PASS	32	32	32	32	PASS	False	FAIL	30	FAIL	
Lotus_Scripts_Quests_JadeShadowsPart2Quest_JadeShadowsPart2Stage1Headhunting.lua_B	True	True	True	False	False	2	PASS	29	29	29	29	PASS	False	PASS	29	PASS	
Lotus_Scripts_Quests_JadeShadowsPart2Quest_JadeShadowsPart2Stage3HideAndSeek.lua_B	True	True	True	False	False	2	PASS	22	22	22	22	PASS	False	PASS	22	PASS	
Lotus_Scripts_Quests_JadeShadowsPart2Quest_JadeShadowsPart2Stage4StalkingTheUnknown.lua_B	True	True	True	False	False	2	PASS	11	11	11	11	PASS	False	FAIL	10	FAIL	
Lotus_Scripts_Quests_JadeShadowsPart2Quest_JadeShadowsPart2StageInterludes.lua_B	True	True	True	False	False	2	PASS	29	29	29	29	PASS	False	FAIL	28	FAIL	
Lotus_Scripts_Quests_JadeShadowsPart2Quest_JadeShadowsPart2StageSidekicksAshCapture.lua_B	True	True	True	False	False	2	PASS	20	20	20	20	PASS	False	FAIL	19	FAIL	
Lotus_Scripts_Quests_JadeShadowsPart2Quest_JadeShadowsPart2StageSidekicksGarudaSpy.lua_B	True	True	True	False	False	2	PASS	19	19	19	19	PASS	False	FAIL	18	FAIL	
Lotus_Scripts_Quests_JadeShadowsPart2Quest_JadeShadowsPart2Util.lua_B	True	True	True	False	False	3	PASS	25	25	25	25	PASS	False	FAIL	23	FAIL	
Lotus_Scripts_Quests_JordasPodTestMission.lua_B	True	True	True	True	True	1	PASS	7	7	7	7	None	False	FAIL	6	None	
Lotus_Scripts_Quests_KahlQuest.lua_B	True	True	True	False	False	2	PASS	6	6	6	6	PASS	False	PASS	6	PASS	
Lotus_Scripts_Quests_KubrowQuestMissionTwo.lua_B	True	True	True	True	True	1	PASS	9	9	9	9	None	False	FAIL	5	None	
Lotus_Scripts_Quests_LimboQuest.lua_B	True	True	True	True	True	1	PASS	7	7	7	7	None	False	PASS	7	None	
Lotus_Scripts_Quests_LoadQuestMissionKey.lua_B	True	True	True	False	False	2	PASS	7	7	7	7	PASS	False	PASS	7	PASS	
Lotus_Scripts_Quests_MawBugsBunny.lua_B	True	True	True	False	False	2	PASS	8	8	8	8	PASS	False	PASS	8	PASS	
Lotus_Scripts_Quests_MissionCameraShake.lua_B	True	True	True	True	True	1	PASS	3	3	3	3	None	False	PASS	3	None	
Lotus_Scripts_Quests_ModQuest_ModQuestCorpusShip.lua_B	True	True	True	False	False	2	PASS	28	28	28	28	PASS	False	PASS	28	PASS	
Lotus_Scripts_Quests_ModQuest_ModQuestDropship.lua_B	True	True	True	True	True	1	PASS	2	2	2	2	None	False	PASS	2	None	
Lotus_Scripts_Quests_ModQuest_ModQuestEffects.lua_B	True	True	True	True	True	1	PASS	2	2	2	2	None	False	PASS	2	None	
Lotus_Scripts_Quests_ModQuest_ModQuestForest.lua_B	True	True	True	False	False	2	PASS	18	18	18	18	PASS	False	FAIL	15	FAIL	
Lotus_Scripts_Quests_ModQuest_ModQuestIntroCinDayNight.lua_B	True	True	True	False	False	2	PASS	15	15	15	15	PASS	False	PASS	15	PASS	
Lotus_Scripts_Quests_ModQuest_ModQuestLevelDesignScriptLib.lua_B	True	True	True	False	False	2	PASS	12	12	12	12	PASS	False	PASS	12	PASS	
Lotus_Scripts_Quests_ModQuest_ModQuestTeshinDojo.lua_B	True	True	True	False	False	2	PASS	56	56	56	56	PASS	False	FAIL	54	FAIL	
Lotus_Scripts_Quests_ModQuest_ModQuestTeshinDojoCameraShake.lua_B	True	True	True	True	True	1	PASS	4	4	4	4	None	False	PASS	4	None	
Lotus_Scripts_Quests_ModQuest_TeshinCapture.lua_B	True	True	True	False	False	2	PASS	5	5	5	5	PASS	False	PASS	5	PASS	
Lotus_Scripts_Quests_ModQuest_TeshinDojoAgent.lua_B	True	True	True	False	False	2	PASS	12	12	12	12	PASS	False	PASS	12	PASS	
Lotus_Scripts_Quests_ModQuest_TeshinTargetDrone.lua_B	True	True	True	True	True	1	PASS	3	3	3	3	None	False	PASS	3	None	
Lotus_Scripts_Quests_ModQuest_TheOldWays.lua_B	True	True	True	False	False	None	PASS	14	14	14	14	None	False	FAIL	13	None	
Lotus_Scripts_Quests_MummyQuest.lua_B	True	True	True	False	False	2	PASS	19	19	19	19	PASS	False	PASS	19	PASS	
Lotus_Scripts_Quests_MummyQuestBosses.lua_B	True	True	True	False	False	2	PASS	5	5	5	5	PASS	False	PASS	5	PASS	
Lotus_Scripts_Quests_MummyQuestEffects.lua_B	True	True	True	True	True	1	PASS	6	6	6	6	None	False	PASS	6	None	
Lotus_Scripts_Quests_NewWar_FlyByBomber.lua_B	True	True	True	True	True	1	PASS	2	2	2	2	None	False	PASS	2	None	
Lotus_Scripts_Quests_NewWar_MaskTransmission.lua_B	True	True	True	True	True	1	PASS	2	2	2	2	None	False	PASS	2	None	
Lotus_Scripts_Quests_NewWar_NewWarIntro.lua_B	True	True	True	False	False	2	PASS	6	6	6	6	PASS	False	FAIL	5	FAIL	
Lotus_Scripts_Quests_NewWarQuest_InitializeAdultOperator.lua_B	True	True	True	False	False	2	PASS	5	5	5	5	PASS	False	PASS	5	PASS	
Lotus_Scripts_Quests_NewWarQuest_MedusaGates.lua_B	True	True	True	False	False	3	PASS	19	19	19	19	PASS	False	FAIL	17	FAIL	
Lotus_Scripts_Quests_NewWarQuest_NarmerOutpostSniper.lua_B	True	True	True	False	False	2	PASS	5	5	5	5	PASS	False	PASS	5	PASS	
Lotus_Scripts_Quests_NewWarQuest_NarmerPrisonerRescue.lua_B	True	True	True	True	True	1	PASS	5	5	5	5	None	False	PASS	5	None	
Lotus_Scripts_Quests_NewWarQuest_NewWarEmptyLevelResouceHolders.lua_B	True	True	True	True	True	1	PASS	2	2	2	2	None	False	PASS	2	None	
Lotus_Scripts_Quests_NewWarQuest_NewWarLotusStruggle.lua_B	True	True	True	False	False	2	PASS	10	10	10	10	PASS	False	FAIL	9	FAIL	
Lotus_Scripts_Quests_NewWarQuest_NewWarPart1KahlMission.lua_B	True	True	True	False	False	2	PASS	46	46	46	46	PASS	False	FAIL	43	FAIL	
Lotus_Scripts_Quests_NewWarQuest_NewWarPart1RJLogic.lua_B	True	True	True	False	False	2	PASS	26	26	26	26	PASS	False	PASS	26	PASS	
Lotus_Scripts_Quests_NewWarQuest_NewWarPart1StarWarsMission.lua_B	True	True	True	False	False	2	PASS	30	30	30	30	PASS	False	PASS	30	PASS	
Lotus_Scripts_Quests_NewWarQuest_NewWarPart1TeshinMission.lua_B	True	True	True	False	False	3	PASS	94	94	94	94	PASS	False	FAIL	93	FAIL	
Lotus_Scripts_Quests_NewWarQuest_NewWarPart1VesoBetrayerMission.lua_B	True	True	True	False	False	2	PASS	63	63	63	63	PASS	False	FAIL	62	FAIL	
Lotus_Scripts_Quests_NewWarQuest_NewWarPart2ArchonMission.lua_B	True	True	True	False	False	2	PASS	28	28	28	28	PASS	False	PASS	28	PASS	
Lotus_Scripts_Quests_NewWarQuest_NewWarPart2DrifterCamp.lua_B	True	True	True	False	False	2	PASS	16	16	16	16	PASS	False	PASS	16	PASS	
Lotus_Scripts_Quests_NewWarQuest_NewWarPart2LotusAttacks.lua_B	True	True	True	False	False	2	PASS	17	17	17	17	PASS	False	FAIL	15	FAIL	
Lotus_Scripts_Quests_NewWarQuest_NewWarPart2NarmerSeaLabs.lua_B	True	True	True	False	False	2	PASS	42	42	42	42	PASS	False	PASS	42	PASS	
Lotus_Scripts_Quests_NewWarQuest_NewWarPart2RiseOfNarmerMission.lua_B	True	True	True	False	False	2	PASS	41	41	41	41	PASS	False	PASS	41	PASS	
Lotus_Scripts_Quests_NewWarQuest_NewWarPart2StolenPlates.lua_B	True	True	True	False	False	2	PASS	50	50	50	50	PASS	False	PASS	50	PASS	
Lotus_Scripts_Quests_NewWarQuest_NewWarPart2Venus.lua_B	True	True	True	False	False	2	PASS	15	15	15	15	PASS	False	PASS	15	PASS	
Lotus_Scripts_Quests_NewWarQuest_NewWarPart2ZarimanHighschoolMusical.lua_B	True	True	True	False	False	2	PASS	25	25	25	25	PASS	False	FAIL	24	FAIL	
Lotus_Scripts_Quests_NewWarQuest_NewWarPart2ZarimanLockdown.lua_B	True	True	True	False	False	2	PASS	42	42	42	42	PASS	False	FAIL	41	FAIL	
Lotus_Scripts_Quests_NewWarQuest_NewWarPart3AlmostSevenSamurai.lua_B	True	True	True	False	False	3	PASS	62	62	62	62	PASS	False	FAIL	59	FAIL	
Lotus_Scripts_Quests_NewWarQuest_NewWarPart3Beanstalks.lua_B	True	True	True	False	False	3	PASS	63	63	63	63	PASS	False	FAIL	62	FAIL	
Lotus_Scripts_Quests_NewWarQuest_NewWarPart3Epilogue.lua_B	True	True	True	False	False	2	PASS	27	27	27	27	PASS	False	FAIL	26	FAIL	
Lotus_Scripts_Quests_NewWarQuest_NewWarPart3Erra.lua_B	True	True	True	False	False	3	PASS	36	36	36	36	PASS	False	FAIL	35	FAIL	
Lotus_Scripts_Quests_NewWarQuest_NewWarPart3HotMess.lua_B	True	True	True	False	False	2	PASS	50	50	50	50	PASS	False	PASS	50	PASS	
Lotus_Scripts_Quests_NewWarQuest_NewWarPart3Liset.lua_B	True	True	True	False	False	2	PASS	14	14	14	14	PASS	False	FAIL	13	FAIL	
Lotus_Scripts_Quests_NewWarQuest_NewWarPart3SunKiller.lua_B	True	True	True	False	False	2	FAIL	30	30	30	31	FAIL	False	PASS	31	PASS	
Lotus_Scripts_Quests_NewWarQuest_NewWarPart3TableForTwo.lua_B	True	True	True	False	False	3	PASS	54	54	54	54	PASS	False	FAIL	53	FAIL	
Lotus_Scripts_Quests_NewWarQuest_NewWarQuestKeychain.lua_B	True	True	True	False	False	2	PASS	39	39	39	39	PASS	False	FAIL	37	FAIL	
Lotus_Scripts_Quests_NewWarQuest_NewWarQuestPrereqs.lua_B	True	True	True	True	True	1	PASS	2	2	2	2	None	False	PASS	2	None	
Lotus_Scripts_Quests_NewWarQuest_NewWarSunkillerBeamFight.lua_B	True	True	True	False	False	2	PASS	5	5	5	5	PASS	False	PASS	5	PASS	
Lotus_Scripts_Quests_NewWarQuest_SntGrnPrisonerSpawner.lua_B	True	True	True	True	True	1	PASS	3	3	3	3	None	False	PASS	3	None	
Lotus_Scripts_Quests_NewWarQuest_ZarimanStudentCustomization.lua_B	True	True	True	False	False	2	PASS	4	4	4	4	PASS	False	FAIL	3	FAIL	
Lotus_Scripts_Quests_OperatorRespawn.lua_B	True	True	True	False	False	2	PASS	17	17	17	17	PASS	False	PASS	17	PASS	
Lotus_Scripts_Quests_OrdisOctavia.lua_B	True	True	True	False	False	2	PASS	2	2	2	2	PASS	False	PASS	2	PASS	
Lotus_Scripts_Quests_OrokinMoonQuest.lua_B	True	True	True	False	False	3	PASS	39	39	39	39	PASS	False	FAIL	38	FAIL	
Lotus_Scripts_Quests_OrokinMoonQuestEffects.lua_B	True	True	True	False	False	2	PASS	14	14	14	14	PASS	False	PASS	14	PASS	
Lotus_Scripts_Quests_PriestQuest.lua_B	True	True	True	False	False	2	PASS	34	34	34	34	PASS	False	PASS	34	PASS	
Lotus_Scripts_Quests_PriestQuestDeaconKinur.lua_B	True	True	True	False	False	2	PASS	12	12	12	12	PASS	False	PASS	12	PASS	
Lotus_Scripts_Quests_PriestQuestFight.lua_B	True	True	True	False	False	2	PASS	34	34	34	34	PASS	False	FAIL	32	FAIL	
Lotus_Scripts_Quests_PriestQuestGhostMission.lua_B	True	True	True	False	False	3	PASS	30	30	30	30	PASS	False	PASS	30	PASS	
Lotus_Scripts_Quests_PriestQuestIronWake.lua_B	True	True	True	False	False	2	PASS	22	22	22	22	PASS	False	PASS	22	PASS	
Lotus_Scripts_Quests_ProteaQuestFinalMission.lua_B	True	True	True	False	False	2	PASS	11	11	11	11	PASS	False	PASS	11	PASS	
Lotus_Scripts_Quests_ProteaQuestHub.lua_B	True	True	True	True	True	1	PASS	8	8	8	8	None	False	PASS	8	None	
Lotus_Scripts_Quests_ProteaQuestLib.lua_B	True	True	True	False	False	2	PASS	8	8	8	8	PASS	False	FAIL	6	FAIL	
Lotus_Scripts_Quests_ProteaQuestM1.lua_B	True	True	True	True	True	1	PASS	2	2	2	2	None	False	PASS	2	None	
Lotus_Scripts_Quests_ProteaQuestM2.lua_B	True	True	True	False	False	2	PASS	10	10	10	10	PASS	False	FAIL	9	FAIL	
Lotus_Scripts_Quests_ProteaQuestM3.lua_B	True	True	True	True	True	1	PASS	7	7	7	7	None	False	PASS	7	None	
Lotus_Scripts_Quests_ProteaQuestSpecter.lua_B	True	True	True	True	True	1	PASS	5	5	5	5	None	False	PASS	5	None	
Lotus_Scripts_Quests_QueenDecoAnimController.lua_B	True	True	True	False	False	2	PASS	7	7	7	7	PASS	False	PASS	7	PASS	
Lotus_Scripts_Quests_QueensBraid.lua_B	True	True	True	False	False	2	PASS	2	2	2	2	PASS	False	PASS	2	PASS	
Lotus_Scripts_Quests_QueensFight.lua_B	True	True	True	False	False	2	PASS	23	23	23	23	PASS	False	FAIL	22	FAIL	
Lotus_Scripts_Quests_QueensNullify.lua_B	True	True	True	False	False	2	PASS	3	3	3	3	PASS	False	PASS	3	PASS	
Lotus_Scripts_Quests_QuestBounty.lua_B	True	True	True	True	True	1	PASS	3	3	3	3	None	False	PASS	3	None	
Lotus_Scripts_Quests_RailjackKeyMission.lua_B	True	True	True	False	False	2	PASS	12	12	12	12	PASS	False	PASS	12	PASS	
Lotus_Scripts_Quests_RevenantMask.lua_B	True	True	True	False	False	2	PASS	13	13	13	13	PASS	False	FAIL	11	FAIL	
Lotus_Scripts_Quests_RevenantMaskCanUseShrine.lua_B	True	True	True	False	False	2	PASS	2	2	2	2	PASS	False	PASS	2	PASS	
Lotus_Scripts_Quests_RevenantMaskTown.lua_B	True	True	True	False	False	3	FAIL	5	5	5	8	FAIL	False	FAIL	5	FAIL	
Lotus_Scripts_Quests_RevenantQuest.lua_B	True	True	True	False	False	2	PASS	6	6	6	6	PASS	False	FAIL	5	FAIL	
Lotus_Scripts_Quests_SacrificeQuest.lua_B	True	True	True	False	False	2	PASS	45	45	45	45	PASS	False	FAIL	42	FAIL	
Lotus_Scripts_Quests_SacrificeQuestChaseUmbra.lua_B	True	True	True	False	False	2	PASS	40	40	40	40	PASS	False	FAIL	38	FAIL	
Lotus_Scripts_Quests_SacrificeQuestMemoryGame.lua_B	True	True	True	False	False	3	PASS	38	38	38	38	PASS	False	FAIL	36	FAIL	
Lotus_Scripts_Quests_SacrificeQuestPlayerShip.lua_B	True	True	True	False	False	2	PASS	32	32	32	32	PASS	False	FAIL	31	FAIL	
Lotus_Scripts_Quests_SolarisQuestBombEncounter.lua_B	True	True	True	False	False	2	PASS	19	19	19	19	PASS	False	FAIL	18	FAIL	
Lotus_Scripts_Quests_SolarisQuestMission.lua_B	True	True	True	False	False	2	PASS	16	16	16	16	PASS	False	FAIL	15	FAIL	
Lotus_Scripts_Quests_SolarisQuestTown.lua_B	True	True	True	False	False	2	PASS	38	38	38	38	PASS	False	PASS	38	PASS	
Lotus_Scripts_Quests_SpawnPointFunctions.lua_B	True	True	True	True	True	1	PASS	3	3	3	3	None	False	PASS	3	None	
Lotus_Scripts_Quests_SpawnQuestSongFragment.lua_B	True	True	True	True	True	1	PASS	4	4	4	4	None	False	PASS	4	None	
Lotus_Scripts_Quests_StreamShipQuestLayers.lua_B	True	True	True	False	False	2	PASS	8	8	8	8	PASS	False	PASS	8	PASS	
Lotus_Scripts_Quests_TauPrequel_ADISPlayFightScript.lua_B	True	True	True	False	False	2	PASS	29	29	29	29	PASS	False	FAIL	27	FAIL	
Lotus_Scripts_Quests_TauPrequel_BattleStationMission.lua_B	True	True	True	False	False	2	PASS	37	37	37	37	PASS	False	FAIL	36	FAIL	
Lotus_Scripts_Quests_TauPrequel_CannonShelling.lua_B	True	True	True	False	False	2	PASS	14	14	14	14	PASS	False	PASS	14	PASS	
Lotus_Scripts_Quests_TauPrequel_DaxNinjaAmbushBehavior.lua_B	True	True	True	False	False	2	PASS	7	7	7	7	PASS	False	PASS	7	PASS	
Lotus_Scripts_Quests_TauPrequel_EdensUltimatum.lua_B	True	True	True	False	False	3	PASS	57	57	57	57	PASS	False	FAIL	56	FAIL	
Lotus_Scripts_Quests_TauPrequel_EscortMission.lua_B	True	True	True	False	False	2	PASS	67	67	67	67	PASS	False	FAIL	66	FAIL	
Lotus_Scripts_Quests_TauPrequel_FuneralForAFriend.lua_B	True	True	True	False	False	2	PASS	23	23	23	23	PASS	False	FAIL	22	FAIL	
Lotus_Scripts_Quests_TauPrequel_InterrogationMission.lua_B	True	True	True	False	False	2	PASS	26	26	26	26	PASS	False	FAIL	25	FAIL	
Lotus_Scripts_Quests_TauPrequel_KillBetrayerMission.lua_B	True	True	True	False	False	3	PASS	39	39	39	39	PASS	False	FAIL	36	FAIL	
Lotus_Scripts_Quests_TauPrequel_MakvosCannon.lua_B	True	True	True	False	False	2	PASS	9	9	9	9	PASS	False	PASS	9	FAIL	
Lotus_Scripts_Quests_TauPrequel_MakvosDropship.lua_B	True	True	True	True	True	1	PASS	3	3	3	3	None	False	PASS	3	None	
Lotus_Scripts_Quests_TauPrequel_OldPeaceAdisUtil.lua_B	True	True	True	False	False	3	PASS	49	49	49	49	PASS	False	PASS	49	FAIL	
Lotus_Scripts_Quests_TauPrequel_OldPeaceBackToTheFront.lua_B	True	True	True	False	False	2	FAIL	64	64	64	66	FAIL	False	FAIL	61	FAIL	
Lotus_Scripts_Quests_TauPrequel_OldPeaceCinematics.lua_B	True	True	True	True	True	1	PASS	33	33	33	33	None	False	FAIL	32	None	
Lotus_Scripts_Quests_TauPrequel_OldPeaceEffects.lua_B	True	True	True	True	True	1	PASS	10	10	10	10	None	False	PASS	10	None	
Lotus_Scripts_Quests_TauPrequel_OldPeaceGiantKiller.lua_B	True	True	True	False	False	2	PASS	16	16	16	16	PASS	False	FAIL	14	FAIL	
Lotus_Scripts_Quests_TauPrequel_OldPeaceSpawnerUtil.lua_B	True	True	True	False	False	3	PASS	23	23	23	23	PASS	False	FAIL	21	FAIL	
Lotus_Scripts_Quests_TauPrequel_OldPeaceUtil.lua_B	True	True	True	False	False	2	PASS	22	22	22	22	PASS	False	PASS	22	PASS	
Lotus_Scripts_Quests_TauPrequel_OrbitalReleaseCaliban.lua_B	True	True	True	True	True	1	PASS	6	6	6	6	None	False	PASS	6	None	
Lotus_Scripts_Quests_TauPrequel_SomaticBearer.lua_B	True	True	True	False	False	None	PASS	33	33	33	33	None	False	FAIL	31	None	
Lotus_Scripts_Quests_TauPrequel_SomaticBearerEffects.lua_B	True	True	True	False	False	2	FAIL	15	15	15	17	FAIL	False	FAIL	14	FAIL	
Lotus_Scripts_Quests_TauPrequel_TauPrequelQuestKeyChain.lua_B	True	True	True	True	True	1	PASS	6	6	6	6	None	False	PASS	6	None	
Lotus_Scripts_Quests_TauPrequel_TauronAcademy.lua_B	True	True	True	False	False	2	PASS	25	25	25	25	PASS	False	FAIL	24	FAIL	
Lotus_Scripts_Quests_TauPrequel_TennadisIntermission.lua_B	True	True	True	True	True	1	PASS	2	2	2	2	None	False	PASS	2	None	
Lotus_Scripts_Quests_TauPrequel_TooFarMission.lua_B	True	True	True	False	False	2	PASS	24	24	24	24	PASS	False	FAIL	23	FAIL	
Lotus_Scripts_Quests_TauPrequel_WorldSeederDescent.lua_B	True	True	True	False	False	3	PASS	78	78	78	78	PASS	False	PASS	78	FAIL	
Lotus_Scripts_Quests_TauPrologue_BallasHologram.lua_B	True	True	True	True	True	1	PASS	7	7	7	7	None	False	PASS	7	None	
Lotus_Scripts_Quests_TauPrologue_TauPrologueAStage1.lua_B	True	True	True	False	False	2	PASS	24	24	24	24	PASS	False	PASS	24	PASS	
Lotus_Scripts_Quests_TauPrologue_TauPrologueCinematics.lua_B	True	True	True	True	True	1	PASS	10	10	10	10	None	False	PASS	10	None	
Lotus_Scripts_Quests_TauPrologue_TauPrologueEffects.lua_B	True	True	True	False	False	2	PASS	2	2	2	2	PASS	False	PASS	2	PASS	
Lotus_Scripts_Quests_TauPrologue_TauPrologueKeyChain.lua_B	True	True	True	False	False	2	PASS	8	8	8	8	PASS	False	PASS	8	PASS	
Lotus_Scripts_Quests_TauPrologue_VesselMission.lua_B	True	True	True	False	False	2	PASS	28	28	28	28	PASS	False	PASS	28	PASS	
Lotus_Scripts_Quests_TitaniaQuest.lua_B	True	True	True	False	False	None	PASS	17	17	17	17	None	False	FAIL	16	None	
Lotus_Scripts_Quests_WarWithinFortAi.lua_B	True	True	True	False	False	2	PASS	6	6	6	6	PASS	False	PASS	6	PASS	
Lotus_Scripts_Quests_WarWithinMawFlow.lua_B	True	True	True	False	False	2	PASS	39	39	39	39	PASS	False	PASS	39	PASS	
Lotus_Scripts_Quests_WarWithinQuest.lua_B	True	True	True	False	False	2	PASS	56	56	56	56	PASS	False	FAIL	55	FAIL	
Lotus_Scripts_Quests_WarWithinRewards.lua_B	True	True	True	True	True	1	PASS	7	7	7	7	None	False	PASS	7	None	
Lotus_Scripts_Quests_WraitheQuestM3.lua_B	True	True	True	False	False	None	FAIL	40	39	40	52	None	False	FAIL	39	None	
Lotus_Scripts_Quests_WraithQuestM1.lua_B	True	True	True	False	False	3	PASS	26	26	26	26	PASS	False	PASS	26	FAIL	
Lotus_Scripts_Quests_WraithQuestM2.lua_B	True	True	True	False	False	3	PASS	22	22	22	22	PASS	False	FAIL	21	FAIL	
Lotus_Scripts_Quests_YareliQuest.lua_B	True	True	True	False	False	2	PASS	37	37	37	37	PASS	False	PASS	37	FAIL	
Lotus_Scripts_Quests_ZarimanQuest_ZarimanMissionOne.lua_B	True	True	True	True	True	1	PASS	13	13	13	13	None	False	PASS	13	None	
Lotus_Scripts_Quests_ZarimanQuest_ZarimanQuest.lua_B	True	True	True	False	False	2	PASS	14	14	14	14	PASS	False	FAIL	13	FAIL	
Lotus_Scripts_Quests_ZarimanQuest_ZarimanQuestHub.lua_B	True	True	True	False	False	2	PASS	21	21	21	21	PASS	False	PASS	21	PASS	
Lotus_Scripts_QuicktimeEvent.lua_B	True	True	True	False	False	2	PASS	8	8	8	8	PASS	False	PASS	8	PASS	
Lotus_Scripts_RadioChatter.lua_B	True	True	True	False	False	2	PASS	24	24	24	24	PASS	False	FAIL	23	FAIL	
Lotus_Scripts_Raids_GenericRaid.lua_B	True	True	True	False	False	2	PASS	18	18	18	18	PASS	False	PASS	18	PASS	
Lotus_Scripts_Raids_GolemTrial_ArchwingDmgButton.lua_B	True	True	True	False	False	2	PASS	6	6	6	6	PASS	False	PASS	6	PASS	
Lotus_Scripts_Raids_GolemTrial_Purifier.lua_B	True	True	True	False	False	2	PASS	26	26	26	26	PASS	False	FAIL	25	FAIL	
Lotus_Scripts_Raids_GrineerRaid_BombingRun.lua_B	True	True	True	False	False	2	PASS	39	39	39	39	PASS	False	PASS	39	PASS	
Lotus_Scripts_Raids_HekRaidMiniBoss.lua_B	True	True	True	True	True	1	PASS	3	3	3	3	None	False	PASS	3	None	
Lotus_Scripts_Raids_J3GolemRaid_J3Golem.lua_B	True	True	True	False	False	2	PASS	26	26	26	26	PASS	False	PASS	26	FAIL	
Lotus_Scripts_Raids_J3GolemRaid_Syringe.lua_B	True	True	True	False	False	2	PASS	6	6	6	6	PASS	False	PASS	6	PASS	
Lotus_Scripts_Raids_RandomPoint.lua_B	True	True	True	False	False	2	PASS	16	16	16	16	PASS	False	PASS	16	PASS	
Lotus_Scripts_RailjackStrike.lua_B	True	True	True	False	False	2	PASS	18	18	18	18	PASS	False	PASS	18	PASS	
Lotus_Scripts_RandomHangingBlocks.lua_B	True	True	True	False	False	2	PASS	9	9	9	9	PASS	False	FAIL	8	FAIL	
Lotus_Scripts_RandomHide.lua_B	True	True	True	True	True	1	PASS	2	2	2	2	None	False	PASS	2	None	
Lotus_Scripts_RandomizedExit.lua_B	True	True	True	False	False	2	PASS	2	2	2	2	PASS	False	PASS	2	PASS	
Lotus_Scripts_RelayColors.lua_B	True	True	True	False	False	2	PASS	18	18	18	18	PASS	False	PASS	18	PASS	
Lotus_Scripts_RelayReconstructionUtilities.lua_B	True	True	True	True	True	1	PASS	2	2	2	2	None	False	PASS	2	None	
Lotus_Scripts_RemoveAttachmentFromAvatar.lua_B	True	True	True	True	True	1	PASS	2	2	2	2	None	False	PASS	2	None	
Lotus_Scripts_RemoveAttachmentFromDeco.lua_B	True	True	True	True	True	1	PASS	2	2	2	2	None	False	PASS	2	None	
Lotus_Scripts_Rescue.lua_B	True	True	True	False	False	2	PASS	48	48	48	48	PASS	False	PASS	48	PASS	
Lotus_Scripts_Restoratives_AnglerVision.lua_B	True	True	True	True	True	1	PASS	2	2	2	2	None	False	PASS	2	None	
Lotus_Scripts_Restoratives_AnimalLure.lua_B	True	True	True	False	False	2	PASS	8	8	8	8	PASS	False	FAIL	6	FAIL	
Lotus_Scripts_Restoratives_AnimalRarityBoost.lua_B	True	True	True	True	True	1	PASS	3	3	3	3	None	False	PASS	3	None	
Lotus_Scripts_Restoratives_AssassinBait.lua_B	True	True	True	False	False	2	PASS	6	6	6	6	PASS	False	PASS	6	PASS	
Lotus_Scripts_Restoratives_CorruptedKey.lua_B	True	True	True	True	True	1	PASS	8	8	8	8	None	False	PASS	8	None	
Lotus_Scripts_Restoratives_CreditChip.lua_B	True	True	True	False	False	2	PASS	10	10	10	10	PASS	False	PASS	10	PASS	
Lotus_Scripts_Restoratives_CustomMarker.lua_B	True	True	True	False	False	2	PASS	15	15	15	15	PASS	False	PASS	15	PASS	
Lotus_Scripts_Restoratives_FireWorks.lua_B	True	True	True	False	False	2	PASS	5	5	5	5	PASS	False	PASS	5	PASS	
Lotus_Scripts_Restoratives_FishingBaitSelect.lua_B	True	True	True	False	False	2	PASS	3	3	3	3	PASS	False	PASS	3	PASS	
Lotus_Scripts_Restoratives_FomorianNegator.lua_B	True	True	True	True	True	1	PASS	3	3	3	3	None	False	PASS	3	None	
Lotus_Scripts_Restoratives_GiveAmmo.lua_B	True	True	True	True	True	1	PASS	3	3	3	3	None	False	PASS	3	None	
Lotus_Scripts_Restoratives_GiveCustomProjectile.lua_B	True	True	True	True	True	1	PASS	3	3	3	3	None	False	PASS	3	None	
Lotus_Scripts_Restoratives_GlyphDeploy.lua_B	True	True	True	False	False	2	PASS	10	10	10	10	PASS	False	PASS	10	PASS	
Lotus_Scripts_Restoratives_HealAvatar.lua_B	True	True	True	False	False	2	PASS	15	15	15	15	PASS	False	FAIL	14	FAIL	
Lotus_Scripts_Restoratives_HeavyWeaponSummon.lua_B	True	True	True	False	False	2	PASS	23	23	23	23	PASS	False	FAIL	22	FAIL	
Lotus_Scripts_Restoratives_HunterTool.lua_B	True	True	True	True	True	1	PASS	3	3	3	3	None	False	PASS	3	None	
Lotus_Scripts_Restoratives_HunterTrap.lua_B	True	True	True	False	False	2	PASS	8	8	8	8	PASS	False	PASS	8	FAIL	
Lotus_Scripts_Restoratives_HuntingGear.lua_B	True	True	True	False	False	2	PASS	9	9	9	9	PASS	False	FAIL	8	FAIL	
Lotus_Scripts_Restoratives_LandscapeTrapPlaceGear.lua_B	True	True	True	False	False	2	PASS	5	5	5	5	PASS	False	PASS	5	PASS	
Lotus_Scripts_Restoratives_LibraryScanner.lua_B	True	True	True	False	False	2	PASS	30	30	30	30	PASS	False	FAIL	26	FAIL	
Lotus_Scripts_Restoratives_LisetAirSupport.lua_B	True	True	True	False	False	2	PASS	29	29	29	29	PASS	False	FAIL	28	FAIL	
Lotus_Scripts_Restoratives_LisetAirSupportSwitches.lua_B	True	True	True	False	False	2	PASS	6	6	6	6	PASS	False	FAIL	5	FAIL	
Lotus_Scripts_Restoratives_MiningLaser.lua_B	True	True	True	False	False	2	PASS	8	8	8	8	PASS	False	PASS	8	PASS	
Lotus_Scripts_Restoratives_NemesisBait.lua_B	True	True	True	False	False	2	PASS	6	6	6	6	PASS	False	PASS	6	PASS	
Lotus_Scripts_Restoratives_NpcBuffs.lua_B	True	True	True	True	True	1	PASS	9	9	9	9	None	False	PASS	9	None	
Lotus_Scripts_Restoratives_OpenArchwingSummon.lua_B	True	True	True	False	False	2	PASS	21	21	21	21	PASS	False	FAIL	20	FAIL	
Lotus_Scripts_Restoratives_ProteaQuestPolarizer.lua_B	True	True	True	False	False	2	PASS	24	24	24	24	PASS	False	PASS	24	PASS	
Lotus_Scripts_Restoratives_RecallToRailjack.lua_B	True	True	True	True	True	1	PASS	3	3	3	3	None	False	PASS	3	None	
Lotus_Scripts_Restoratives_RemoteCamera.lua_B	True	True	True	True	True	1	PASS	2	2	2	2	None	False	PASS	2	None	
Lotus_Scripts_Restoratives_RepairTool.lua_B	True	True	True	True	True	1	PASS	6	6	6	6	None	False	PASS	6	None	
Lotus_Scripts_Restoratives_Scanner.lua_B	True	True	True	False	False	2	PASS	9	9	9	9	PASS	False	FAIL	8	FAIL	
Lotus_Scripts_Restoratives_ScenarioBeacon.lua_B	True	True	True	False	False	2	PASS	13	13	13	13	PASS	False	FAIL	12	FAIL	
Lotus_Scripts_Restoratives_SoftTouch.lua_B	True	True	True	True	True	1	PASS	2	2	2	2	None	False	PASS	2	None	
Lotus_Scripts_Restoratives_SpawnEntratiTech.lua_B	True	True	True	False	False	2	PASS	22	22	22	22	PASS	False	FAIL	20	FAIL	
Lotus_Scripts_Restoratives_SpawnFriendlyAgent.lua_B	True	True	True	False	False	2	PASS	17	17	17	17	PASS	False	PASS	17	PASS	
Lotus_Scripts_Restoratives_SpearFishing.lua_B	True	True	True	False	False	3	PASS	50	50	50	50	PASS	False	FAIL	45	FAIL	
Lotus_Scripts_Restoratives_SpearFishingStart.lua_B	True	True	True	False	False	2	PASS	20	20	20	20	PASS	False	PASS	20	PASS	
Lotus_Scripts_RiftStatusFromCreator.lua_B	True	True	True	True	True	1	PASS	2	2	2	2	None	False	FAIL	1	None	
Lotus_Scripts_RiotMoaDrop.lua_B	True	True	True	True	True	1	PASS	2	2	2	2	None	False	PASS	2	None	
Lotus_Scripts_RiotMoaHack.lua_B	True	True	True	False	False	2	PASS	11	11	11	11	PASS	False	PASS	11	PASS	
Lotus_Scripts_RiotMoaMagneticGrenade.lua_B	True	True	True	True	True	1	PASS	3	3	3	3	None	False	PASS	3	None	
Lotus_Scripts_RtpcFunctions.lua_B	True	True	True	True	True	1	PASS	9	9	9	9	None	False	PASS	9	None	
Lotus_Scripts_Sabotage.lua_B	True	True	True	False	False	2	PASS	17	17	17	17	PASS	False	FAIL	16	FAIL	
Lotus_Scripts_SabotageCaches.lua_B	True	True	True	False	False	2	PASS	15	15	15	15	PASS	False	PASS	15	PASS	
Lotus_Scripts_SabotageForest.lua_B	True	True	True	False	False	2	PASS	14	14	14	14	PASS	False	FAIL	13	FAIL	
Lotus_Scripts_SabotageModular.lua_B	True	True	True	False	False	2	PASS	57	57	57	57	PASS	False	PASS	57	PASS	
Lotus_Scripts_SabotageOrokin.lua_B	True	True	True	False	False	2	PASS	32	32	32	32	PASS	False	FAIL	31	FAIL	
Lotus_Scripts_SabotageOrokinEnemySetups.lua_B	True	True	True	True	True	1	PASS	4	4	4	4	None	False	PASS	4	None	
Lotus_Scripts_SabotageOrokinEvent.lua_B	True	True	True	False	False	2	PASS	10	10	10	10	PASS	False	PASS	10	PASS	
Lotus_Scripts_Sandstorm.lua_B	True	True	True	False	False	2	PASS	6	6	6	6	PASS	False	FAIL	5	FAIL	
Lotus_Scripts_SatelliteSpark.lua_B	True	True	True	True	True	1	PASS	4	4	4	4	None	False	PASS	4	None	
Lotus_Scripts_ScaleDecoHealth.lua_B	True	True	True	True	True	1	PASS	2	2	2	2	None	False	PASS	2	None	
Lotus_Scripts_ScaleOverTime.lua_B	True	True	True	True	True	1	PASS	2	2	2	2	None	False	PASS	2	None	
Lotus_Scripts_Scenarios_HackScenario.lua_B	True	True	True	False	False	2	PASS	8	8	8	8	PASS	False	PASS	8	PASS	
Lotus_Scripts_SeedEmittingPlant.lua_B	True	True	True	False	False	2	PASS	10	10	10	10	PASS	False	FAIL	9	FAIL	
Lotus_Scripts_Sentient_ErraQuest.lua_B	True	True	True	True	True	1	PASS	8	8	8	8	None	False	PASS	8	None	
Lotus_Scripts_Sentient_SentientArena.lua_B	True	True	True	False	False	2	FAIL	11	10	11	11	FAIL	False	FAIL	10	FAIL	
Lotus_Scripts_Sentient_SentientBeacon.lua_B	True	True	True	False	False	2	PASS	5	5	5	5	PASS	False	FAIL	4	FAIL	
Lotus_Scripts_Sentient_SentientCommon.lua_B	True	True	True	True	True	1	PASS	2	2	2	2	None	False	PASS	2	None	
Lotus_Scripts_Sentient_SentientDolicholystScript.lua_B	True	True	True	True	True	1	PASS	3	3	3	3	None	False	PASS	3	None	
Lotus_Scripts_Sentient_SentientDoors.lua_B	True	True	True	True	True	1	PASS	5	5	5	5	None	False	PASS	5	None	
Lotus_Scripts_Sentient_SentientLevel.lua_B	True	True	True	False	False	2	FAIL	16	16	16	17	FAIL	False	FAIL	16	FAIL	
Lotus_Scripts_Sentient_SentientMutators.lua_B	True	True	True	False	False	2	FAIL	4	3	4	4	FAIL	False	FAIL	2	FAIL	
Lotus_Scripts_Sentient_SentientRegen.lua_B	True	True	True	True	True	1	PASS	4	4	4	4	None	False	PASS	4	None	
Lotus_Scripts_Sentient_SentientShieldDeflect.lua_B	True	True	True	True	True	1	PASS	6	6	6	6	None	False	PASS	6	None	
Lotus_Scripts_Sentient_SentientSymbilyst.lua_B	True	True	True	False	False	2	PASS	4	4	4	4	PASS	False	PASS	4	FAIL	
Lotus_Scripts_Sentient_SentientWarpGate.lua_B	True	True	True	True	True	1	PASS	4	4	4	4	None	False	PASS	4	None	
Lotus_Scripts_SetMorphs.lua_B	True	True	True	False	False	2	PASS	2	2	2	2	PASS	False	PASS	2	PASS	
Lotus_Scripts_SetPhysicsBehavior.lua_B	True	True	True	True	True	1	PASS	2	2	2	2	None	False	PASS	2	None	
Lotus_Scripts_SetStoreManifest.lua_B	True	True	True	True	True	1	PASS	2	2	2	2	None	False	PASS	2	None	
Lotus_Scripts_SetTVariable.lua_B	True	True	True	True	True	1	PASS	3	3	3	3	None	False	PASS	3	None	
Lotus_Scripts_SetTwoSamuri.lua_B	True	True	True	True	True	1	PASS	3	3	3	3	None	False	PASS	3	None	
Lotus_Scripts_SetupPlaceableDeco.lua_B	True	True	True	False	False	2	PASS	3	3	3	3	PASS	False	PASS	3	PASS	
Lotus_Scripts_SharkEnvDanger.lua_B	True	True	True	True	True	1	PASS	2	2	2	2	None	False	PASS	2	None	
Lotus_Scripts_ShieldAura.lua_B	True	True	True	True	True	1	PASS	3	3	3	3	None	False	PASS	3	None	
Lotus_Scripts_ShipDecoTransmission.lua_B	True	True	True	True	True	1	PASS	7	7	7	7	None	False	PASS	7	None	
Lotus_Scripts_ShipPartsEmissiveOverTime.lua_B	True	True	True	True	True	1	PASS	7	7	7	7	None	False	PASS	7	None	
Lotus_Scripts_ShipyardCrane.lua_B	True	True	True	False	False	2	PASS	2	2	2	2	PASS	False	PASS	2	PASS	
Lotus_Scripts_ShipyardsIntermediate10.lua_B	True	True	True	True	True	1	PASS	5	5	5	5	None	False	PASS	5	None	
Lotus_Scripts_ShipyardsIntermediate11.lua_B	True	True	True	True	True	1	PASS	2	2	2	2	None	False	PASS	2	None	
Lotus_Scripts_ShowCharacterInfo.lua_B	True	True	True	True	True	1	PASS	13	13	13	13	None	False	PASS	13	None	
Lotus_Scripts_ShowSubtitle.lua_B	True	True	True	False	False	2	PASS	3	3	3	3	PASS	False	PASS	3	PASS	
Lotus_Scripts_Sigil.lua_B	True	True	True	False	False	2	PASS	16	16	16	16	PASS	False	PASS	16	FAIL	
Lotus_Scripts_SigilCustom.lua_B	True	True	True	False	False	2	PASS	10	10	10	10	PASS	False	FAIL	9	FAIL	
Lotus_Scripts_SimpleCameraDirector.lua_B	True	True	True	False	False	2	PASS	11	11	11	11	PASS	False	PASS	11	PASS	
Lotus_Scripts_SimpleOperatorCustomization.lua_B	True	True	True	True	True	1	PASS	2	2	2	2	None	False	PASS	2	None	
Lotus_Scripts_SimulacrumAmmoStation.lua_B	True	True	True	True	True	1	PASS	6	6	6	6	None	False	PASS	6	None	
Lotus_Scripts_SimulacrumUtilities.lua_B	True	True	True	False	False	2	PASS	8	8	8	8	PASS	False	PASS	8	PASS	
Lotus_Scripts_SkateSpawner.lua_B	True	True	True	False	False	2	PASS	4	4	4	4	PASS	False	FAIL	3	FAIL	
Lotus_Scripts_SlipperyVolume.lua_B	True	True	True	False	False	2	PASS	7	7	7	7	PASS	False	PASS	7	PASS	
Lotus_Scripts_SlowTraps.lua_B	True	True	True	False	False	2	PASS	4	4	4	4	PASS	False	PASS	4	PASS	
Lotus_Scripts_SnapPickupToGround.lua_B	True	True	True	True	True	1	PASS	2	2	2	2	None	False	PASS	2	None	
Lotus_Scripts_SoundMixer.lua_B	True	True	True	False	False	2	PASS	26	26	26	26	PASS	False	PASS	26	PASS	
Lotus_Scripts_Space.lua_B	True	True	True	False	False	2	PASS	15	15	15	15	PASS	False	FAIL	14	FAIL	
Lotus_Scripts_SpaceAIManager.lua_B	True	True	True	False	False	2	PASS	8	8	8	8	PASS	False	PASS	8	PASS	
Lotus_Scripts_SpaceBattleExtractionDoor.lua_B	True	True	True	True	True	1	PASS	3	3	3	3	None	False	PASS	3	None	
Lotus_Scripts_SpaceFomorianStrike.lua_B	True	True	True	False	False	2	PASS	18	18	18	18	PASS	False	FAIL	17	FAIL	
Lotus_Scripts_SpaceGolemTeleportPlayer.lua_B	True	True	True	False	False	2	PASS	5	5	5	5	PASS	False	PASS	5	PASS	
Lotus_Scripts_SpaceMineElectricalField.lua_B	True	True	True	True	True	1	PASS	12	12	12	12	None	False	FAIL	10	None	
Lotus_Scripts_SpacePrefabs.lua_B	True	True	True	True	True	1	PASS	9	9	9	9	None	False	FAIL	8	None	
Lotus_Scripts_SpawnAmbusher.lua_B	True	True	True	False	False	2	PASS	7	7	7	7	PASS	False	PASS	7	PASS	
Lotus_Scripts_SpawnCleanDrone.lua_B	True	True	True	False	False	2	PASS	9	9	9	9	PASS	False	PASS	9	PASS	
Lotus_Scripts_SpawnerHighlight.lua_B	True	True	True	True	True	1	PASS	2	2	2	2	None	False	PASS	2	None	
Lotus_Scripts_SpawnScript.lua_B	True	True	True	True	True	1	PASS	2	2	2	2	None	False	PASS	2	None	
Lotus_Scripts_SpawnSpectres.lua_B	True	True	True	False	False	2	PASS	3	3	3	3	PASS	False	FAIL	2	FAIL	
Lotus_Scripts_SpawnTurret.lua_B	True	True	True	True	True	1	PASS	3	3	3	3	None	False	PASS	3	None	
Lotus_Scripts_SpearfishingDamageFilter.lua_B	True	True	True	True	True	1	PASS	2	2	2	2	None	False	PASS	2	None	
Lotus_Scripts_SpookyEyeball.lua_B	True	True	True	False	False	2	PASS	2	2	2	2	PASS	False	PASS	2	PASS	
Lotus_Scripts_SquadInSky.lua_B	True	True	True	False	False	2	PASS	31	31	31	31	PASS	False	PASS	31	PASS	
Lotus_Scripts_Stalker.lua_B	True	True	True	False	False	None	FAIL	70	70	70	71	None	False	FAIL	63	None	
Lotus_Scripts_StalkerInvulnerability.lua_B	True	True	True	False	False	2	PASS	4	4	4	4	PASS	False	PASS	4	PASS	
Lotus_Scripts_StalkerLisetEncounter.lua_B	True	True	True	False	False	2	PASS	15	15	15	15	PASS	False	PASS	15	PASS	
Lotus_Scripts_StalkerSuit.lua_B	True	True	True	False	False	2	PASS	10	10	10	10	PASS	False	FAIL	9	FAIL	
Lotus_Scripts_StasisMine.lua_B	True	True	True	False	False	2	PASS	5	5	5	5	PASS	False	PASS	5	PASS	
Lotus_Scripts_StorageLocker.lua_B	True	True	True	False	False	2	PASS	4	4	4	4	PASS	False	PASS	4	PASS	
Lotus_Scripts_Suda.lua_B	True	True	True	True	True	1	PASS	3	3	3	3	None	False	PASS	3	None	
Lotus_Scripts_SwapSkybox.lua_B	True	True	True	True	True	1	PASS	2	2	2	2	None	False	PASS	2	None	
Lotus_Scripts_Swim.lua_B	True	True	True	True	True	1	PASS	13	13	13	13	None	False	FAIL	12	None	
Lotus_Scripts_Syndicates_CheckSyndicateRank.lua_B	True	True	True	False	False	2	PASS	10	10	10	10	PASS	False	FAIL	9	FAIL	
Lotus_Scripts_Syndicates_ConclaveSyndicateLoadoutItem.lua_B	True	True	True	True	True	1	PASS	2	2	2	2	None	False	PASS	2	None	
Lotus_Scripts_Syndicates_HasItem.lua_B	True	True	True	True	True	1	PASS	2	2	2	2	None	False	PASS	2	None	
Lotus_Scripts_Syndicates_SyndicatePickupImpactMsg.lua_B	True	True	True	False	False	2	PASS	3	3	3	3	PASS	False	PASS	3	PASS	
Lotus_Scripts_Syndicates_SyndicatePowers.lua_B	True	True	True	False	False	2	PASS	15	15	15	15	PASS	False	FAIL	10	FAIL	
Lotus_Scripts_Tau_AssassinateObjective.lua_B	True	True	True	False	False	2	PASS	16	16	16	16	PASS	False	PASS	16	PASS	
Lotus_Scripts_Tau_CannonSabotageObjective.lua_B	True	True	True	False	False	2	PASS	22	22	22	22	PASS	False	FAIL	21	FAIL	
Lotus_Scripts_Tau_CasesObjective.lua_B	True	True	True	False	False	2	PASS	28	28	28	28	PASS	False	FAIL	27	FAIL	
Lotus_Scripts_Tau_ConditionalExecuteScriptTrigger.lua_B	True	True	True	False	False	2	PASS	3	3	3	3	PASS	False	PASS	3	PASS	
Lotus_Scripts_Tau_ConvoyController.lua_B	True	True	True	False	False	2	PASS	9	9	9	9	PASS	False	FAIL	8	FAIL	
Lotus_Scripts_Tau_ConvoyObjective.lua_B	True	True	True	False	False	2	PASS	23	23	23	23	PASS	False	FAIL	22	FAIL	
Lotus_Scripts_Tau_DefenseObjective.lua_B	True	True	True	False	False	2	PASS	25	25	25	25	PASS	False	PASS	25	PASS	
Lotus_Scripts_Tau_DescendiaUpgrades_InvulnerableOnCompanionKill.lua_B	True	True	True	True	True	1	PASS	5	5	5	5	None	False	PASS	5	None	
Lotus_Scripts_Tau_DescendiaUpgrades_StealEximusAura.lua_B	True	True	True	False	False	2	PASS	5	5	5	5	PASS	False	FAIL	4	FAIL	
Lotus_Scripts_Tau_DirectionalArtilleryObjective.lua_B	True	True	True	False	False	2	PASS	22	22	22	22	PASS	False	FAIL	21	FAIL	
Lotus_Scripts_Tau_DirectionalCannon.lua_B	True	True	True	True	True	1	PASS	22	22	22	22	None	False	PASS	22	None	
Lotus_Scripts_Tau_DropshipObjective.lua_B	True	True	True	False	False	2	PASS	27	27	27	27	PASS	False	PASS	27	PASS	
Lotus_Scripts_Tau_EggMine.lua_B	True	True	True	False	False	2	PASS	24	24	24	24	PASS	False	FAIL	23	FAIL	
Lotus_Scripts_Tau_ExterminateObjective.lua_B	True	True	True	False	False	2	PASS	17	17	17	17	PASS	False	PASS	17	PASS	
Lotus_Scripts_Tau_FrontLineObjective.lua_B	True	True	True	False	False	2	PASS	23	23	23	23	PASS	False	PASS	23	PASS	
Lotus_Scripts_Tau_HealthChangeTracker.lua_B	True	True	True	False	False	2	PASS	6	6	6	6	PASS	False	PASS	6	PASS	
Lotus_Scripts_Tau_HiddenSabotageObjective.lua_B	True	True	True	False	False	2	PASS	21	21	21	21	PASS	False	FAIL	20	FAIL	
Lotus_Scripts_Tau_Marrowtick.lua_B	True	True	True	False	False	2	PASS	5	5	5	5	PASS	False	PASS	5	PASS	
Lotus_Scripts_Tau_MineDisarmObjective.lua_B	True	True	True	False	False	2	PASS	17	17	17	17	PASS	False	PASS	17	PASS	
Lotus_Scripts_Tau_MonolystMarrowtickProjectile.lua_B	True	True	True	True	True	1	PASS	2	2	2	2	None	False	PASS	2	None	
Lotus_Scripts_Tau_SabotageObjective.lua_B	True	True	True	False	False	2	PASS	18	18	18	18	PASS	False	FAIL	17	FAIL	
Lotus_Scripts_Tau_ShieldsObjective.lua_B	True	True	True	False	False	2	PASS	26	26	26	26	PASS	False	PASS	26	PASS	
Lotus_Scripts_Tau_ShuttleDefenseHackTerminal.lua_B	True	True	True	True	True	1	PASS	2	2	2	2	None	False	PASS	2	None	
Lotus_Scripts_Tau_ShuttleDefenseLocation.lua_B	True	True	True	False	False	2	PASS	35	35	35	35	PASS	False	PASS	35	PASS	
Lotus_Scripts_Tau_ShuttleDefenseMission.lua_B	True	True	True	False	False	2	PASS	26	26	26	26	PASS	False	PASS	26	PASS	
Lotus_Scripts_Tau_SpaceSentientMarrowtickAvatar.lua_B	True	True	True	True	True	1	PASS	8	8	8	8	None	False	PASS	8	None	
Lotus_Scripts_Tau_SquadObjective.lua_B	True	True	True	False	False	2	PASS	17	17	17	17	PASS	False	FAIL	16	FAIL	
Lotus_Scripts_Tau_StealthRescueObjective.lua_B	True	True	True	False	False	2	PASS	18	18	18	18	PASS	False	FAIL	17	FAIL	
Lotus_Scripts_Tau_SupplyBeaconObjective.lua_B	True	True	True	False	False	2	PASS	37	37	37	37	PASS	False	FAIL	35	FAIL	
Lotus_Scripts_Tau_TauBattleExtraction.lua_B	True	True	True	False	False	2	PASS	10	10	10	10	PASS	False	PASS	10	PASS	
Lotus_Scripts_Tau_TauBattleMission.lua_B	True	True	True	False	False	3	PASS	144	144	144	144	PASS	False	FAIL	140	FAIL	
Lotus_Scripts_Tau_TauDaxMedicAvatar.lua_B	True	True	True	False	False	2	PASS	4	4	4	4	PASS	False	PASS	4	PASS	
Lotus_Scripts_Tau_TauDaxSwordsmanEmplacementUse.lua_B	True	True	True	True	True	1	PASS	5	5	5	5	None	False	PASS	5	None	
Lotus_Scripts_Tau_TauDebugCmd.lua_B	True	True	True	False	False	2	PASS	9	9	9	9	PASS	False	FAIL	8	FAIL	
Lotus_Scripts_Tau_TauDropshipAvatar.lua_B	True	True	True	False	False	2	PASS	15	15	15	15	PASS	False	FAIL	12	FAIL	
Lotus_Scripts_Tau_TauLib.lua_B	True	True	True	False	False	2	PASS	20	20	20	20	PASS	False	PASS	20	PASS	
Lotus_Scripts_Tau_TauProximityMine.lua_B	True	True	True	False	False	2	PASS	21	21	21	21	PASS	False	PASS	21	PASS	
Lotus_Scripts_Tau_WaterWalking.lua_B	True	True	True	False	False	2	PASS	6	6	6	6	PASS	False	FAIL	5	FAIL	
Lotus_Scripts_TauPrequel_IndependentPickupSpawner.lua_B	True	True	True	True	True	1	PASS	3	3	3	3	None	False	PASS	3	None	
Lotus_Scripts_TauPrequel_TauPrequelDestructibles.lua_B	True	True	True	False	False	2	PASS	14	14	14	14	PASS	False	FAIL	13	FAIL	
Lotus_Scripts_Teleport.lua_B	True	True	True	True	True	1	PASS	2	2	2	2	None	False	PASS	2	None	
Lotus_Scripts_TeleportAndFade.lua_B	True	True	True	False	False	2	PASS	15	15	15	15	PASS	False	FAIL	14	FAIL	
Lotus_Scripts_TeleportOutOfVolume.lua_B	True	True	True	True	True	1	PASS	3	3	3	3	None	False	PASS	3	None	
Lotus_Scripts_TeleportPlayer.lua_B	True	True	True	False	False	2	PASS	7	7	7	7	PASS	False	PASS	7	FAIL	
Lotus_Scripts_TennoCon2026_DroneMonitorTC2026.lua_B	True	True	True	True	True	1	PASS	2	2	2	2	None	False	PASS	2	None	
Lotus_Scripts_TennoCon2026_TennoConLiveRelay2026.lua_B	True	True	True	True	True	1	PASS	8	8	8	8	None	False	PASS	8	None	
Lotus_Scripts_TennoHubHangar.lua_B	True	True	True	False	False	2	PASS	4	4	4	4	PASS	False	FAIL	3	FAIL	
Lotus_Scripts_TennoMusicBox.lua_B	True	True	True	False	False	2	PASS	5	5	5	5	PASS	False	PASS	5	PASS	
Lotus_Scripts_Tesla.lua_B	True	True	True	True	True	1	PASS	5	5	5	5	None	False	PASS	5	None	
Lotus_Scripts_TimeDecreaseGestatingTumors.lua_B	True	True	True	True	True	1	PASS	9	9	9	9	None	False	PASS	9	None	
Lotus_Scripts_TimedSelfDestruction.lua_B	True	True	True	True	True	1	PASS	3	3	3	3	None	False	PASS	3	None	
Lotus_Scripts_ToggleDecorationVisibility.lua_B	True	True	True	True	True	1	PASS	2	2	2	2	None	False	PASS	2	None	
Lotus_Scripts_TrainingTransmissions.lua_B	True	True	True	True	True	1	PASS	4	4	4	4	None	False	PASS	4	None	
Lotus_Scripts_TransitionalEvents.lua_B	True	True	True	False	False	None	PASS	11	11	11	11	None	False	FAIL	9	None	
Lotus_Scripts_TransmissionOverrides.lua_B	True	True	True	True	True	1	PASS	3	3	3	3	None	False	PASS	3	None	
Lotus_Scripts_Transmissions.lua_B	True	True	True	False	False	2	PASS	18	18	18	18	PASS	False	PASS	18	PASS	
Lotus_Scripts_TriggerAlarm.lua_B	True	True	True	False	False	2	PASS	44	44	44	44	PASS	False	FAIL	40	FAIL	
Lotus_Scripts_TurretSpawn.lua_B	True	True	True	False	False	2	PASS	12	12	12	12	PASS	False	PASS	12	PASS	
Lotus_Scripts_Tutorial.lua_B	True	True	True	False	False	2	PASS	40	40	40	40	PASS	False	PASS	40	FAIL	
Lotus_Scripts_TutorialMissions.lua_B	True	True	True	False	False	2	PASS	5	5	5	5	PASS	False	PASS	5	PASS	
Lotus_Scripts_Tutorials_AwakeningRemasterSkyChange.lua_B	True	True	True	True	True	1	PASS	3	3	3	3	None	False	PASS	3	None	
Lotus_Scripts_Tutorials_NewPlayerTutorial.lua_B	True	True	True	False	False	2	PASS	72	72	72	72	PASS	False	FAIL	71	FAIL	
Lotus_Scripts_Tutorials_NewPlayerTutorialFoundry.lua_B	True	True	True	True	True	1	PASS	15	15	15	15	None	False	FAIL	14	None	
Lotus_Scripts_Tutorials_NewPlayerTutorialMasteryRank.lua_B	True	True	True	True	True	1	PASS	4	4	4	4	None	False	PASS	4	None	
Lotus_Scripts_Tutorials_NewPlayerTutorialModFusion.lua_B	True	True	True	True	True	1	PASS	4	4	4	4	None	False	PASS	4	None	
Lotus_Scripts_Tutorials_NewPlayerTutorialProcSetup.lua_B	True	True	True	True	True	1	PASS	3	3	3	3	None	False	PASS	3	None	
Lotus_Scripts_Tutorials_NewPlayerTutorialRemaster.lua_B	True	True	True	False	False	2	PASS	82	82	82	82	PASS	False	FAIL	81	FAIL	
Lotus_Scripts_Tutorials_NewPlayerTutorialTouch.lua_B	True	True	True	False	False	3	PASS	20	20	20	20	PASS	False	PASS	20	PASS	
Lotus_Scripts_Tutorials_NewPlayerWeaponSetup.lua_B	True	True	True	True	True	1	PASS	7	7	7	7	None	False	FAIL	6	None	
Lotus_Scripts_Tutorials_ParkourTutorial.lua_B	True	True	True	True	True	1	PASS	9	9	9	9	None	False	PASS	9	None	
Lotus_Scripts_Tutorials_SynthesisTutorial.lua_B	True	True	True	False	False	2	PASS	24	24	24	24	PASS	False	PASS	24	PASS	
Lotus_Scripts_VacuumTrigger.lua_B	True	True	True	False	False	2	PASS	3	3	3	3	PASS	False	PASS	3	PASS	
Lotus_Scripts_Vault.lua_B	True	True	True	False	False	2	PASS	6	6	6	6	PASS	False	FAIL	5	FAIL	
Lotus_Scripts_VayHekLandslide.lua_B	True	True	True	True	True	1	PASS	4	4	4	4	None	False	FAIL	3	None	
Lotus_Scripts_VehicleMarker.lua_B	True	True	True	True	True	1	PASS	2	2	2	2	None	False	PASS	2	None	
Lotus_Scripts_Venus_AnimalEncounterManager.lua_B	True	True	True	False	False	3	PASS	9	9	9	9	PASS	False	PASS	9	PASS	
Lotus_Scripts_Venus_CallPointTrigger.lua_B	True	True	True	True	True	1	PASS	3	3	3	3	None	False	PASS	3	None	
Lotus_Scripts_Venus_ConservationAnimalCall.lua_B	True	True	True	True	True	1	PASS	2	2	2	2	None	False	PASS	2	None	
Lotus_Scripts_Venus_ConservationAnimalKilled.lua_B	True	True	True	True	True	1	PASS	4	4	4	4	None	False	PASS	4	None	
Lotus_Scripts_Venus_ConservationAnimalStartMarker.lua_B	True	True	True	False	False	2	PASS	5	5	5	5	PASS	False	PASS	5	PASS	
Lotus_Scripts_Venus_ConservationAnimalStartTrigger.lua_B	True	True	True	True	True	1	PASS	2	2	2	2	None	False	PASS	2	None	
Lotus_Scripts_Venus_ConservationSnowPredatorToxicScatTrigger.lua_B	True	True	True	False	False	2	PASS	2	2	2	2	PASS	False	PASS	2	PASS	
Lotus_Scripts_Venus_Encounters_BeaconReinforcements.lua_B	True	True	True	False	False	2	PASS	4	4	4	4	PASS	False	PASS	4	PASS	
Lotus_Scripts_Venus_Encounters_CorpusArachnoidEncounter.lua_B	True	True	True	False	False	2	PASS	3	3	3	3	PASS	False	PASS	3	PASS	
Lotus_Scripts_Venus_Encounters_CorpusArachnoidMicroAmbush.lua_B	True	True	True	False	False	2	PASS	3	3	3	3	PASS	False	PASS	3	PASS	
Lotus_Scripts_Venus_Encounters_CorpusAssassinate.lua_B	True	True	True	False	False	2	PASS	19	19	19	19	PASS	False	FAIL	18	FAIL	
Lotus_Scripts_Venus_Encounters_CorpusBase.lua_B	True	True	True	False	False	2	PASS	30	30	30	30	PASS	False	FAIL	29	FAIL	
Lotus_Scripts_Venus_Encounters_CorpusPatrol.lua_B	True	True	True	False	False	2	PASS	4	4	4	4	PASS	False	PASS	4	PASS	
Lotus_Scripts_Venus_Encounters_CorpusSpy.lua_B	True	True	True	False	False	2	PASS	8	8	8	8	PASS	False	FAIL	7	FAIL	
Lotus_Scripts_Venus_Encounters_CorpusTurretTower.lua_B	True	True	True	False	False	2	PASS	5	5	5	5	PASS	False	FAIL	4	FAIL	
Lotus_Scripts_Venus_Encounters_DynamicAmbush.lua_B	True	True	True	False	False	4	PASS	23	23	23	23	PASS	False	FAIL	19	FAIL	
Lotus_Scripts_Venus_Encounters_DynamicDroneDefense.lua_B	True	True	True	False	False	2	PASS	15	15	15	15	PASS	False	FAIL	14	FAIL	
Lotus_Scripts_Venus_Encounters_DynamicExcavation.lua_B	True	True	True	False	False	2	PASS	40	40	40	40	PASS	False	FAIL	39	FAIL	
Lotus_Scripts_Venus_Encounters_DynamicRace.lua_B	True	True	True	False	False	2	PASS	18	18	18	18	PASS	False	FAIL	17	FAIL	
Lotus_Scripts_Venus_Encounters_DynamicRecovery.lua_B	True	True	True	False	False	2	PASS	29	29	29	29	PASS	False	PASS	29	PASS	
Lotus_Scripts_Venus_Encounters_DynamicResourceCapture.lua_B	True	True	True	False	False	2	PASS	29	29	29	29	PASS	False	FAIL	27	FAIL	
Lotus_Scripts_Venus_Encounters_EncounterObjects_SpyConsole.lua_B	True	True	True	False	False	3	PASS	11	11	11	11	PASS	False	PASS	11	PASS	
Lotus_Scripts_Venus_Encounters_ExploiterHunt.lua_B	True	True	True	False	False	2	PASS	7	7	7	7	PASS	False	PASS	7	PASS	
Lotus_Scripts_Venus_Encounters_RetrieveFissureHarvester.lua_B	True	True	True	True	True	1	PASS	4	4	4	4	None	False	PASS	4	None	
Lotus_Scripts_Venus_Encounters_SentientPatrol.lua_B	True	True	True	False	False	2	PASS	4	4	4	4	PASS	False	PASS	4	PASS	
Lotus_Scripts_Venus_Encounters_SolarisCapture.lua_B	True	True	True	False	False	2	PASS	16	16	16	16	PASS	False	FAIL	14	FAIL	
Lotus_Scripts_Venus_Encounters_SolarisOccupiedBase.lua_B	True	True	True	True	True	1	PASS	4	4	4	4	None	False	PASS	4	None	
Lotus_Scripts_Venus_Encounters_SolarisQuestCoolantSabotage.lua_B	True	True	True	False	False	2	PASS	13	13	13	13	PASS	False	PASS	13	PASS	
Lotus_Scripts_Venus_Encounters_SolarisQuestCoolantTower.lua_B	True	True	True	False	False	2	PASS	4	4	4	4	PASS	False	PASS	4	PASS	
Lotus_Scripts_Venus_Encounters_SolarisQuestOrbEscape.lua_B	True	True	True	False	False	2	PASS	9	9	9	9	PASS	False	PASS	9	PASS	
Lotus_Scripts_Venus_Encounters_StartHeatFissureEncounter.lua_B	True	True	True	True	True	1	PASS	6	6	6	6	None	False	PASS	6	None	
Lotus_Scripts_Venus_Encounters_TeleportReinforcements.lua_B	True	True	True	False	False	2	PASS	7	7	7	7	PASS	False	PASS	7	PASS	
Lotus_Scripts_Venus_Encounters_VehicleReinforcements.lua_B	True	True	True	False	False	2	PASS	7	7	7	7	PASS	False	FAIL	6	FAIL	
Lotus_Scripts_Venus_Encounters_VenusAnimalTrailEncounter.lua_B	True	True	True	False	False	2	PASS	16	16	16	16	PASS	False	PASS	16	PASS	
Lotus_Scripts_Venus_EncounterScheduler.lua_B	True	True	True	False	False	3	FAIL	29	27	29	29	FAIL	False	FAIL	27	FAIL	
Lotus_Scripts_Venus_HeatFissure.lua_B	True	True	True	False	False	2	PASS	38	38	38	38	PASS	False	FAIL	37	FAIL	
Lotus_Scripts_Venus_HeatFissureHarvesterFill.lua_B	True	True	True	True	True	1	PASS	5	5	5	5	None	False	PASS	5	None	
Lotus_Scripts_Venus_HeatFissureHarvesterRegister.lua_B	True	True	True	True	True	1	PASS	2	2	2	2	None	False	PASS	2	None	
Lotus_Scripts_Venus_Heists_CamperHeistCapture.lua_B	True	True	True	False	False	2	PASS	6	6	6	6	PASS	False	FAIL	5	FAIL	
Lotus_Scripts_Venus_Heists_CamperHeistFishing.lua_B	True	True	True	False	False	2	PASS	16	16	16	16	PASS	False	PASS	16	PASS	
Lotus_Scripts_Venus_Heists_CamperHeistOrbFight.lua_B	True	True	True	False	False	2	PASS	10	10	10	10	PASS	False	FAIL	9	FAIL	
Lotus_Scripts_Venus_Heists_CamperHeistShields.lua_B	True	True	True	False	False	2	PASS	20	20	20	20	PASS	False	PASS	20	PASS	
Lotus_Scripts_Venus_Heists_D12Transition.lua_B	True	True	True	False	False	2	PASS	16	16	16	16	PASS	False	PASS	16	PASS	
Lotus_Scripts_Venus_Heists_Deck12Door.lua_B	True	True	True	False	False	2	PASS	9	9	9	9	PASS	False	PASS	9	PASS	
Lotus_Scripts_Venus_Heists_Deck12GlyphTransmissions.lua_B	True	True	True	False	False	2	PASS	3	3	3	3	PASS	False	PASS	3	PASS	
Lotus_Scripts_Venus_Heists_Deck12StartBattleCheck.lua_B	True	True	True	True	True	1	PASS	2	2	2	2	None	False	PASS	2	None	
Lotus_Scripts_Venus_Heists_EscalateHeatFissure.lua_B	True	True	True	True	True	1	PASS	2	2	2	2	None	False	PASS	2	None	
Lotus_Scripts_Venus_Heists_ExploiterHeistFissure.lua_B	True	True	True	False	False	2	PASS	25	25	25	25	PASS	False	PASS	25	PASS	
Lotus_Scripts_Venus_Heists_HeatFissureNullifier.lua_B	True	True	True	True	True	1	PASS	4	4	4	4	None	False	PASS	4	None	
Lotus_Scripts_Venus_Heists_HeatFissureTransmissions.lua_B	True	True	True	True	True	1	PASS	2	2	2	2	None	False	PASS	2	None	
Lotus_Scripts_Venus_Heists_LittleDuckBountyBoard.lua_B	True	True	True	True	True	1	PASS	2	2	2	2	None	False	PASS	2	None	
Lotus_Scripts_Venus_Heists_SetScale.lua_B	True	True	True	True	True	1	PASS	2	2	2	2	None	False	PASS	2	None	
Lotus_Scripts_Venus_Heists_StealingTech.lua_B	True	True	True	False	False	2	PASS	30	30	30	30	PASS	False	FAIL	28	FAIL	
Lotus_Scripts_Venus_Heists_VenusOrbEvaluator.lua_B	True	True	True	True	True	1	PASS	4	4	4	4	None	False	PASS	4	None	
Lotus_Scripts_Venus_Hub_ElevatorTransmissions.lua_B	True	True	True	True	True	1	PASS	3	3	3	3	None	False	PASS	3	None	
Lotus_Scripts_Venus_Hub_FortunaHubNpcs.lua_B	True	True	True	False	True	2	PASS	12	12	12	12	PASS	False	PASS	12	PASS	
Lotus_Scripts_Venus_Hub_HeistsDialog.lua_B	True	True	True	False	False	2	PASS	25	25	25	25	PASS	False	PASS	25	PASS	
Lotus_Scripts_Venus_Hub_HubNpcConversation.lua_B	True	True	True	True	True	1	PASS	2	2	2	2	None	False	PASS	2	None	
Lotus_Scripts_Venus_Hub_RokyBoonAmbientDialog.lua_B	True	True	True	True	True	1	PASS	2	2	2	2	None	False	PASS	2	None	
Lotus_Scripts_Venus_Hub_SolarisEmissives.lua_B	True	True	True	True	True	1	PASS	2	2	2	2	None	False	PASS	2	None	
Lotus_Scripts_Venus_Hub_VentKidsBand.lua_B	True	True	True	True	True	1	PASS	3	3	3	3	None	False	FAIL	2	None	
Lotus_Scripts_Venus_HuntingStateRegister.lua_B	True	True	True	True	True	1	PASS	2	2	2	2	None	False	PASS	2	None	
Lotus_Scripts_Venus_InWorldTransmissions.lua_B	True	True	True	True	True	1	PASS	4	4	4	4	None	False	PASS	4	None	
Lotus_Scripts_Venus_MushroomScripts.lua_B	True	True	True	True	True	1	PASS	2	2	2	2	None	False	PASS	2	None	
Lotus_Scripts_Venus_NokkoColony_BonusMushrooms.lua_B	True	True	True	True	True	1	PASS	2	2	2	2	None	False	PASS	2	None	
Lotus_Scripts_Venus_NokkoColony_Encounters_AreaDefense.lua_B	True	True	True	False	False	2	PASS	16	16	16	16	PASS	False	PASS	16	PASS	
Lotus_Scripts_Venus_NokkoColony_Encounters_Assassinate.lua_B	True	True	True	False	False	2	PASS	14	14	14	14	PASS	False	FAIL	12	FAIL	
Lotus_Scripts_Venus_NokkoColony_Encounters_DroneDefense.lua_B	True	True	True	False	False	2	PASS	15	15	15	15	PASS	False	FAIL	14	FAIL	
Lotus_Scripts_Venus_NokkoColony_Encounters_EnemySquad.lua_B	True	True	True	False	False	2	PASS	2	2	2	2	PASS	False	PASS	2	PASS	
Lotus_Scripts_Venus_NokkoColony_Encounters_Exterminate.lua_B	True	True	True	False	False	2	PASS	11	11	11	11	PASS	False	PASS	11	PASS	
Lotus_Scripts_Venus_NokkoColony_Encounters_FindNokkoBabies.lua_B	True	True	True	False	False	2	PASS	16	16	16	16	PASS	False	FAIL	15	FAIL	
Lotus_Scripts_Venus_NokkoColony_Encounters_MushroomHunting.lua_B	True	True	True	False	False	3	PASS	30	30	30	30	PASS	False	FAIL	28	FAIL	
Lotus_Scripts_Venus_NokkoColony_Encounters_NokkoBabyPickup.lua_B	True	True	True	True	True	1	PASS	4	4	4	4	None	False	PASS	4	None	
Lotus_Scripts_Venus_NokkoColony_Encounters_OpenChest.lua_B	True	True	True	False	False	2	PASS	9	9	9	9	PASS	False	PASS	9	PASS	
Lotus_Scripts_Venus_NokkoColony_Encounters_Rescue.lua_B	True	True	True	False	False	3	PASS	15	15	15	15	PASS	False	FAIL	13	FAIL	
Lotus_Scripts_Venus_NokkoColony_Encounters_Sabotage.lua_B	True	True	True	False	False	2	PASS	13	13	13	13	PASS	False	PASS	13	PASS	
Lotus_Scripts_Venus_NokkoColony_MushroomPatch.lua_B	True	True	True	True	True	1	PASS	2	2	2	2	None	False	PASS	2	None	
Lotus_Scripts_Venus_NokkoColony_MushroomPatchMarker.lua_B	True	True	True	True	True	1	PASS	2	2	2	2	None	False	PASS	2	None	
Lotus_Scripts_Venus_NokkoColony_MushroomPickup.lua_B	True	True	True	True	True	1	PASS	2	2	2	2	None	False	PASS	2	None	
Lotus_Scripts_Venus_NokkoColony_MushroomPrankDanceEffect.lua_B	True	True	True	True	True	1	PASS	7	7	7	7	None	False	PASS	7	None	
Lotus_Scripts_Venus_NokkoColony_MushroomPrankEffects.lua_B	True	True	True	False	False	2	PASS	16	16	16	16	PASS	False	PASS	16	PASS	
Lotus_Scripts_Venus_NokkoColony_NokkoColony.lua_B	True	True	True	False	False	2	PASS	13	13	13	13	PASS	False	PASS	13	PASS	
Lotus_Scripts_Venus_NokkoColony_NokkoLib.lua_B	True	True	True	False	False	2	PASS	26	26	26	26	PASS	False	PASS	26	PASS	
Lotus_Scripts_Venus_NokkoColony_NokkoMushroomEffectsLib.lua_B	True	True	True	False	True	2	PASS	9	9	9	9	PASS	False	FAIL	8	FAIL	
Lotus_Scripts_Venus_NokkoColony_NokkoMushroomOnHitEffects.lua_B	True	True	True	False	False	2	PASS	8	8	8	8	PASS	False	PASS	8	PASS	
Lotus_Scripts_Venus_NokkoColony_NokkoVendor.lua_B	True	True	True	False	False	2	PASS	36	36	36	36	PASS	False	PASS	36	PASS	
Lotus_Scripts_Venus_NokkoColony_NokkoVIPHealthScaling.lua_B	True	True	True	True	True	1	PASS	2	2	2	2	None	False	PASS	2	None	
Lotus_Scripts_Venus_NokkoColony_SabotageCreateDestructible.lua_B	True	True	True	False	False	2	PASS	5	5	5	5	PASS	False	PASS	5	PASS	
Lotus_Scripts_Venus_NokkoColony_SecretItem.lua_B	True	True	True	True	True	1	PASS	4	4	4	4	None	False	PASS	4	None	
Lotus_Scripts_Venus_NokkoColony_SuicideEnemyLogic.lua_B	True	True	True	True	True	1	PASS	2	2	2	2	None	False	PASS	2	None	
Lotus_Scripts_Venus_RaceScheduler.lua_B	True	True	True	True	True	1	PASS	2	2	2	2	None	False	PASS	2	None	
Lotus_Scripts_Venus_SetupParkedVehicles.lua_B	True	True	True	True	True	1	PASS	3	3	3	3	None	False	PASS	3	None	
Lotus_Scripts_Venus_SkyTransition.lua_B	True	True	True	False	False	2	PASS	37	37	37	37	PASS	False	PASS	37	PASS	
Lotus_Scripts_Venus_VenusBoundaryTrigger.lua_B	True	True	True	False	False	2	PASS	3	3	3	3	PASS	False	PASS	3	PASS	
Lotus_Scripts_Venus_VenusConservationPlayTransmissionTrigger.lua_B	True	True	True	True	True	1	PASS	2	2	2	2	None	False	PASS	2	None	
Lotus_Scripts_VenusNullifyShieldAura.lua_B	True	True	True	True	True	1	PASS	3	3	3	3	None	False	PASS	3	None	
Lotus_Scripts_VitruvianLore.lua_B	True	True	True	True	True	1	PASS	3	3	3	3	None	False	PASS	3	None	
Lotus_Scripts_VoidProjectionPickUp.lua_B	True	True	True	True	True	1	PASS	2	2	2	2	None	False	PASS	2	None	
Lotus_Scripts_VoidTrader.lua_B	True	True	True	False	False	2	PASS	31	31	31	31	PASS	False	PASS	31	PASS	
Lotus_Scripts_VorsPrize.lua_B	True	True	True	False	False	2	PASS	13	13	13	13	PASS	False	PASS	13	PASS	
Lotus_Scripts_WarWithinCinematicFunctions.lua_B	True	True	True	True	True	1	PASS	10	10	10	10	None	False	PASS	10	None	
Lotus_Scripts_WaterCup.lua_B	True	True	True	False	False	2	PASS	2	2	2	2	PASS	False	PASS	2	PASS	
Lotus_Scripts_WaterDeath.lua_B	True	True	True	True	True	1	PASS	6	6	6	6	None	False	PASS	6	None	
Lotus_Scripts_WaterDroneProximityMine.lua_B	True	True	True	False	False	2	PASS	6	6	6	6	PASS	False	FAIL	5	FAIL	
Lotus_Scripts_WaterProximityBomb.lua_B	True	True	True	False	False	2	PASS	2	2	2	2	PASS	False	PASS	2	PASS	
Lotus_Scripts_WaveDefend.lua_B	True	True	True	False	False	3	PASS	62	62	62	62	FAIL	False	FAIL	59	FAIL	
Lotus_Scripts_WeaponAttachments_1999InfHybridPistol.lua_B	True	True	True	True	True	1	PASS	2	2	2	2	None	False	PASS	2	None	
Lotus_Scripts_WeaponAttachments_AHBoltace.lua_B	True	True	True	False	False	3	PASS	5	5	5	5	PASS	False	PASS	5	PASS	
Lotus_Scripts_WeaponAttachments_AimingLaser.lua_B	True	True	True	False	False	2	PASS	7	7	7	7	PASS	False	PASS	7	PASS	
Lotus_Scripts_WeaponAttachments_ApplyCustomization.lua_B	True	True	True	True	True	1	PASS	6	6	6	6	None	False	PASS	6	None	
Lotus_Scripts_WeaponAttachments_ApplyEmissiveFromElements.lua_B	True	True	True	True	True	1	PASS	2	2	2	2	None	False	PASS	2	None	
Lotus_Scripts_WeaponAttachments_ApplySkin.lua_B	True	True	True	True	True	1	PASS	2	2	2	2	None	False	PASS	2	None	
Lotus_Scripts_WeaponAttachments_ArchGrnAAGun.lua_B	True	True	True	False	False	2	PASS	2	2	2	2	PASS	False	PASS	2	PASS	
Lotus_Scripts_WeaponAttachments_ArchMeleeWeapon.lua_B	True	True	True	True	True	1	PASS	3	3	3	3	None	False	PASS	3	None	
Lotus_Scripts_WeaponAttachments_ArchRocketCrossbow.lua_B	True	True	True	True	True	1	PASS	2	2	2	2	None	False	PASS	2	None	
Lotus_Scripts_WeaponAttachments_AutoCrossbow.lua_B	True	True	True	False	False	2	PASS	8	8	8	8	PASS	False	PASS	8	PASS	
Lotus_Scripts_WeaponAttachments_BaruukDeluxeIIMaceAndShield.lua_B	True	True	True	True	True	1	PASS	3	3	3	3	None	False	FAIL	2	None	
Lotus_Scripts_WeaponAttachments_BioGrenade.lua_B	True	True	True	True	True	1	PASS	2	2	2	2	None	False	PASS	2	None	
Lotus_Scripts_WeaponAttachments_BlendedAnimations.lua_B	True	True	True	True	True	1	PASS	4	4	4	4	None	False	PASS	4	None	
Lotus_Scripts_WeaponAttachments_Boar.lua_B	True	True	True	True	True	1	PASS	8	8	8	8	None	False	PASS	8	None	
Lotus_Scripts_WeaponAttachments_BountyHunterBadge.lua_B	True	True	True	False	False	2	PASS	3	3	3	3	PASS	False	FAIL	2	FAIL	
Lotus_Scripts_WeaponAttachments_BowEffects.lua_B	True	True	True	True	True	1	PASS	3	3	3	3	None	False	PASS	3	None	
Lotus_Scripts_WeaponAttachments_BrawlerKnuckles.lua_B	True	True	True	True	True	1	PASS	3	3	3	3	None	False	PASS	3	None	
Lotus_Scripts_WeaponAttachments_BubbleGun.lua_B	True	True	True	False	False	2	PASS	2	2	2	2	PASS	False	PASS	2	PASS	
Lotus_Scripts_WeaponAttachments_CephalonHammer.lua_B	True	True	True	False	False	2	PASS	5	5	5	5	PASS	False	PASS	5	PASS	
Lotus_Scripts_WeaponAttachments_CephalonPrimary.lua_B	True	True	True	True	True	1	PASS	3	3	3	3	None	False	PASS	3	None	
Lotus_Scripts_WeaponAttachments_ChargeRateAnimation.lua_B	True	True	True	True	True	1	PASS	3	3	3	3	None	False	PASS	3	None	
Lotus_Scripts_WeaponAttachments_CitrineCorufell.lua_B	True	True	True	True	True	1	PASS	2	2	2	2	None	False	PASS	2	None	
Lotus_Scripts_WeaponAttachments_CloakedArrow.lua_B	True	True	True	True	True	1	PASS	3	3	3	3	None	False	PASS	3	None	
Lotus_Scripts_WeaponAttachments_CorpusBow.lua_B	True	True	True	False	False	2	PASS	4	4	4	4	PASS	False	PASS	4	PASS	
Lotus_Scripts_WeaponAttachments_CorpusFreezeRay.lua_B	True	True	True	True	True	1	PASS	2	2	2	2	None	False	PASS	2	None	
Lotus_Scripts_WeaponAttachments_CorpusHammerWeapon.lua_B	True	True	True	True	True	1	PASS	9	9	9	9	None	False	PASS	9	None	
Lotus_Scripts_WeaponAttachments_CorpusHandCannon.lua_B	True	True	True	True	True	1	PASS	8	8	8	8	None	False	PASS	8	None	
Lotus_Scripts_WeaponAttachments_CorpusHandRocketLauncher.lua_B	True	True	True	False	False	2	PASS	12	12	12	12	PASS	False	PASS	12	PASS	
Lotus_Scripts_WeaponAttachments_CorpusMinigun.lua_B	True	True	True	True	True	1	PASS	2	2	2	2	None	False	PASS	2	None	
Lotus_Scripts_WeaponAttachments_CorpusUMP.lua_B	True	True	True	True	True	1	PASS	12	12	12	12	None	False	PASS	12	None	
Lotus_Scripts_WeaponAttachments_CrewShip_AutoCannon.lua_B	True	True	True	False	False	2	PASS	2	2	2	2	PASS	False	PASS	2	PASS	
Lotus_Scripts_WeaponAttachments_CrewShip_RailjackMultiTool.lua_B	True	True	True	False	False	2	PASS	25	25	25	25	PASS	False	PASS	25	PASS	
Lotus_Scripts_WeaponAttachments_CrewShip_ShockerDroneBeam.lua_B	True	True	True	True	True	1	PASS	2	2	2	2	None	False	PASS	2	None	
Lotus_Scripts_WeaponAttachments_CrpAirPistolArray.lua_B	True	True	True	True	True	1	PASS	2	2	2	2	None	False	PASS	2	None	
Lotus_Scripts_WeaponAttachments_CrpBfg.lua_B	True	True	True	False	False	2	PASS	3	3	3	3	PASS	False	FAIL	1	FAIL	
Lotus_Scripts_WeaponAttachments_CrpBFGAnimations.lua_B	True	True	True	False	False	2	PASS	10	10	10	10	PASS	False	PASS	10	PASS	
Lotus_Scripts_WeaponAttachments_CrpBfgBeam.lua_B	True	True	True	True	True	1	PASS	5	5	5	5	None	False	PASS	5	None	
Lotus_Scripts_WeaponAttachments_CrpBigSlash.lua_B	True	True	True	False	False	2	PASS	7	7	7	7	PASS	False	PASS	7	PASS	
Lotus_Scripts_WeaponAttachments_CrpBriefcase.lua_B	True	True	True	False	False	2	PASS	5	5	5	5	PASS	False	PASS	5	PASS	
Lotus_Scripts_WeaponAttachments_CrpBriefcaseScythe.lua_B	True	True	True	True	True	1	PASS	2	2	2	2	None	False	PASS	2	None	
Lotus_Scripts_WeaponAttachments_CrpChargeGun.lua_B	True	True	True	False	False	2	PASS	2	2	2	2	PASS	False	PASS	2	PASS	
Lotus_Scripts_WeaponAttachments_CrpElectroMagDuals.lua_B	True	True	True	True	True	1	PASS	6	6	6	6	None	False	PASS	6	None	
Lotus_Scripts_WeaponAttachments_CrpScopeGun.lua_B	True	True	True	True	True	1	PASS	6	6	6	6	None	False	PASS	6	None	
Lotus_Scripts_WeaponAttachments_CrpShapeBlastCrystal.lua_B	True	True	True	False	False	2	PASS	2	2	2	2	PASS	False	PASS	2	PASS	
Lotus_Scripts_WeaponAttachments_CrpShockRifle.lua_B	True	True	True	False	False	2	PASS	4	4	4	4	PASS	False	PASS	4	PASS	
Lotus_Scripts_WeaponAttachments_CrpShotgun.lua_B	True	True	True	True	True	1	PASS	2	2	2	2	None	False	PASS	2	None	
Lotus_Scripts_WeaponAttachments_CrpSplitLaser.lua_B	True	True	True	True	True	1	PASS	4	4	4	4	None	False	PASS	4	None	
Lotus_Scripts_WeaponAttachments_CrpTonfa.lua_B	True	True	True	False	False	2	PASS	4	4	4	4	PASS	False	FAIL	3	FAIL	
Lotus_Scripts_WeaponAttachments_CsDroidArray.lua_B	True	True	True	False	False	2	PASS	10	10	10	10	PASS	False	PASS	10	PASS	
Lotus_Scripts_WeaponAttachments_DaxDuviriAsymLongBow.lua_B	True	True	True	True	True	1	PASS	5	5	5	5	None	False	PASS	5	None	
Lotus_Scripts_WeaponAttachments_DeimosSupporterSkin.lua_B	True	True	True	False	False	2	PASS	10	10	10	10	PASS	False	PASS	10	PASS	
Lotus_Scripts_WeaponAttachments_DerelictCernos.lua_B	True	True	True	True	True	1	PASS	3	3	3	3	None	False	PASS	3	None	
Lotus_Scripts_WeaponAttachments_DissolveOnHide.lua_B	True	True	True	True	True	1	PASS	7	7	7	7	None	False	PASS	7	None	
Lotus_Scripts_WeaponAttachments_DualZorenPrime.lua_B	True	True	True	True	True	1	PASS	2	2	2	2	None	False	PASS	2	None	
Lotus_Scripts_WeaponAttachments_DuelistBow.lua_B	True	True	True	False	False	2	PASS	10	10	10	10	PASS	False	PASS	10	PASS	
Lotus_Scripts_WeaponAttachments_DuviriHammerWarframe.lua_B	True	True	True	False	False	2	PASS	10	10	10	10	PASS	False	PASS	10	PASS	
Lotus_Scripts_WeaponAttachments_DuviriKatanaWarframe.lua_B	True	True	True	True	True	1	PASS	9	9	9	9	None	False	PASS	9	None	
Lotus_Scripts_WeaponAttachments_DuviriPolearmWarframe.lua_B	True	True	True	True	True	1	PASS	3	3	3	3	None	False	PASS	3	None	
Lotus_Scripts_WeaponAttachments_ElectroProd.lua_B	True	True	True	False	False	2	PASS	2	2	2	2	PASS	False	PASS	2	PASS	
Lotus_Scripts_WeaponAttachments_ElementalEffects.lua_B	True	True	True	True	True	1	PASS	3	3	3	3	None	False	PASS	3	None	
Lotus_Scripts_WeaponAttachments_ElevatingGlow.lua_B	True	True	True	False	False	2	PASS	5	5	5	5	PASS	False	FAIL	4	FAIL	
Lotus_Scripts_WeaponAttachments_EliteAlertBadge.lua_B	True	True	True	True	True	1	PASS	2	2	2	2	None	False	PASS	2	None	
Lotus_Scripts_WeaponAttachments_Entity.lua_B	True	True	True	True	True	1	PASS	3	3	3	3	None	False	PASS	3	None	
Lotus_Scripts_WeaponAttachments_EntratiWristGun.lua_B	True	True	True	True	True	1	PASS	3	3	3	3	None	False	PASS	3	None	
Lotus_Scripts_WeaponAttachments_EntSphereHammer.lua_B	True	True	True	True	True	1	PASS	5	5	5	5	None	False	PASS	5	None	
Lotus_Scripts_WeaponAttachments_EvolvingArmour.lua_B	True	True	True	False	False	2	PASS	10	10	10	10	PASS	False	FAIL	9	FAIL	
Lotus_Scripts_WeaponAttachments_FireExtinguisher.lua_B	True	True	True	False	False	2	PASS	5	5	5	5	PASS	False	PASS	5	PASS	
Lotus_Scripts_WeaponAttachments_FiveShotSniper.lua_B	True	True	True	True	True	1	PASS	3	3	3	3	None	False	PASS	3	None	
Lotus_Scripts_WeaponAttachments_Furis.lua_B	True	True	True	False	False	2	PASS	22	22	22	22	PASS	False	PASS	22	PASS	
Lotus_Scripts_WeaponAttachments_GarudaCrossbow.lua_B	True	True	True	True	True	1	PASS	3	3	3	3	None	False	PASS	3	None	
Lotus_Scripts_WeaponAttachments_GaussWeapon.lua_B	True	True	True	True	True	1	PASS	3	3	3	3	None	False	PASS	3	None	
Lotus_Scripts_WeaponAttachments_GhoulsawWeapon.lua_B	True	True	True	True	True	1	PASS	3	3	3	3	None	False	PASS	3	None	
Lotus_Scripts_WeaponAttachments_GlassHammer.lua_B	True	True	True	True	True	1	PASS	3	3	3	3	None	False	PASS	3	None	
Lotus_Scripts_WeaponAttachments_GlassKunai.lua_B	True	True	True	True	True	1	PASS	3	3	3	3	None	False	PASS	3	None	
Lotus_Scripts_WeaponAttachments_GooGun.lua_B	True	True	True	False	False	2	PASS	6	6	6	6	PASS	False	PASS	6	PASS	
Lotus_Scripts_WeaponAttachments_GrenadeLauncher.lua_B	True	True	True	False	False	2	PASS	13	13	13	13	PASS	False	PASS	13	PASS	
Lotus_Scripts_WeaponAttachments_GrenadeMarker.lua_B	True	True	True	False	False	2	PASS	7	7	7	7	PASS	False	PASS	7	PASS	
Lotus_Scripts_WeaponAttachments_GrineerBulbousSMG.lua_B	True	True	True	True	True	1	PASS	5	5	5	5	None	False	PASS	5	None	
Lotus_Scripts_WeaponAttachments_GrineerMicrowavePistol.lua_B	True	True	True	False	False	2	PASS	7	7	7	7	PASS	False	PASS	7	PASS	
Lotus_Scripts_WeaponAttachments_GrineerSawbladeGun.lua_B	True	True	True	True	True	1	PASS	5	5	5	5	None	False	PASS	5	None	
Lotus_Scripts_WeaponAttachments_GrineerWhip.lua_B	True	True	True	False	False	2	PASS	12	12	12	12	PASS	False	FAIL	11	FAIL	
Lotus_Scripts_WeaponAttachments_GrnAmphisPistol.lua_B	True	True	True	False	False	2	PASS	3	3	3	3	PASS	False	PASS	3	PASS	
Lotus_Scripts_WeaponAttachments_GrnCannon.lua_B	True	True	True	True	True	1	PASS	4	4	4	4	None	False	PASS	4	None	
Lotus_Scripts_WeaponAttachments_GrnChainSawTonfa.lua_B	True	True	True	False	False	2	PASS	12	12	12	12	PASS	False	PASS	12	PASS	
Lotus_Scripts_WeaponAttachments_GrnClaws.lua_B	True	True	True	True	True	1	PASS	9	9	9	9	None	False	PASS	9	None	
Lotus_Scripts_WeaponAttachments_GrnDualFireAxe.lua_B	True	True	True	True	True	1	PASS	6	6	6	6	None	False	PASS	6	None	
Lotus_Scripts_WeaponAttachments_GrnGorgSniper.lua_B	True	True	True	True	True	1	PASS	2	2	2	2	None	False	PASS	2	None	
Lotus_Scripts_WeaponAttachments_GrnGrenadeLauncher.lua_B	True	True	True	True	True	1	PASS	6	6	6	6	None	False	PASS	6	None	
Lotus_Scripts_WeaponAttachments_GrnHarpoonGun.lua_B	True	True	True	False	False	2	PASS	8	8	8	8	PASS	False	PASS	8	PASS	
Lotus_Scripts_WeaponAttachments_GrnHeatGun.lua_B	True	True	True	True	True	1	PASS	3	3	3	3	None	False	PASS	3	None	
Lotus_Scripts_WeaponAttachments_GrnJetpackSniperRifle.lua_B	True	True	True	True	True	1	PASS	2	2	2	2	None	False	PASS	2	None	
Lotus_Scripts_WeaponAttachments_GrnKohmPistol.lua_B	True	True	True	True	True	1	PASS	3	3	3	3	None	False	PASS	3	None	
Lotus_Scripts_WeaponAttachments_GrnMortiforShieldAndSword.lua_B	True	True	True	False	False	2	PASS	7	7	7	7	PASS	False	PASS	7	PASS	
Lotus_Scripts_WeaponAttachments_GrnQueenSceptre.lua_B	True	True	True	False	False	2	PASS	8	8	8	8	PASS	False	PASS	8	PASS	
Lotus_Scripts_WeaponAttachments_GrnSparkGun.lua_B	True	True	True	False	False	2	PASS	4	4	4	4	PASS	False	PASS	4	PASS	
Lotus_Scripts_WeaponAttachments_GrnTwinBurstPistols.lua_B	True	True	True	False	False	2	PASS	5	5	5	5	PASS	False	PASS	5	PASS	
Lotus_Scripts_WeaponAttachments_GunScytheInnate.lua_B	True	True	True	True	True	1	PASS	3	3	3	3	None	False	PASS	3	None	
Lotus_Scripts_WeaponAttachments_GyreRifle.lua_B	True	True	True	True	True	1	PASS	3	3	3	3	None	False	PASS	3	None	
Lotus_Scripts_WeaponAttachments_HarlequinPistols.lua_B	True	True	True	True	True	1	PASS	7	7	7	7	None	False	PASS	7	None	
Lotus_Scripts_WeaponAttachments_HideAmmoDeco.lua_B	True	True	True	True	True	1	PASS	5	5	5	5	None	False	PASS	5	None	
Lotus_Scripts_WeaponAttachments_IceHammer.lua_B	True	True	True	True	True	1	PASS	5	5	5	5	None	False	PASS	5	None	
Lotus_Scripts_WeaponAttachments_InfBeamPistol.lua_B	True	True	True	False	False	2	PASS	14	14	14	14	PASS	False	PASS	14	PASS	
Lotus_Scripts_WeaponAttachments_InfBoomerang.lua_B	True	True	True	False	False	2	PASS	18	18	18	18	PASS	False	PASS	18	PASS	
Lotus_Scripts_WeaponAttachments_InfBoomerangPods.lua_B	True	True	True	True	True	1	FAIL	3	4	3	4	None	False	PASS	4	None	
Lotus_Scripts_WeaponAttachments_InfCernos.lua_B	True	True	True	True	True	1	PASS	4	4	4	4	None	False	PASS	4	None	
Lotus_Scripts_WeaponAttachments_InfCrpShockSwarm.lua_B	True	True	True	True	True	1	PASS	5	5	5	5	None	False	FAIL	4	None	
Lotus_Scripts_WeaponAttachments_InfestedBurstRifle.lua_B	True	True	True	True	True	1	PASS	2	2	2	2	None	False	PASS	2	None	
Lotus_Scripts_WeaponAttachments_InfestedDartPistol.lua_B	True	True	True	True	True	1	PASS	5	5	5	5	None	False	PASS	5	None	
Lotus_Scripts_WeaponAttachments_InfestedPunchKick.lua_B	True	True	True	False	False	2	PASS	3	3	3	3	PASS	False	PASS	3	PASS	
Lotus_Scripts_WeaponAttachments_InfestedQuanta.lua_B	True	True	True	False	False	2	PASS	5	5	5	5	PASS	False	PASS	5	PASS	
Lotus_Scripts_WeaponAttachments_InfestedScythe.lua_B	True	True	True	False	False	2	PASS	11	11	11	11	PASS	False	PASS	11	PASS	
Lotus_Scripts_WeaponAttachments_InfLichMeleeHammer.lua_B	True	True	True	True	True	1	PASS	5	5	5	5	None	False	PASS	5	None	
Lotus_Scripts_WeaponAttachments_InfNunchaku.lua_B	True	True	True	True	True	1	PASS	5	5	5	5	None	False	PASS	5	None	
Lotus_Scripts_WeaponAttachments_InfProximityStars.lua_B	True	True	True	True	True	1	PASS	3	3	3	3	None	False	PASS	3	None	
Lotus_Scripts_WeaponAttachments_InfTipedo.lua_B	True	True	True	True	True	1	PASS	2	2	2	2	None	False	PASS	2	None	
Lotus_Scripts_WeaponAttachments_InfTransformClaws.lua_B	True	True	True	False	False	2	PASS	16	16	16	16	PASS	False	PASS	16	PASS	
Lotus_Scripts_WeaponAttachments_InfUziWeapon.lua_B	True	True	True	True	True	1	PASS	8	8	8	8	None	False	PASS	8	None	
Lotus_Scripts_WeaponAttachments_InfVomitGun.lua_B	True	True	True	True	True	1	PASS	4	4	4	4	None	False	PASS	4	None	
Lotus_Scripts_WeaponAttachments_InfWarfanWeapon.lua_B	True	True	True	True	True	1	PASS	8	8	8	8	None	False	PASS	8	None	
Lotus_Scripts_WeaponAttachments_KayaChestEffects.lua_B	True	True	True	True	True	1	PASS	2	2	2	2	None	False	PASS	2	None	
Lotus_Scripts_WeaponAttachments_LaserAimRifle.lua_B	True	True	True	False	False	2	PASS	7	7	7	7	PASS	False	PASS	7	PASS	
Lotus_Scripts_WeaponAttachments_LaserSightBeam.lua_B	True	True	True	True	True	1	PASS	2	2	2	2	None	False	PASS	2	None	
Lotus_Scripts_WeaponAttachments_LasGrenadeLauncher.lua_B	True	True	True	True	True	1	PASS	2	2	2	2	None	False	PASS	2	None	
Lotus_Scripts_WeaponAttachments_LasrianNoxWeapon.lua_B	True	True	True	False	False	2	PASS	6	6	6	6	PASS	False	PASS	6	PASS	
Lotus_Scripts_WeaponAttachments_LightningRifle.lua_B	True	True	True	False	False	2	PASS	5	5	5	5	PASS	False	PASS	5	PASS	
Lotus_Scripts_WeaponAttachments_LoopingFireAnimation.lua_B	True	True	True	False	False	None	PASS	3	3	3	3	None	False	FAIL	2	None	
Lotus_Scripts_WeaponAttachments_LotusHandCompassEffects.lua_B	True	True	True	False	False	2	PASS	11	11	11	11	PASS	False	PASS	11	PASS	
Lotus_Scripts_WeaponAttachments_MegaBeamDeco.lua_B	True	True	True	True	True	1	PASS	2	2	2	2	None	False	PASS	2	None	
Lotus_Scripts_WeaponAttachments_MicrowavePistolBeam.lua_B	True	True	True	False	False	2	PASS	3	3	3	3	PASS	False	PASS	3	PASS	
Lotus_Scripts_WeaponAttachments_NLMagistar.lua_B	True	True	True	True	True	1	PASS	7	7	7	7	None	False	PASS	7	None	
Lotus_Scripts_WeaponAttachments_NovaPrime.lua_B	True	True	True	True	True	1	PASS	2	2	2	2	None	False	PASS	2	None	
Lotus_Scripts_WeaponAttachments_NoxWeapon.lua_B	True	True	True	False	False	2	PASS	5	5	5	5	PASS	False	PASS	5	PASS	
Lotus_Scripts_WeaponAttachments_Nunchaku.lua_B	True	True	True	False	False	2	PASS	3	3	3	3	PASS	False	PASS	3	PASS	
Lotus_Scripts_WeaponAttachments_NWOrokinSword.lua_B	True	True	True	False	False	2	PASS	24	24	24	24	PASS	False	FAIL	23	FAIL	
Lotus_Scripts_WeaponAttachments_OmicrusFX.lua_B	True	True	True	False	False	2	PASS	7	7	7	7	PASS	False	PASS	7	PASS	
Lotus_Scripts_WeaponAttachments_OperatorBeamWeapon.lua_B	True	True	True	True	True	1	PASS	3	3	3	3	None	False	PASS	3	None	
Lotus_Scripts_WeaponAttachments_OperatorMeleeWeapon.lua_B	True	True	True	True	True	1	PASS	16	16	16	16	None	False	PASS	16	None	
Lotus_Scripts_WeaponAttachments_PerfectCounter.lua_B	True	True	True	True	True	1	PASS	6	6	6	6	None	False	PASS	6	None	
Lotus_Scripts_WeaponAttachments_PersianMachete.lua_B	True	True	True	True	True	1	PASS	2	2	2	2	None	False	PASS	2	None	
Lotus_Scripts_WeaponAttachments_PlayAnimation.lua_B	True	True	True	False	False	2	PASS	14	14	14	14	PASS	False	PASS	14	PASS	
Lotus_Scripts_WeaponAttachments_PrimeAfentisWeapon.lua_B	True	True	True	False	False	2	PASS	10	10	10	10	PASS	False	PASS	10	PASS	
Lotus_Scripts_WeaponAttachments_PrimeLiDagger.lua_B	True	True	True	True	True	1	PASS	5	5	5	5	None	False	PASS	5	None	
Lotus_Scripts_WeaponAttachments_PrimePerigaleSniper.lua_B	True	True	True	True	True	1	PASS	2	2	2	2	None	False	PASS	2	None	
Lotus_Scripts_WeaponAttachments_PrimeSilvaAegis.lua_B	True	True	True	True	True	1	PASS	4	4	4	4	None	False	PASS	4	None	
Lotus_Scripts_WeaponAttachments_PrimeVectis.lua_B	True	True	True	True	True	1	PASS	4	4	4	4	None	False	PASS	4	None	
Lotus_Scripts_WeaponAttachments_ProjectileEffects.lua_B	True	True	True	True	True	1	PASS	2	2	2	2	None	False	PASS	2	None	
Lotus_Scripts_WeaponAttachments_Projectiles.lua_B	True	True	True	True	True	1	PASS	2	2	2	2	None	False	PASS	2	None	
Lotus_Scripts_WeaponAttachments_PSLecta.lua_B	True	True	True	True	True	1	PASS	2	2	2	2	None	False	PASS	2	None	
Lotus_Scripts_WeaponAttachments_PulsingAnimation.lua_B	True	True	True	True	True	1	PASS	3	3	3	3	None	False	PASS	3	None	
Lotus_Scripts_WeaponAttachments_QuillDartgun.lua_B	True	True	True	True	True	1	PASS	3	3	3	3	None	False	PASS	3	None	
Lotus_Scripts_WeaponAttachments_QuillDartgunSignature.lua_B	True	True	True	True	True	1	PASS	3	3	3	3	None	False	PASS	3	None	
Lotus_Scripts_WeaponAttachments_QuillDualSwordsSignature.lua_B	True	True	True	True	True	1	PASS	3	3	3	3	None	False	PASS	3	None	
Lotus_Scripts_WeaponAttachments_RailJackAutoCannon.lua_B	True	True	True	False	False	2	PASS	4	4	4	4	PASS	False	PASS	4	PASS	
Lotus_Scripts_WeaponAttachments_Rauta.lua_B	True	True	True	True	True	1	PASS	14	14	14	14	None	False	PASS	14	None	
Lotus_Scripts_WeaponAttachments_RegorAxeShield.lua_B	True	True	True	False	False	2	PASS	11	11	11	11	PASS	False	PASS	11	PASS	
Lotus_Scripts_WeaponAttachments_ReleaseProjectileOnEvent.lua_B	True	True	True	False	False	2	PASS	3	3	3	3	PASS	False	PASS	3	PASS	
Lotus_Scripts_WeaponAttachments_RevenantShotgun.lua_B	True	True	True	True	True	1	PASS	3	3	3	3	None	False	PASS	3	None	
Lotus_Scripts_WeaponAttachments_RocketLauncher.lua_B	True	True	True	True	True	1	PASS	4	4	4	4	None	False	PASS	4	None	
Lotus_Scripts_WeaponAttachments_RVDarkDagger.lua_B	True	True	True	True	True	1	PASS	2	2	2	2	None	False	PASS	2	None	
Lotus_Scripts_WeaponAttachments_ScaleAttachment.lua_B	True	True	True	False	False	2	PASS	12	12	12	12	PASS	False	PASS	12	PASS	
Lotus_Scripts_WeaponAttachments_SentJointedScythe.lua_B	True	True	True	True	True	1	PASS	3	3	3	3	None	False	PASS	3	None	
Lotus_Scripts_WeaponAttachments_ShrineMaidenNaginata.lua_B	True	True	True	False	False	2	PASS	13	13	13	13	PASS	False	PASS	13	PASS	
Lotus_Scripts_WeaponAttachments_SMSydon.lua_B	True	True	True	True	True	1	PASS	7	7	7	7	None	False	FAIL	6	None	
Lotus_Scripts_WeaponAttachments_SomaDualKamas.lua_B	True	True	True	False	False	2	PASS	4	4	4	4	PASS	False	PASS	4	PASS	
Lotus_Scripts_WeaponAttachments_SomaPrime.lua_B	True	True	True	True	True	1	PASS	11	11	11	11	None	False	PASS	11	None	
Lotus_Scripts_WeaponAttachments_SomaSidearm.lua_B	True	True	True	True	True	1	PASS	8	8	8	8	None	False	PASS	8	None	
Lotus_Scripts_WeaponAttachments_SpearFishingSpear.lua_B	True	True	True	False	False	2	PASS	3	3	3	3	PASS	False	PASS	3	PASS	
Lotus_Scripts_WeaponAttachments_SpearWeapons.lua_B	True	True	True	False	False	2	PASS	22	22	22	22	PASS	False	PASS	22	PASS	
Lotus_Scripts_WeaponAttachments_SpinningArrow.lua_B	True	True	True	True	True	1	PASS	2	2	2	2	None	False	PASS	2	None	
Lotus_Scripts_WeaponAttachments_StickyBomb.lua_B	True	True	True	False	False	2	PASS	2	2	2	2	PASS	False	PASS	2	PASS	
Lotus_Scripts_WeaponAttachments_SUBarrelA.lua_B	True	True	True	True	True	1	PASS	2	2	2	2	None	False	PASS	2	None	
Lotus_Scripts_WeaponAttachments_SundialAxe.lua_B	True	True	True	True	True	1	PASS	7	7	7	7	None	False	PASS	7	None	
Lotus_Scripts_WeaponAttachments_SundialPistol.lua_B	True	True	True	True	True	1	PASS	11	11	11	11	None	False	PASS	11	None	
Lotus_Scripts_WeaponAttachments_SundialRifle.lua_B	True	True	True	False	False	2	PASS	13	13	13	13	PASS	False	PASS	13	PASS	
Lotus_Scripts_WeaponAttachments_SwordShield.lua_B	True	True	True	True	True	1	PASS	2	2	2	2	None	False	PASS	2	None	
Lotus_Scripts_WeaponAttachments_TennoAR.lua_B	True	True	True	True	True	1	PASS	7	7	7	7	None	False	PASS	7	None	
Lotus_Scripts_WeaponAttachments_TennoTommyGun.lua_B	True	True	True	True	True	1	PASS	9	9	9	9	None	False	PASS	9	None	
Lotus_Scripts_WeaponAttachments_TennoUzi.lua_B	True	True	True	True	True	1	PASS	9	9	9	9	None	False	PASS	9	None	
Lotus_Scripts_WeaponAttachments_Tentacluster.lua_B	True	True	True	False	False	2	PASS	3	3	3	3	PASS	False	PASS	3	PASS	
Lotus_Scripts_WeaponAttachments_TeshinGlaive.lua_B	True	True	True	False	False	2	PASS	3	3	3	3	PASS	False	PASS	3	PASS	
Lotus_Scripts_WeaponAttachments_ThanotechArchgun.lua_B	True	True	True	False	False	2	PASS	5	5	5	5	PASS	False	PASS	5	PASS	
Lotus_Scripts_WeaponAttachments_ThrownWeapon.lua_B	True	True	True	False	False	2	PASS	5	5	5	5	PASS	False	PASS	5	PASS	
Lotus_Scripts_WeaponAttachments_TickTock.lua_B	True	True	True	True	True	1	PASS	3	3	3	3	None	False	PASS	3	None	
Lotus_Scripts_WeaponAttachments_TnAlchemistShotgun.lua_B	True	True	True	False	False	2	PASS	13	13	13	13	PASS	False	PASS	13	PASS	
Lotus_Scripts_WeaponAttachments_TnAlchemistShotgunSignatureMod.lua_B	True	True	True	True	True	1	PASS	3	3	3	3	None	False	PASS	3	None	
Lotus_Scripts_WeaponAttachments_TnBardPistol.lua_B	True	True	True	True	True	1	PASS	3	3	3	3	None	False	PASS	3	None	
Lotus_Scripts_WeaponAttachments_TnBardRifle.lua_B	True	True	True	True	True	1	PASS	4	4	4	4	None	False	PASS	4	None	
Lotus_Scripts_WeaponAttachments_TnBeltFedRifle.lua_B	True	True	True	True	True	1	PASS	6	6	6	6	None	False	PASS	6	None	
Lotus_Scripts_WeaponAttachments_TnChiselKanabo.lua_B	True	True	True	False	False	2	PASS	7	7	7	7	PASS	False	PASS	7	PASS	
Lotus_Scripts_WeaponAttachments_TnChiselKanaboUpgrade.lua_B	True	True	True	True	True	1	PASS	3	3	3	3	None	False	PASS	3	None	
Lotus_Scripts_WeaponAttachments_TnDagathBladeWhip.lua_B	True	True	True	False	False	2	PASS	12	12	12	12	PASS	False	FAIL	11	FAIL	
Lotus_Scripts_WeaponAttachments_TnDagathBladeWhipSignatureMod.lua_B	True	True	True	True	True	1	PASS	3	3	3	3	None	False	PASS	3	None	
Lotus_Scripts_WeaponAttachments_TnGlassShotgun.lua_B	True	True	True	True	True	1	PASS	3	3	3	3	None	False	PASS	3	None	
Lotus_Scripts_WeaponAttachments_TnGrimoire.lua_B	True	True	True	True	True	1	PASS	6	6	6	6	None	False	PASS	6	None	
Lotus_Scripts_WeaponAttachments_TnHeavyShotgun.lua_B	True	True	True	True	True	1	PASS	7	7	7	7	None	False	FAIL	5	None	
Lotus_Scripts_WeaponAttachments_TnHopliteSpear.lua_B	True	True	True	True	True	1	PASS	3	3	3	3	None	False	PASS	3	None	
Lotus_Scripts_WeaponAttachments_TnHopliteSpearGunWeapon.lua_B	True	True	True	False	False	2	PASS	10	10	10	10	PASS	False	PASS	10	PASS	
Lotus_Scripts_WeaponAttachments_TnNyxDeluxeShotgun.lua_B	True	True	True	False	False	2	PASS	5	5	5	5	PASS	False	PASS	5	PASS	
Lotus_Scripts_WeaponAttachments_TnOctaMiniGun.lua_B	True	True	True	False	False	2	PASS	27	27	27	27	PASS	False	PASS	27	PASS	
Lotus_Scripts_WeaponAttachments_TnOdaliskSmgPistol.lua_B	True	True	True	True	True	1	PASS	3	3	3	3	None	False	PASS	3	None	
Lotus_Scripts_WeaponAttachments_TnoLotusPodShotgun.lua_B	True	True	True	True	True	1	PASS	5	5	5	5	None	False	PASS	5	None	
Lotus_Scripts_WeaponAttachments_TnoLotusPodShotgunSignature.lua_B	True	True	True	True	True	1	PASS	3	3	3	3	None	False	PASS	3	None	
Lotus_Scripts_WeaponAttachments_TnoMiter.lua_B	True	True	True	False	False	2	PASS	5	5	5	5	PASS	False	PASS	5	PASS	
Lotus_Scripts_WeaponAttachments_TnOraxiaFlechette.lua_B	True	True	True	False	False	2	PASS	11	11	11	11	PASS	False	PASS	11	PASS	
Lotus_Scripts_WeaponAttachments_TnPriestPistol.lua_B	True	True	True	True	True	1	PASS	3	3	3	3	None	False	PASS	3	None	
Lotus_Scripts_WeaponAttachments_TnRailjackGreatKatanaWeapon.lua_B	True	True	True	True	True	1	PASS	2	2	2	2	None	False	PASS	2	None	
Lotus_Scripts_WeaponAttachments_TnShieldFrameArchGun.lua_B	True	True	True	True	True	1	PASS	12	12	12	12	None	False	PASS	12	None	
Lotus_Scripts_WeaponAttachments_TnTube.lua_B	True	True	True	True	True	1	PASS	2	2	2	2	None	False	PASS	2	None	
Lotus_Scripts_WeaponAttachments_TnTwoHandedKatana.lua_B	True	True	True	True	True	1	PASS	2	2	2	2	None	False	PASS	2	None	
Lotus_Scripts_WeaponAttachments_TnWispRifle.lua_B	True	True	True	False	False	2	PASS	22	22	22	22	PASS	False	PASS	22	PASS	
Lotus_Scripts_WeaponAttachments_TnWraitheSidearm.lua_B	True	True	True	True	True	1	PASS	3	3	3	3	None	False	PASS	3	None	
Lotus_Scripts_WeaponAttachments_TnYareliPistol.lua_B	True	True	True	True	True	1	PASS	3	3	3	3	None	False	PASS	3	None	
Lotus_Scripts_WeaponAttachments_TraceFiringProjectile.lua_B	True	True	True	True	True	1	PASS	2	2	2	2	None	False	PASS	2	None	
Lotus_Scripts_WeaponAttachments_UmbraKatana.lua_B	True	True	True	False	False	2	PASS	5	5	5	5	PASS	False	PASS	5	PASS	
Lotus_Scripts_WeaponAttachments_WarframeHumanSkins.lua_B	True	True	True	False	False	2	PASS	17	17	17	17	PASS	False	PASS	17	PASS	
Lotus_Scripts_WeaponAttachments_WaterGun.lua_B	True	True	True	True	True	1	PASS	4	4	4	4	None	False	PASS	4	None	
Lotus_Scripts_WeaponAttachments_WeaponAttachmentIK.lua_B	True	True	True	True	True	1	PASS	3	3	3	3	None	False	PASS	3	None	
Lotus_Scripts_WeaponAttachments_WeaponDecoEffects.lua_B	True	True	True	False	False	2	PASS	8	8	8	8	PASS	False	PASS	8	PASS	
Lotus_Scripts_WeaponAttachments_WeaponPerfectCharge.lua_B	True	True	True	True	True	1	PASS	2	2	2	2	None	False	PASS	2	None	
Lotus_Scripts_WeaponAttachments_WeaponSpin.lua_B	True	True	True	False	False	2	PASS	4	4	4	4	PASS	False	PASS	4	PASS	
Lotus_Scripts_WeaponAttachments_WeaponSpinEx.lua_B	True	True	True	False	False	2	PASS	2	2	2	2	PASS	False	PASS	2	PASS	
Lotus_Scripts_WeaponAttachments_WeaponUtil.lua_B	True	True	True	True	True	1	PASS	9	9	9	9	None	False	PASS	9	None	
Lotus_Scripts_WeaponAttachments_WeaponZoomMultiplier.lua_B	True	True	True	True	True	1	PASS	5	5	5	5	None	False	PASS	5	None	
Lotus_Scripts_WeaponAttachments_WolfFrameAxe.lua_B	True	True	True	True	True	1	PASS	4	4	4	4	None	False	PASS	4	None	
Lotus_Scripts_WeaponAttachments_ZarimanDagger.lua_B	True	True	True	False	False	2	PASS	21	21	21	21	PASS	False	PASS	21	PASS	
Lotus_Scripts_WeaponAttachments_ZarimanHeavyPistol.lua_B	True	True	True	False	False	2	PASS	8	8	8	8	PASS	False	PASS	8	PASS	
Lotus_Scripts_WeaponAttachments_ZarimanHeavyRifle.lua_B	True	True	True	False	False	2	PASS	10	10	10	10	PASS	False	PASS	10	PASS	
Lotus_Scripts_WeaponAttachments_ZarimanShotgun.lua_B	True	True	True	False	False	2	PASS	10	10	10	10	PASS	False	PASS	10	PASS	
Lotus_Scripts_WeaponAttachments_ZarimanTonfaWeapon.lua_B	True	True	True	False	False	2	PASS	15	15	15	15	PASS	False	PASS	15	PASS	
Lotus_Scripts_WeaponStuff.lua_B	True	True	True	True	True	1	PASS	2	2	2	2	None	False	PASS	2	None	
Lotus_Scripts_Weather.lua_B	True	True	True	False	False	2	PASS	8	8	8	8	PASS	False	PASS	8	PASS	
Lotus_Scripts_Zariman_AlertEnemies.lua_B	True	True	True	True	True	1	PASS	2	2	2	2	None	False	PASS	2	None	
Lotus_Scripts_Zariman_Apartment.lua_B	True	True	True	False	False	3	PASS	29	29	29	29	PASS	False	FAIL	28	FAIL	
Lotus_Scripts_Zariman_ApartmentUtilities.lua_B	True	True	True	False	False	2	PASS	4	4	4	4	PASS	False	PASS	4	PASS	
Lotus_Scripts_Zariman_Encounters_BeamTurretOnHit.lua_B	True	True	True	False	False	2	PASS	3	3	3	3	PASS	False	PASS	3	PASS	
Lotus_Scripts_Zariman_Encounters_BossTether.lua_B	True	True	True	False	False	2	PASS	6	6	6	6	PASS	False	PASS	6	PASS	
Lotus_Scripts_Zariman_Encounters_DynamicAssassinateEndless.lua_B	True	True	True	False	False	3	PASS	103	103	103	103	PASS	False	FAIL	101	FAIL	
Lotus_Scripts_Zariman_Encounters_EndlessAssassinateMods.lua_B	True	True	True	True	True	1	PASS	2	2	2	2	None	False	PASS	2	None	
Lotus_Scripts_Zariman_Encounters_TurretDeployer.lua_B	True	True	True	True	True	1	PASS	15	15	15	15	None	False	PASS	15	None	
Lotus_Scripts_Zariman_Gardening.lua_B	True	True	True	False	False	2	PASS	16	16	16	16	PASS	False	FAIL	15	FAIL	
Lotus_Scripts_Zariman_TeleportToElevator.lua_B	True	True	True	False	False	2	PASS	5	5	5	5	PASS	False	PASS	5	FAIL	
Lotus_Scripts_Zariman_ZarimanFaceBlending.lua_B	True	True	True	True	True	1	PASS	6	6	6	6	None	False	PASS	6	None	
Lotus_Scripts_Zariman_ZarimanHub.lua_B	True	True	True	False	False	2	PASS	5	5	5	5	PASS	False	PASS	5	PASS	
Lotus_Scripts_Zariman_ZarimanLunaroCourt.lua_B	True	True	True	True	True	1	PASS	3	3	3	3	None	False	PASS	3	None	
Lotus_Scripts_Zariman_ZarimanMissionUtils.lua_B	True	True	True	True	True	1	PASS	2	2	2	2	None	False	PASS	2	None	
Lotus_Scripts_Zariman_ZarimanSyndicateTransmissions.lua_B	True	True	True	True	True	1	PASS	2	2	2	2	None	False	PASS	2	None	
Lotus_Scripts_Zombie.lua_B	True	True	True	False	False	3	PASS	15	15	15	15	PASS	False	PASS	15	PASS	
Lotus_Sounds_Ambience_GrineerForest_ForestTitaniaShrine_Scripts_TurnOffTriggersIfNotQuest.lua_B	True	True	True	True	True	1	PASS	2	2	2	2	None	False	PASS	2	None	
Lotus_Sounds_Dialog_Deimos_OtakLoid_OtakLoidConversationExtras.lua_B	True	True	True	True	True	1	PASS	3	3	3	3	None	False	PASS	3	None	
Lotus_Syndicates_Solaris_SpawnSupplyDrop.lua_B	True	True	True	True	True	1	PASS	6	6	6	6	None	False	PASS	6	None	
Lotus_Types_Challenges_EvolvingWeaponUpgrades.lua_B	True	True	True	False	False	2	PASS	2	2	2	2	PASS	False	PASS	2	PASS	
Lotus_Types_Challenges_FullZarimanSet.lua_B	True	True	True	False	False	2	PASS	6	6	6	6	PASS	False	PASS	6	PASS	
Lotus_Types_Challenges_MeleeOnlyModeFinisher.lua_B	True	True	True	False	False	2	PASS	5	5	5	5	PASS	False	PASS	5	PASS	
Lotus_Types_Challenges_Scripts_MatchWeaponSlot.lua_B	True	True	True	True	True	1	PASS	2	2	2	2	None	False	PASS	2	None	
Lotus_Types_Challenges_Seasons_Daily_DailyChallengeConditions.lua_B	True	True	True	True	True	1	PASS	2	2	2	2	None	False	PASS	2	None	
Lotus_Types_Challenges_TheSwordAlone.lua_B	True	True	True	True	True	1	PASS	5	5	5	5	None	False	PASS	5	None	
Lotus_Types_Challenges_WeaponChallenges_IncarnonKillsCounter.lua_B	True	True	True	True	True	1	PASS	2	2	2	2	None	False	PASS	2	None	
Lotus_Types_Challenges_WeaponChallenges_MeleeComboCounter.lua_B	True	True	True	True	True	1	PASS	3	3	3	3	None	False	PASS	3	None	
Lotus_Types_Enemies_AdvancedSpawners_AmalgamSpawnScript.lua_B	True	True	True	False	False	2	PASS	16	16	16	16	PASS	False	FAIL	14	FAIL	
Lotus_Types_Enemies_AdvancedSpawners_AristocratManagerSpawnScript.lua_B	True	True	True	False	False	2	PASS	7	7	7	7	PASS	False	PASS	7	PASS	
Lotus_Types_Enemies_AdvancedSpawners_BursaSpawnScript.lua_B	True	True	True	False	False	None	PASS	10	10	10	10	None	False	FAIL	9	None	decompile pass 5: timeout
Lotus_Types_Enemies_AdvancedSpawners_CatbrowSpawnScript.lua_B	True	True	True	False	False	2	PASS	4	4	4	4	PASS	False	PASS	4	PASS	
Lotus_Types_Enemies_AdvancedSpawners_ColonistRescueSyndicateAssassins.lua_B	True	True	True	False	False	2	PASS	4	4	4	4	PASS	False	PASS	4	FAIL	
Lotus_Types_Enemies_AdvancedSpawners_ConstrainedSpawnScript.lua_B	True	True	True	True	True	1	PASS	2	2	2	2	None	False	PASS	2	None	
Lotus_Types_Enemies_AdvancedSpawners_CorpusModularSpawnerScript.lua_B	True	True	True	False	False	2	PASS	7	7	7	7	PASS	False	FAIL	6	FAIL	
Lotus_Types_Enemies_AdvancedSpawners_ErrantSpecterInvasion.lua_B	True	True	True	False	False	2	PASS	5	5	5	5	PASS	False	FAIL	4	FAIL	
Lotus_Types_Enemies_AdvancedSpawners_GhoulGraveSpawnScript.lua_B	True	True	True	False	False	2	PASS	5	5	5	5	PASS	False	PASS	5	PASS	
Lotus_Types_Enemies_AdvancedSpawners_GrineerWorkerSpawnScript.lua_B	True	True	True	False	False	2	PASS	4	4	4	4	PASS	False	PASS	4	PASS	
Lotus_Types_Enemies_AdvancedSpawners_GruzlingAdvancedSpawnScript.lua_B	True	True	True	False	False	2	PASS	6	6	6	6	PASS	False	PASS	6	PASS	
Lotus_Types_Enemies_AdvancedSpawners_JuggernautSpawnScript.lua_B	True	True	True	False	False	2	PASS	13	13	13	13	PASS	False	FAIL	10	FAIL	
Lotus_Types_Enemies_AdvancedSpawners_LawyerPetSpawnScript.lua_B	True	True	True	False	False	2	PASS	4	4	4	4	PASS	False	PASS	4	PASS	
Lotus_Types_Enemies_AdvancedSpawners_LawyerTreasurerSpawnScript.lua_B	True	True	True	False	False	2	PASS	6	6	6	6	PASS	False	PASS	6	PASS	
Lotus_Types_Enemies_AdvancedSpawners_ManicGrineerSpawnScript.lua_B	True	True	True	False	False	2	PASS	10	10	10	10	PASS	False	FAIL	8	FAIL	
Lotus_Types_Enemies_AdvancedSpawners_MiasmiteHiveSpawnScript.lua_B	True	True	True	False	False	2	PASS	7	7	7	7	PASS	False	PASS	7	PASS	
Lotus_Types_Enemies_AdvancedSpawners_MobDefGenericMinibossSpawnScript.lua_B	True	True	True	False	False	2	PASS	2	2	2	2	PASS	False	FAIL	1	FAIL	
Lotus_Types_Enemies_AdvancedSpawners_SentientScoutScanEventSpawnScript.lua_B	True	True	True	False	False	2	PASS	20	20	20	20	PASS	False	FAIL	19	FAIL	
Lotus_Types_Enemies_AdvancedSpawners_SentientTrooperSpawnScript.lua_B	True	True	True	False	False	2	PASS	18	18	18	18	PASS	False	FAIL	17	FAIL	
Lotus_Types_Enemies_AdvancedSpawners_StalkerAcolyteQuestSpawner.lua_B	True	True	True	False	False	2	PASS	6	6	6	6	PASS	False	PASS	6	PASS	
Lotus_Types_Enemies_AdvancedSpawners_SurvivalGenericMinibossSpawnScript.lua_B	True	True	True	False	False	2	PASS	4	4	4	4	PASS	False	FAIL	3	FAIL	
Lotus_Types_Enemies_AdvancedSpawners_VialDroneSpawnScript.lua_B	True	True	True	True	True	1	PASS	2	2	2	2	None	False	PASS	2	None	
Lotus_Types_Enemies_AdvancedSpawners_WolfGangsterSpawnScript.lua_B	True	True	True	False	False	2	PASS	11	11	11	11	PASS	False	FAIL	10	FAIL	
Lotus_Types_Enemies_CaptureTargets_CaptureTargetInvincible.lua_B	True	True	True	False	False	2	PASS	2	2	2	2	PASS	False	PASS	2	PASS	
Lotus_Types_Enemies_Corpus_AladVPet_SlowMoBall.lua_B	True	True	True	True	True	1	PASS	2	2	2	2	None	False	PASS	2	None	
Lotus_Types_Enemies_Corpus_Drones_Vip_RaptorTwo.lua_B	True	True	True	False	False	2	PASS	13	13	13	13	PASS	False	FAIL	12	FAIL	
Lotus_Types_Enemies_Corpus_Drones_Vip_RaptorTwoBeam.lua_B	True	True	True	True	True	1	PASS	3	3	3	3	None	False	PASS	3	None	
Lotus_Types_Enemies_Corpus_Dropship_DropshipActions.lua_B	True	True	True	False	False	2	PASS	30	30	30	30	PASS	False	PASS	30	PASS	
Lotus_Types_Enemies_Corpus_Dropship_DropShipMonitor.lua_B	True	True	True	True	True	1	PASS	4	4	4	4	None	False	PASS	4	None	
Lotus_Types_Enemies_Corpus_QuadRobot_JackalTurretSetup.lua_B	True	True	True	True	True	1	PASS	2	2	2	2	None	False	PASS	2	None	
Lotus_Types_Enemies_Corpus_Railjack_Avatars_CrpAdmiralOnDeath.lua_B	True	True	True	True	True	1	PASS	3	3	3	3	None	False	PASS	3	None	
Lotus_Types_Enemies_Corpus_Vehicle_WheelTurner.lua_B	True	True	True	False	False	2	PASS	4	4	4	4	PASS	False	PASS	4	PASS	
Lotus_Types_Enemies_Corpus_Vip_Ambulas_AmbulasAirStrike.lua_B	True	True	True	False	False	2	PASS	7	7	7	7	PASS	False	PASS	7	PASS	
Lotus_Types_Enemies_Corpus_Vip_Ambulas_AmbulasBossTransmissions.lua_B	True	True	True	True	True	1	PASS	3	3	3	3	None	False	PASS	3	None	
Lotus_Types_Enemies_Corpus_Vip_Ambulas_AmbulasBulletEffect.lua_B	True	True	True	True	True	1	PASS	2	2	2	2	None	False	PASS	2	None	
Lotus_Types_Enemies_Corpus_Vip_Ambulas_AmbulasCargoShip.lua_B	True	True	True	True	True	1	PASS	10	10	10	10	None	False	PASS	10	None	
Lotus_Types_Enemies_Corpus_Vip_Ambulas_AmbulasOrbitalLaser.lua_B	True	True	True	True	True	1	PASS	5	5	5	5	None	False	FAIL	4	None	
Lotus_Types_Enemies_CorpusChampions_ChampionWeapons_DoTeleportEffects.lua_B	True	True	True	True	True	1	PASS	2	2	2	2	None	False	PASS	2	None	
Lotus_Types_Enemies_CorpusChampions_JohnProdman_JohnProdmanExit.lua_B	True	True	True	True	True	1	PASS	2	2	2	2	None	False	PASS	2	None	
Lotus_Types_Enemies_CorpusChampions_TeamB_StunAlliesOnDeath.lua_B	True	True	True	True	True	1	PASS	2	2	2	2	None	False	PASS	2	None	
Lotus_Types_Enemies_Duviri_Dragon_Flying_DragonAirMineLauncher.lua_B	True	True	True	False	False	2	PASS	7	7	7	7	PASS	False	PASS	7	PASS	
Lotus_Types_Enemies_Duviri_Dragon_Flying_DragonBoss.lua_B	True	True	True	False	False	2	PASS	22	22	22	22	PASS	False	FAIL	20	FAIL	
Lotus_Types_Enemies_Duviri_Dragon_Flying_DragonFireballLauncher.lua_B	True	True	True	False	False	2	PASS	5	5	5	5	PASS	False	PASS	5	PASS	
Lotus_Types_Enemies_Duviri_Dragon_Flying_DragonTransference.lua_B	True	True	True	False	False	2	PASS	8	8	8	8	PASS	False	FAIL	7	FAIL	
Lotus_Types_Enemies_Duviri_Dragon_Flying_DuviriHorseSpeedBoost.lua_B	True	True	True	False	False	2	PASS	5	5	5	5	PASS	False	PASS	5	PASS	
Lotus_Types_Enemies_Duviri_Dragon_Ground_BabyDragon.lua_B	True	True	True	True	True	1	PASS	2	2	2	2	None	False	PASS	2	None	
Lotus_Types_Enemies_Duviri_Dragon_Ground_DragonChest.lua_B	True	True	True	True	True	1	PASS	3	3	3	3	None	False	PASS	3	None	
Lotus_Types_Enemies_Duviri_Dragon_Ground_DragonDeflectProjectiles.lua_B	True	True	True	False	False	2	PASS	7	7	7	7	PASS	False	PASS	7	PASS	
Lotus_Types_Enemies_Duviri_Dragon_Ground_DragonGroundBoss.lua_B	True	True	True	False	False	3	PASS	45	45	45	45	PASS	False	FAIL	41	FAIL	
Lotus_Types_Enemies_Duviri_Dragon_Ground_DragonGroundPhaseTrigger.lua_B	True	True	True	True	True	1	PASS	2	2	2	2	None	False	PASS	2	None	
Lotus_Types_Enemies_Duviri_Dragon_Ground_GroundDragonPillarsAbility.lua_B	True	True	True	False	False	2	PASS	8	8	8	8	PASS	False	PASS	8	PASS	
Lotus_Types_Enemies_Duviri_Dragon_Quest_DragonRammingTrigger.lua_B	True	True	True	True	True	1	PASS	2	2	2	2	None	False	PASS	2	None	
Lotus_Types_Enemies_Duviri_DuviriAvatarReviveForm.lua_B	True	True	True	True	True	1	PASS	15	15	15	15	None	False	PASS	15	None	
Lotus_Types_Enemies_Duviri_DuviriCheckInterruptionAndStaggerOnRanged.lua_B	True	True	True	False	False	2	PASS	3	3	3	3	PASS	False	PASS	3	PASS	
Lotus_Types_Enemies_Duviri_DuviriEtherealProjectileAbility.lua_B	True	True	True	True	True	1	PASS	7	7	7	7	None	False	PASS	7	None	
Lotus_Types_Enemies_Duviri_Jackal_DuviriJackalArenaScript.lua_B	True	True	True	False	False	2	PASS	12	12	12	12	PASS	False	FAIL	10	FAIL	
Lotus_Types_Enemies_Duviri_Jackal_DuviriJackalBossStunControl.lua_B	True	True	True	False	False	2	PASS	7	7	7	7	PASS	False	FAIL	6	FAIL	
Lotus_Types_Enemies_Duviri_Mounted_DuviriMountedDaxMiniBoss.lua_B	True	True	True	False	False	2	PASS	5	5	5	5	PASS	False	PASS	5	PASS	
Lotus_Types_Enemies_Duviri_PaxDuviricus_PaxDuviricusDungeonEncounterAvatarScript.lua_B	True	True	True	False	False	2	PASS	9	9	9	9	PASS	False	FAIL	8	FAIL	
Lotus_Types_Enemies_Duviri_Shadows_Weapons_DuviriShadowVampiricAura.lua_B	True	True	True	True	True	1	PASS	3	3	3	3	None	False	PASS	3	None	
Lotus_Types_Enemies_Enhancements_EnhanceAvatar.lua_B	True	True	True	True	True	1	PASS	3	3	3	3	None	False	PASS	3	None	
Lotus_Types_Enemies_Enhancements_EximusPassives.lua_B	True	True	True	False	False	2	PASS	5	5	5	5	PASS	False	PASS	5	PASS	
Lotus_Types_Enemies_Enhancements_Nightwave_GlassMakerInvulnerability.lua_B	True	True	True	False	False	2	PASS	10	10	10	10	PASS	False	FAIL	8	FAIL	
Lotus_Types_Enemies_Entrati_Doppelganger_EntratiDoppelgangerAvatarScript.lua_B	True	True	True	False	False	3	PASS	18	18	18	18	PASS	False	FAIL	16	FAIL	
Lotus_Types_Enemies_Grineer_Eidolon_GrineerSkiff_UnmannedSkiff_HandlePilotOnSkiffDeath.lua_B	True	True	True	True	True	1	PASS	2	2	2	2	None	False	PASS	2	None	
Lotus_Types_Enemies_Grineer_Eidolon_GrineerSkiff_UnmannedSkiff_RideSkiff.lua_B	True	True	True	True	True	1	PASS	4	4	4	4	None	False	PASS	4	None	
Lotus_Types_Enemies_Grineer_Eidolon_GrineerSkiff_UnmannedSkiff_SpawnAndMountRider.lua_B	True	True	True	False	False	2	PASS	3	3	3	3	PASS	False	PASS	3	PASS	
Lotus_Types_Enemies_Grineer_Eidolon_GrineerSkiff_UnmannedSkiff_SpawnVehicleAndMount.lua_B	True	True	True	True	True	1	PASS	2	2	2	2	None	False	PASS	2	None	
Lotus_Types_Enemies_Grineer_Eidolon_Vip_TeralystAvatarScript.lua_B	True	True	True	False	False	2	PASS	20	20	20	20	PASS	False	FAIL	19	FAIL	
Lotus_Types_Enemies_Grineer_Eidolon_VomvalystLure_AbsorbVomEnergyAbility.lua_B	True	True	True	False	False	2	PASS	4	4	4	4	PASS	False	FAIL	3	FAIL	
Lotus_Types_Enemies_Grineer_Eidolon_VomvalystLure_VomvalystLure.lua_B	True	True	True	False	False	2	PASS	9	9	9	9	PASS	False	PASS	9	PASS	
Lotus_Types_Enemies_Grineer_Fortress_GrineerFortressDashAbility.lua_B	True	True	True	False	False	2	PASS	7	7	7	7	PASS	False	PASS	7	PASS	
Lotus_Types_Enemies_Grineer_Narmer_ApcDropshipVehicle.lua_B	True	True	True	False	False	2	PASS	6	6	6	6	PASS	False	PASS	6	PASS	
Lotus_Types_Enemies_Grineer_SpecialEvents_SurveillanceDrone.lua_B	True	True	True	True	True	1	PASS	4	4	4	4	None	False	PASS	4	None	
Lotus_Types_Enemies_Grineer_SpecialEvents_WolfStalker.lua_B	True	True	True	True	True	1	PASS	2	2	2	2	None	False	PASS	2	None	
Lotus_Types_Enemies_Grineer_Thumper_ThumperHelpers.lua_B	True	True	True	False	False	2	PASS	10	10	10	10	PASS	False	PASS	10	PASS	
Lotus_Types_Enemies_Grineer_Thumper_ThumperSpawn.lua_B	True	True	True	False	False	2	PASS	7	7	7	7	PASS	False	PASS	7	PASS	
Lotus_Types_Enemies_Grineer_Veilbreaker_Scripts_DroneAimAssistHack.lua_B	True	True	True	True	True	1	PASS	2	2	2	2	None	False	PASS	2	None	
Lotus_Types_Enemies_Grineer_Veilbreaker_Scripts_JetpackScriptUtility.lua_B	True	True	True	False	False	3	PASS	31	31	31	31	PASS	False	PASS	31	FAIL	
Lotus_Types_Enemies_Grineer_Veilbreaker_Scripts_JetpackSisterDroneUtility.lua_B	True	True	True	False	False	2	PASS	13	13	13	13	PASS	False	PASS	13	PASS	
Lotus_Types_Enemies_Grineer_Veilbreaker_Scripts_SpragBossArena.lua_B	True	True	True	False	False	2	PASS	22	22	22	22	PASS	False	PASS	22	PASS	
Lotus_Types_Enemies_Grineer_Veilbreaker_Scripts_SpragEnvMineLogic.lua_B	True	True	True	True	True	1	PASS	9	9	9	9	None	False	PASS	9	None	
Lotus_Types_Enemies_Grineer_Veilbreaker_Scripts_SpragHammerThrow.lua_B	True	True	True	True	True	1	PASS	8	8	8	8	None	False	PASS	8	None	
Lotus_Types_Enemies_Grineer_Veilbreaker_Scripts_SpragJetpackSmashAbility.lua_B	True	True	True	False	False	2	PASS	12	12	12	12	PASS	False	PASS	12	PASS	
Lotus_Types_Enemies_Grineer_Veilbreaker_Scripts_SpragSpinAbility.lua_B	True	True	True	True	True	1	PASS	7	7	7	7	None	False	PASS	7	None	
Lotus_Types_Enemies_Grineer_Veilbreaker_Scripts_VenkraBossArena.lua_B	True	True	True	False	False	2	PASS	25	25	25	25	PASS	False	FAIL	23	FAIL	
Lotus_Types_Enemies_Grineer_Veilbreaker_Scripts_VenkraBossLogic.lua_B	True	True	True	False	False	2	PASS	13	13	13	13	PASS	False	PASS	13	PASS	
Lotus_Types_Enemies_Grineer_Veilbreaker_Scripts_VenkraMissileBarrageAbility.lua_B	True	True	True	False	False	2	PASS	12	12	12	12	PASS	False	PASS	12	PASS	
Lotus_Types_Enemies_Grineer_Veilbreaker_Scripts_VenkraSniperTrack.lua_B	True	True	True	False	False	2	PASS	15	15	15	15	PASS	False	PASS	15	PASS	
Lotus_Types_Enemies_Grineer_Vip_JetpackLevelScaling.lua_B	True	True	True	True	True	1	PASS	2	2	2	2	None	False	PASS	2	None	
Lotus_Types_Enemies_Grineer_Vip_KelaDeThaym_KelaDeThaymGrappleHookPower.lua_B	True	True	True	False	False	3	PASS	15	15	15	15	PASS	False	PASS	15	PASS	
Lotus_Types_Enemies_Grineer_Vip_KelaDeThaym_KelaDeThaymOutOfBounds.lua_B	True	True	True	True	True	1	PASS	3	3	3	3	None	False	PASS	3	None	
Lotus_Types_Enemies_Grineer_Vip_KelaDeThaym_KelaDeThaymRocketAbility.lua_B	True	True	True	False	False	3	PASS	5	5	5	5	PASS	False	PASS	5	PASS	
Lotus_Types_Enemies_Grineer_Vip_VorTutorial_VorEscapeAbility.lua_B	True	True	True	False	False	2	PASS	3	3	3	3	PASS	False	PASS	3	PASS	
Lotus_Types_Enemies_Grineer_Vip_VorTutorial_VorTutorial.lua_B	True	True	True	True	True	1	PASS	11	11	11	11	None	False	PASS	11	None	
Lotus_Types_Enemies_Grineer_Vip_VorTwo_VorInTheVoid.lua_B	True	True	True	False	False	2	PASS	4	4	4	4	PASS	False	FAIL	3	FAIL	
Lotus_Types_Enemies_Grineer_Vip_VorTwo_VorInTheVoidTransmissions.lua_B	True	True	True	False	False	2	PASS	3	3	3	3	PASS	False	PASS	3	PASS	
Lotus_Types_Enemies_Grineer_Vip_VorTwo_VorVoidDeath.lua_B	True	True	True	True	True	1	PASS	3	3	3	3	None	False	PASS	3	None	
Lotus_Types_Enemies_Infested_AiWeek_Ancients_PussCreator.lua_B	True	True	True	True	True	1	PASS	2	2	2	2	None	False	PASS	2	None	
Lotus_Types_Enemies_Infested_AiWeek_Ancients_SpawnerPusProjectileStopped.lua_B	True	True	True	True	True	1	PASS	2	2	2	2	None	False	PASS	2	None	
Lotus_Types_Enemies_Infested_AiWeek_Emissary_InfestedJetpackPoisonCloud.lua_B	True	True	True	True	True	1	PASS	2	2	2	2	None	False	PASS	2	None	
Lotus_Types_Enemies_Infested_AiWeek_Emissary_ShellAncientGoo.lua_B	True	True	True	False	False	2	PASS	8	8	8	8	PASS	False	FAIL	7	FAIL	
Lotus_Types_Enemies_Infested_AiWeek_GreyStrain_BoneBlade_Burrow.lua_B	True	True	True	True	True	1	PASS	5	5	5	5	None	False	PASS	5	None	
Lotus_Types_Enemies_Infested_AiWeek_GreyStrain_Femur_InfestedFemurAvatarScript.lua_B	True	True	True	True	True	1	PASS	8	8	8	8	None	False	PASS	8	None	
Lotus_Types_Enemies_Infested_InfestedMicroplanet_Ashen_AshenAvatarScript.lua_B	True	True	True	True	True	1	PASS	2	2	2	2	None	False	PASS	2	None	
Lotus_Types_Enemies_Infested_InfestedMicroplanet_Drones_Tendril_TendrilScripts.lua_B	True	True	True	True	True	1	PASS	2	2	2	2	None	False	PASS	2	None	
Lotus_Types_Enemies_Infested_InfestedMicroplanet_Dropship_DropshipSpotlight.lua_B	True	True	True	True	True	1	PASS	4	4	4	4	None	False	PASS	4	None	
Lotus_Types_Enemies_Infested_SpecialEvents_ArloZealots.lua_B	True	True	True	True	True	1	PASS	7	7	7	7	None	False	FAIL	6	None	
Lotus_Types_Enemies_Infested_Vip_GolemHealthMonitor.lua_B	True	True	True	False	False	2	PASS	3	3	3	3	PASS	False	PASS	3	PASS	
Lotus_Types_Enemies_Infested_Vip_GolemMinionSpawning.lua_B	True	True	True	True	True	1	PASS	4	4	4	4	None	False	FAIL	3	None	
Lotus_Types_Enemies_Infested_Vip_GolemShakeyCam.lua_B	True	True	True	False	False	2	PASS	3	3	3	3	PASS	False	PASS	3	PASS	
Lotus_Types_Enemies_Infested_Vip_J3Golem_GolemAssassinate.lua_B	True	True	True	False	False	3	PASS	14	14	14	14	PASS	False	FAIL	12	FAIL	
Lotus_Types_Enemies_Infested_Vip_J3Golem_SpaceGolem.lua_B	True	True	True	False	False	2	PASS	40	40	40	40	PASS	False	FAIL	38	FAIL	
Lotus_Types_Enemies_InfestedLich_Base_InfestedLichDeath.lua_B	True	True	True	True	True	1	PASS	2	2	2	2	None	False	PASS	2	None	
Lotus_Types_Enemies_InfestedLich_Base_InfestedLichPreDeath.lua_B	True	True	True	False	False	2	PASS	3	3	3	3	PASS	False	FAIL	2	FAIL	
Lotus_Types_Enemies_InfestedLich_InfestedLichBoss.lua_B	True	True	True	False	False	3	PASS	92	92	92	92	PASS	False	FAIL	84	FAIL	
Lotus_Types_Enemies_InfestedLich_InfestedLichBossHelper.lua_B	True	True	True	True	True	1	PASS	10	10	10	10	None	False	PASS	10	None	
Lotus_Types_Enemies_InfestedLich_InfestedLichBossStageSequence.lua_B	True	True	True	False	False	2	PASS	137	137	137	137	PASS	False	FAIL	133	FAIL	
Lotus_Types_Enemies_InfestedLich_InfestedLichBossUtility.lua_B	True	True	True	False	False	2	PASS	15	15	15	15	PASS	False	PASS	15	PASS	
Lotus_Types_Enemies_InfestedLich_Stage_InfestedLichBossGiantSpeakerBlast.lua_B	True	True	True	True	True	1	PASS	3	3	3	3	None	False	PASS	3	None	
Lotus_Types_Enemies_InfestedLich_Stage_InfestedLichBossVideoTransmission.lua_B	True	True	True	True	True	1	PASS	22	22	22	22	None	False	PASS	22	None	
Lotus_Types_Enemies_InfestedLich_Stage_InfestedLichCinematicUI.lua_B	True	True	True	True	True	1	PASS	3	3	3	3	None	False	PASS	3	None	
Lotus_Types_Enemies_ManInTheWall_MITWBarkController.lua_B	True	True	True	True	True	1	PASS	2	2	2	2	None	False	PASS	2	None	
Lotus_Types_Enemies_ManInTheWall_NecramechMelee_NecramechMeleeRagdoll.lua_B	True	True	True	True	True	1	PASS	2	2	2	2	None	False	PASS	2	None	
Lotus_Types_Enemies_ManInTheWall_NecramechRanged_NecramechRangedArmDestruction.lua_B	True	True	True	False	False	2	PASS	8	8	8	8	PASS	False	FAIL	7	FAIL	
Lotus_Types_Enemies_ManInTheWall_NecramechRanged_Weapons_NecramechRangedWeapon.lua_B	True	True	True	True	True	1	PASS	2	2	2	2	None	False	PASS	2	None	
Lotus_Types_Enemies_ManInTheWall_Octopede_Arm_MITWArmTurret.lua_B	True	True	True	False	False	2	PASS	5	5	5	5	PASS	False	PASS	5	PASS	
Lotus_Types_Enemies_ManInTheWall_Octopede_Arm_OctopedeCrawlerRat.lua_B	True	True	True	True	True	1	PASS	4	4	4	4	None	False	PASS	4	None	
Lotus_Types_Enemies_ManInTheWall_Octopede_MITWOctopedeBoss.lua_B	True	True	True	False	False	2	PASS	47	47	47	47	PASS	False	PASS	47	PASS	
Lotus_Types_Enemies_ManInTheWall_Octopede_MITWOctopedeBossUtility.lua_B	True	True	True	False	False	2	PASS	51	51	51	51	PASS	False	PASS	51	PASS	
Lotus_Types_Enemies_ManInTheWall_Octopede_MITWOctopedeCinematic.lua_B	True	True	True	True	True	1	PASS	4	4	4	4	None	False	PASS	4	None	
Lotus_Types_Enemies_ManInTheWall_Octopede_MITWOctopedeVariant.lua_B	True	True	True	False	False	2	PASS	2	2	2	2	PASS	False	PASS	2	PASS	
Lotus_Types_Enemies_Narmer_Deacon_DeaconStealthEffects.lua_B	True	True	True	False	False	2	PASS	4	4	4	4	PASS	False	PASS	4	PASS	
Lotus_Types_Enemies_Narmer_Deacon_DeaconStealthGameplay.lua_B	True	True	True	True	True	1	PASS	3	3	3	3	None	False	PASS	3	None	
Lotus_Types_Enemies_Narmer_Deacon_DeaconStunProjectile.lua_B	True	True	True	False	False	2	PASS	3	3	3	3	PASS	False	PASS	3	PASS	
Lotus_Types_Enemies_Narmer_NarmerOstron.lua_B	True	True	True	False	False	2	PASS	12	12	12	12	PASS	False	FAIL	11	FAIL	
Lotus_Types_Enemies_Narmer_NarmerVeil.lua_B	True	True	True	False	False	2	PASS	9	9	9	9	PASS	False	PASS	9	PASS	
Lotus_Types_Enemies_NewWar_Archons_ArchonAvatarScript.lua_B	True	True	True	False	False	2	PASS	16	16	16	16	PASS	False	FAIL	15	FAIL	
Lotus_Types_Enemies_NewWar_Archons_ArchonRevivalAuraScript.lua_B	True	True	True	True	True	1	PASS	5	5	5	5	None	False	PASS	5	None	
Lotus_Types_Enemies_NewWar_Archons_NiraPostFinisherScript.lua_B	True	True	True	True	True	1	PASS	2	2	2	2	None	False	PASS	2	None	
Lotus_Types_Enemies_NokkoColony_Abilities_NokkoArachnoidSweep.lua_B	True	True	True	False	False	2	PASS	5	5	5	5	PASS	False	PASS	5	PASS	
Lotus_Types_Enemies_Orokin_Entrati_EntratiTech_NechroTech_MechSequencerControl.lua_B	True	True	True	True	True	1	PASS	3	3	3	3	None	False	PASS	3	None	
Lotus_Types_Enemies_Orokin_Entrati_EntratiTech_NechroTech_NechroTechAvatarScript.lua_B	True	True	True	False	False	2	PASS	13	13	13	13	PASS	False	FAIL	12	FAIL	
Lotus_Types_Enemies_Orokin_Entrati_EntratiTech_NechroTech_NechroTechTrigger.lua_B	True	True	True	False	False	2	PASS	9	9	9	9	PASS	False	PASS	9	PASS	
Lotus_Types_Enemies_Orokin_Special_OrokinGoldenMawFinisherTrigger.lua_B	True	True	True	False	False	2	PASS	5	5	5	5	PASS	False	PASS	5	PASS	
Lotus_Types_Enemies_Quests_JadeShadowsPart2Quest_ChoirEyesJadeMockery.lua_B	True	True	True	False	False	2	PASS	16	16	16	16	PASS	False	PASS	16	PASS	
Lotus_Types_Enemies_Quests_RevenantQuest_RevenantSpecterPreDeath.lua_B	True	True	True	True	True	1	PASS	3	3	3	3	None	False	PASS	3	None	
Lotus_Types_Enemies_Quests_RogueSentinel_RogueSentinelAccuracySetup.lua_B	True	True	True	True	True	1	PASS	2	2	2	2	None	False	PASS	2	None	
Lotus_Types_Enemies_Quests_SandmanBoss_SandmanBossPassive.lua_B	True	True	True	False	False	2	PASS	4	4	4	4	PASS	False	PASS	4	PASS	
Lotus_Types_Enemies_Sentients_Clotholyst_SentientClotholystAvatarScript.lua_B	True	True	True	True	True	1	PASS	7	7	7	7	None	False	PASS	7	None	
Lotus_Types_Enemies_Sentients_Clotholyst_SentientClotholystMeleeScript.lua_B	True	True	True	False	False	2	PASS	4	4	4	4	PASS	False	PASS	4	PASS	
Lotus_Types_Enemies_Sentients_Eidolon_Ropalolyst_GrabTrigger.lua_B	True	True	True	True	True	1	PASS	2	2	2	2	None	False	PASS	2	None	
Lotus_Types_Enemies_Sentients_Eidolon_VomvalystDeath.lua_B	True	True	True	True	True	1	PASS	2	2	2	2	None	False	PASS	2	None	
Lotus_Types_Enemies_Sentients_Eidolon_VomvalystSpectralForm.lua_B	True	True	True	False	False	2	PASS	4	4	4	4	PASS	False	PASS	4	PASS	
Lotus_Types_Enemies_Sentients_Mimics_MimicTest.lua_B	True	True	True	False	False	2	PASS	12	12	12	12	PASS	False	PASS	12	PASS	
Lotus_Types_Enemies_Sentients_NewWar_SentientArmWeakness.lua_B	True	True	True	True	True	1	PASS	2	2	2	2	None	False	PASS	2	None	
Lotus_Types_Enemies_Sentients_Scripts_SentientPassiveImmunity.lua_B	True	True	True	False	False	2	PASS	2	2	2	2	PASS	False	PASS	2	PASS	
Lotus_Types_Enemies_Sentients_Scripts_SentientRegenerateWeaponAbility.lua_B	True	True	True	False	False	2	PASS	3	3	3	3	PASS	False	PASS	3	PASS	
Lotus_Types_Enemies_Sentients_Scripts_SentientWeaponScript.lua_B	True	True	True	True	True	1	PASS	3	3	3	3	None	False	PASS	3	None	
Lotus_Types_Enemies_Sentients_Troopers_SentientLaserActivation.lua_B	True	True	True	True	True	1	PASS	4	4	4	4	None	False	PASS	4	None	
Lotus_Types_Enemies_Sentients_Troopers_SentientLinkAura.lua_B	True	True	True	True	True	1	PASS	3	3	3	3	None	False	PASS	3	None	
Lotus_Types_Enemies_Sentients_Vip_Erra_ErraSlamAbility.lua_B	True	True	True	True	True	1	PASS	3	3	3	3	None	False	PASS	3	None	
Lotus_Types_Enemies_Sentients_Vip_Lotus_LotusTNWSweepBeam.lua_B	True	True	True	True	True	1	PASS	4	4	4	4	None	False	PASS	4	None	
Lotus_Types_Enemies_Shadowgrapher_InkEnemyExplosiveBarrel.lua_B	True	True	True	True	True	1	PASS	2	2	2	2	None	False	PASS	2	None	
Lotus_Types_Enemies_Shadowgrapher_ShadowEnemies_TendrilLatcherUnstucker.lua_B	True	True	True	True	True	1	PASS	2	2	2	2	None	False	PASS	2	None	
Lotus_Types_Enemies_Shadowgrapher_ShadowgrapherEnemyAvatarScript.lua_B	True	True	True	False	False	2	PASS	6	6	6	6	PASS	False	PASS	6	PASS	
Lotus_Types_Enemies_SimpleBossScaling.lua_B	True	True	True	False	False	2	PASS	2	2	2	2	PASS	False	PASS	2	PASS	
Lotus_Types_Enemies_SpaceBattles_Corpus_Ships_CorpusFighterScripts.lua_B	True	True	True	False	False	2	PASS	12	12	12	12	PASS	False	PASS	12	PASS	
Lotus_Types_Enemies_SpaceBattles_Sentient_Fighters_SplineFlightBehaviorSetup.lua_B	True	True	True	True	True	1	PASS	2	2	2	2	None	False	PASS	2	None	
Lotus_Types_Enemies_Stalker_SpecterStalkerDeath.lua_B	True	True	True	True	True	1	PASS	2	2	2	2	None	False	PASS	2	None	
Lotus_Types_Enemies_Stalker_StalkerPullOrTeleport.lua_B	True	True	True	False	False	2	PASS	4	4	4	4	PASS	False	PASS	4	PASS	
Lotus_Types_Enemies_Tau_Dax_TauDaxLustratus_DaxLustratusAvatar.lua_B	True	True	True	True	True	1	PASS	3	3	3	3	None	False	PASS	3	None	
Lotus_Types_Enemies_Tau_Dax_TauDaxSwordsman_TauDaxCapeRandomizer.lua_B	True	True	True	False	False	2	PASS	2	2	2	2	PASS	False	PASS	2	PASS	
Lotus_Types_Enemies_Tau_Grineer_TauGrineerLancer_WeaponPickupFrenzyAbility.lua_B	True	True	True	False	False	2	PASS	5	5	5	5	PASS	False	PASS	5	FAIL	
Lotus_Types_Enemies_Tau_Grineer_TauGrineerTrapper_TrapperAccessories_TauGrineerDroneManager.lua_B	True	True	True	True	True	1	PASS	2	2	2	2	None	False	PASS	2	None	
Lotus_Types_Enemies_Tau_GuiltSentient_DactolystArenaScript.lua_B	True	True	True	False	False	2	PASS	19	19	19	19	PASS	False	FAIL	18	FAIL	
Lotus_Types_Enemies_Tau_GuiltSentient_DactolystBossScript.lua_B	True	True	True	True	True	1	PASS	10	10	10	10	None	False	PASS	10	None	
Lotus_Types_Enemies_Tau_GuiltSentient_DactolystBossUtility.lua_B	True	True	True	True	True	1	PASS	1	1	1	1	None	False	PASS	1	None	
Lotus_Types_Enemies_Tau_GuiltSentient_DactolystFootstepAbility.lua_B	True	True	True	False	False	2	PASS	8	8	8	8	PASS	False	PASS	8	PASS	
Lotus_Types_Enemies_Tau_GuiltSentient_DactolystHardModeArenaScript.lua_B	True	True	True	False	False	2	PASS	15	15	15	15	PASS	False	FAIL	14	FAIL	
Lotus_Types_Enemies_Tau_GuiltSentient_DactolystLaserWallAbility.lua_B	True	True	True	False	False	2	PASS	11	11	11	11	PASS	False	FAIL	10	FAIL	
Lotus_Types_Enemies_Tau_GuiltSentient_DactolystLaserWallContinuousAbility.lua_B	True	True	True	False	False	2	PASS	12	12	12	12	PASS	False	PASS	12	PASS	
Lotus_Types_Enemies_Tau_GuiltSentient_DactolystReviveAbility.lua_B	True	True	True	False	False	2	PASS	6	6	6	6	PASS	False	PASS	6	PASS	
Lotus_Types_Enemies_Tau_GuiltSentient_DactolystSummonAdds.lua_B	True	True	True	False	False	3	PASS	7	7	7	7	PASS	False	FAIL	6	FAIL	
Lotus_Types_Enemies_Tau_GuiltSentient_GroundPhase_DactolystGroundClusterProjectileAbility.lua_B	True	True	True	False	False	2	PASS	12	12	12	12	PASS	False	PASS	12	PASS	
Lotus_Types_Enemies_Tau_GuiltSentient_GroundPhase_DactolystGroundLaserAbility.lua_B	True	True	True	False	False	2	PASS	8	8	8	8	PASS	False	PASS	8	PASS	
Lotus_Types_Enemies_Tau_GuiltSentient_GroundPhase_DactolystGroundMeleeStompAbility.lua_B	True	True	True	False	False	2	PASS	5	5	5	5	PASS	False	PASS	5	PASS	
Lotus_Types_Enemies_Tau_GuiltSentient_LiminalBossArenaScript.lua_B	True	True	True	False	False	2	PASS	12	12	12	12	PASS	False	FAIL	11	FAIL	
Lotus_Types_Enemies_Tau_GuiltSentient_SentientGuiltBossLaserHandsAbility.lua_B	True	True	True	False	False	2	PASS	10	10	10	10	PASS	False	FAIL	8	FAIL	
Lotus_Types_Enemies_Tau_GuiltSentient_SentientGuiltBossLaserSpinAbility.lua_B	True	True	True	False	False	2	PASS	10	10	10	10	PASS	False	PASS	10	PASS	
Lotus_Types_Enemies_Tau_Monolyst_ChoralystAvatar.lua_B	True	True	True	True	True	1	PASS	2	2	2	2	None	False	FAIL	1	None	
Lotus_Types_Enemies_Tau_Monolyst_SentientArenaScript.lua_B	True	True	True	False	False	2	PASS	33	33	33	33	PASS	False	FAIL	31	FAIL	
Lotus_Types_Enemies_Tau_Monolyst_SentientGiantAvatar.lua_B	True	True	True	False	False	2	PASS	10	10	10	10	PASS	False	FAIL	9	FAIL	
Lotus_Types_Enemies_Tau_Monolyst_SentientGiantUtil.lua_B	True	True	True	False	False	2	PASS	34	34	34	34	PASS	False	PASS	34	PASS	
Lotus_Types_Enemies_Tau_Monolyst_SentientProjectiles.lua_B	True	True	True	False	False	2	PASS	13	13	13	13	PASS	False	PASS	13	PASS	
Lotus_Types_Enemies_Tau_Monolyst_Walking_StealthDetection.lua_B	True	True	True	True	True	1	PASS	2	2	2	2	None	False	PASS	2	None	
Lotus_Types_Enemies_Tau_Primes_Ash_AshHazardAbility.lua_B	True	True	True	False	False	2	PASS	6	6	6	6	PASS	False	PASS	6	PASS	
Lotus_Types_Enemies_Tau_Primes_Ash_AshPrimeLib.lua_B	True	True	True	False	False	2	PASS	6	6	6	6	PASS	False	FAIL	4	FAIL	
Lotus_Types_Enemies_Tau_Primes_Ash_NinjaStorm.lua_B	True	True	True	False	False	2	PASS	21	21	21	21	PASS	False	FAIL	20	FAIL	
Lotus_Types_Enemies_Tau_Primes_Ash_SmokeScreen.lua_B	True	True	True	False	False	2	PASS	11	11	11	11	PASS	False	FAIL	10	FAIL	
Lotus_Types_Enemies_Tau_Primes_Ash_TeleportAttack.lua_B	True	True	True	False	False	2	PASS	4	4	4	4	PASS	False	FAIL	3	FAIL	
Lotus_Types_Enemies_Tau_Primes_Caliban_CalibanHazardAbility.lua_B	True	True	True	False	False	2	PASS	4	4	4	4	PASS	False	PASS	4	PASS	
Lotus_Types_Enemies_Tau_Primes_Caliban_SentientBlast.lua_B	True	True	True	False	False	2	PASS	10	10	10	10	PASS	False	PASS	10	PASS	
Lotus_Types_Enemies_Tau_Primes_Caliban_SentientStomp.lua_B	True	True	True	False	False	2	PASS	11	11	11	11	PASS	False	PASS	11	PASS	
Lotus_Types_Enemies_Tau_Primes_Caliban_SentientSummon.lua_B	True	True	True	False	False	2	PASS	15	15	15	15	PASS	False	PASS	15	PASS	
Lotus_Types_Enemies_Tau_Primes_Caliban_SentientWhirlwind.lua_B	True	True	True	False	False	3	PASS	12	12	12	12	PASS	False	PASS	12	FAIL	
Lotus_Types_Enemies_Tau_Primes_Ember_EmberBossFireBall.lua_B	True	True	True	False	False	2	PASS	10	10	10	10	PASS	False	PASS	10	PASS	
Lotus_Types_Enemies_Tau_Primes_Ember_EmberBossInferno.lua_B	True	True	True	False	False	2	PASS	15	15	15	15	PASS	False	FAIL	14	FAIL	
Lotus_Types_Enemies_Tau_Primes_Ember_EmberHazardAbility.lua_B	True	True	True	False	False	2	PASS	4	4	4	4	PASS	False	PASS	4	PASS	
Lotus_Types_Enemies_Tau_Primes_Ember_EmberPrimeEncounter.lua_B	True	True	True	True	True	1	PASS	4	4	4	4	None	False	PASS	4	None	
Lotus_Types_Enemies_Tau_Primes_Mesa_MesaHazardAbility.lua_B	True	True	True	False	False	2	PASS	5	5	5	5	PASS	False	PASS	5	PASS	
Lotus_Types_Enemies_Tau_Primes_Mesa_PeaceMaker.lua_B	True	True	True	False	False	2	PASS	14	14	14	14	PASS	False	PASS	14	PASS	
Lotus_Types_Enemies_Tau_Primes_PrimeBossAvatarScript.lua_B	True	True	True	False	False	2	PASS	2	2	2	2	PASS	False	PASS	2	PASS	
Lotus_Types_Enemies_Tau_Primes_PrimeWarframeArenaScript.lua_B	True	True	True	False	False	2	PASS	23	23	23	23	PASS	False	FAIL	22	FAIL	
Lotus_Types_Enemies_Tau_Primes_PrimeWarframeBossUtility.lua_B	True	True	True	True	True	1	PASS	1	1	1	1	None	False	PASS	1	None	
Lotus_Types_Enemies_Tau_Primes_Protea_ProteaBossBFG.lua_B	True	True	True	False	False	2	PASS	24	24	24	24	PASS	False	PASS	24	PASS	
Lotus_Types_Enemies_Tau_Primes_Protea_ProteaHazardAbility.lua_B	True	True	True	False	False	2	PASS	6	6	6	6	PASS	False	PASS	6	PASS	
Lotus_Types_Enemies_Tau_Primes_Trinity_TrinityBossBlessingAbility.lua_B	True	True	True	False	False	2	PASS	9	9	9	9	PASS	False	PASS	9	FAIL	
Lotus_Types_Enemies_Tau_Primes_Trinity_TrinityBossLinkAbility.lua_B	True	True	True	False	False	2	PASS	15	15	15	15	PASS	False	FAIL	14	FAIL	
Lotus_Types_Enemies_Tau_Primes_Trinity_TrinityBossWellOfLifeAbility.lua_B	True	True	True	False	False	2	PASS	23	23	23	23	PASS	False	FAIL	22	FAIL	
Lotus_Types_Enemies_Tau_Primes_Trinity_TrinityPrimeEncounter.lua_B	True	True	True	True	True	1	PASS	3	3	3	3	None	False	PASS	3	None	
Lotus_Types_Enemies_Tau_Primes_Volt_LightningStrikes.lua_B	True	True	True	False	False	2	PASS	8	8	8	8	PASS	False	FAIL	7	FAIL	
Lotus_Types_Enemies_Tau_Primes_Volt_OverLoad.lua_B	True	True	True	False	False	2	PASS	11	11	11	11	PASS	False	FAIL	9	FAIL	
Lotus_Types_Enemies_Tau_Primes_Volt_Shield.lua_B	True	True	True	False	False	3	PASS	13	13	13	13	PASS	False	FAIL	12	FAIL	
Lotus_Types_Enemies_Tau_Primes_Volt_Shock.lua_B	True	True	True	False	False	2	PASS	11	11	11	11	PASS	False	FAIL	10	FAIL	
Lotus_Types_Enemies_Tau_Primes_Volt_Speed.lua_B	True	True	True	True	True	1	PASS	8	8	8	8	None	False	FAIL	7	None	
Lotus_Types_Enemies_Tau_Primes_Volt_SpeedEximus.lua_B	True	True	True	False	False	2	PASS	8	8	8	8	PASS	False	FAIL	7	FAIL	
Lotus_Types_Enemies_Tau_Primes_Volt_VoltHazardAbility.lua_B	True	True	True	False	False	2	PASS	9	9	9	9	PASS	False	PASS	9	PASS	
Lotus_Types_Enemies_Tau_Sentient_Marrowtick_LaunchAction.lua_B	True	True	True	False	False	2	PASS	26	26	26	26	PASS	False	PASS	26	PASS	
Lotus_Types_Enemies_Tau_Uriel_BossFightAllies_LyonCondemnChainAbility.lua_B	True	True	True	True	True	1	PASS	2	2	2	2	None	False	PASS	2	None	
Lotus_Types_Enemies_Tau_Uriel_BossFightAllies_LyonThuribleProtectionAbility.lua_B	True	True	True	False	False	2	PASS	3	3	3	3	PASS	False	PASS	3	PASS	
Lotus_Types_Enemies_Tau_Uriel_BossFightAllies_MarieLaserAbility.lua_B	True	True	True	True	True	1	PASS	3	3	3	3	None	False	PASS	3	None	
Lotus_Types_Enemies_Tau_Uriel_Catenach_CatenachEnemyChainAbility.lua_B	True	True	True	False	False	2	PASS	9	9	9	9	PASS	False	PASS	9	PASS	
Lotus_Types_Enemies_Tau_Uriel_Gulphagor_GulphagorLatchAbility.lua_B	True	True	True	False	False	2	PASS	7	7	7	7	PASS	False	PASS	7	PASS	
Lotus_Types_Enemies_Tau_Uriel_UrielBossBrimstoneAbility.lua_B	True	True	True	False	False	2	PASS	4	4	4	4	PASS	False	PASS	4	PASS	
Lotus_Types_Enemies_Tau_Uriel_UrielBossDodgeAbility.lua_B	True	True	True	True	True	1	PASS	6	6	6	6	None	False	PASS	6	None	
Lotus_Types_Enemies_Tau_Uriel_UrielBossEncounter.lua_B	True	True	True	False	False	2	PASS	16	16	16	16	PASS	False	FAIL	15	FAIL	
Lotus_Types_Enemies_Tau_Uriel_UrielBossHellfireAbility.lua_B	True	True	True	False	False	2	PASS	8	8	8	8	PASS	False	PASS	8	PASS	
Lotus_Types_Enemies_Tau_Uriel_UrielBossSummonAbility.lua_B	True	True	True	False	False	2	PASS	8	8	8	8	PASS	False	PASS	8	PASS	
Lotus_Types_Enemies_Tau_Uriel_UrielQuickStrikeAbility.lua_B	True	True	True	True	True	1	PASS	3	3	3	3	None	False	PASS	3	None	
Lotus_Types_Enemies_Tau_Uriel_UrielRuptureAbility.lua_B	True	True	True	False	False	2	PASS	5	5	5	5	PASS	False	PASS	5	PASS	
Lotus_Types_Enemies_Tau_Uriel_UrielUnholySlamAbility.lua_B	True	True	True	False	False	2	PASS	6	6	6	6	PASS	False	PASS	6	PASS	
Lotus_Types_Enemies_Tau_Uriel_Vythelas_VythelasEnemyRuneAbility.lua_B	True	True	True	False	False	2	PASS	6	6	6	6	PASS	False	PASS	6	PASS	
Lotus_Types_Enemies_TauPrologue_LuaBrachiolystGroundOnly_DemoBrachLand.lua_B	True	True	True	True	True	1	PASS	2	2	2	2	None	False	PASS	2	None	
Lotus_Types_Enemies_TennoReplicants_FairyQuest_Powersuits_FairyQuestPaladinSmite.lua_B	True	True	True	False	False	2	PASS	14	14	14	14	PASS	False	PASS	14	PASS	
Lotus_Types_Enemies_TennoReplicants_OraxiaEnemy_OraxiaBossAvatarScript.lua_B	True	True	True	True	True	1	PASS	3	3	3	3	None	False	PASS	3	None	
Lotus_Types_Enemies_TennoReplicants_OraxiaEnemy_OraxiaBossUtility.lua_B	True	True	True	False	False	2	PASS	24	24	24	24	PASS	False	FAIL	23	FAIL	
Lotus_Types_Enemies_TennoReplicants_OraxiaEnemy_OraxiaEnemyArenaScript.lua_B	True	True	True	False	False	2	PASS	16	16	16	16	PASS	False	FAIL	15	FAIL	
Lotus_Types_Enemies_TennoReplicants_OraxiaEnemy_OraxiaEnemySpiderlings.lua_B	True	True	True	False	False	2	PASS	7	7	7	7	PASS	False	FAIL	6	FAIL	
Lotus_Types_Enemies_TennoReplicants_ReplicantEquipLoadout.lua_B	True	True	True	True	True	1	PASS	7	7	7	7	None	False	PASS	7	None	
Lotus_Types_Enemies_WF1999Infested_InfestedMutalist_InfestedMutalistArmourFXHandler.lua_B	True	True	True	True	True	1	PASS	2	2	2	2	None	False	PASS	2	None	
Lotus_Types_Enemies_WF1999Lasrian_Disruption_1999DisruptionNox_1999DisruptionNox.lua_B	True	True	True	False	False	2	PASS	6	6	6	6	PASS	False	PASS	6	PASS	
Lotus_Types_Enemies_WF1999Lasrian_LasrianDrone_LasrianDrone.lua_B	True	True	True	False	False	2	PASS	3	3	3	3	PASS	False	PASS	3	PASS	
Lotus_Types_Enemies_WF1999Lasrian_LasrianShieldLancer_LasrianShieldLancer.lua_B	True	True	True	False	False	2	PASS	4	4	4	4	PASS	False	PASS	4	PASS	
Lotus_Types_Enemies_WF1999Lasrian_LasrianTank_LasrianTankArenaScript.lua_B	True	True	True	False	False	3	PASS	45	45	45	45	PASS	False	FAIL	42	FAIL	
Lotus_Types_Enemies_WF1999Lasrian_LasrianTank_LasrianTankAvatarScript.lua_B	True	True	True	False	False	2	PASS	17	17	17	17	PASS	False	FAIL	16	FAIL	
Lotus_Types_Enemies_WF1999Lasrian_LasrianTank_LasrianTankGasTrailScript.lua_B	True	True	True	False	False	2	PASS	2	2	2	2	PASS	False	PASS	2	PASS	
Lotus_Types_Enemies_WF1999Lasrian_LasrianTank_LasrianTankGooScript.lua_B	True	True	True	False	False	2	PASS	17	17	17	17	PASS	False	FAIL	16	FAIL	
Lotus_Types_Enemies_WF1999Lasrian_LasrianTank_LasrianTankInfestedCannonImpact.lua_B	True	True	True	True	True	1	PASS	2	2	2	2	None	False	PASS	2	None	
Lotus_Types_Enemies_WF1999Lasrian_LasrianTurretAPCEmplacement.lua_B	True	True	True	True	True	1	PASS	4	4	4	4	None	False	PASS	4	None	
Lotus_Types_Enemies_Zariman_RewardFocus.lua_B	True	True	True	True	True	1	PASS	2	2	2	2	None	False	PASS	2	None	
Lotus_Types_Enemies_Zariman_VoidAngel.lua_B	True	True	True	False	False	3	PASS	23	23	23	23	PASS	False	FAIL	20	FAIL	
Lotus_Types_Enemies_Zariman_ZarimanVoidGhostDrain.lua_B	True	True	True	False	False	3	PASS	12	12	12	12	PASS	False	PASS	12	PASS	
Lotus_Types_Friendly_Pets_BeastWeapons_Stances_PostureMods.lua_B	True	True	True	True	True	1	PASS	23	23	23	23	None	False	PASS	23	None	
Lotus_Types_Friendly_Pets_CatbrowPetBehaviors_CatbrowCatsEyeAbility.lua_B	True	True	True	True	True	1	PASS	6	6	6	6	None	False	PASS	6	None	
Lotus_Types_Friendly_Pets_CatbrowPetBehaviors_CatbrowDefendTerritoryAbility.lua_B	True	True	True	True	True	1	PASS	11	11	11	11	None	False	PASS	11	None	
Lotus_Types_Friendly_Pets_CatbrowPetBehaviors_CatbrowDistractAbility.lua_B	True	True	True	False	False	2	PASS	10	10	10	10	PASS	False	PASS	10	PASS	
Lotus_Types_Friendly_Pets_CatbrowPetBehaviors_CatbrowLuckAbility.lua_B	True	True	True	False	False	2	PASS	15	15	15	15	PASS	False	PASS	15	PASS	
Lotus_Types_Friendly_Pets_CatbrowPetBehaviors_CatbrowPounceAbility.lua_B	True	True	True	False	False	2	PASS	6	6	6	6	PASS	False	PASS	6	PASS	
Lotus_Types_Friendly_Pets_CatbrowPetBehaviors_CatbrowShredAbility.lua_B	True	True	True	False	False	2	PASS	8	8	8	8	PASS	False	FAIL	7	FAIL	
Lotus_Types_Friendly_Pets_CatbrowPetBehaviors_CatbrowTekAssault.lua_B	True	True	True	True	True	1	PASS	4	4	4	4	None	False	PASS	4	None	
Lotus_Types_Friendly_Pets_CatbrowPetBehaviors_CatbrowTekSetAbility.lua_B	True	True	True	True	True	1	PASS	8	8	8	8	None	False	PASS	8	None	
Lotus_Types_Friendly_Pets_CatbrowPetBehaviors_CatbrowTransfusionAbility.lua_B	True	True	True	True	True	1	PASS	6	6	6	6	None	False	PASS	6	None	
Lotus_Types_Friendly_Pets_CatbrowPetBehaviors_CatbrowTremorSenseAbility.lua_B	True	True	True	False	False	2	PASS	10	10	10	10	PASS	False	PASS	10	PASS	
Lotus_Types_Friendly_Pets_CatbrowPetBehaviors_CatbrowVampireBiteAbility.lua_B	True	True	True	True	True	1	PASS	10	10	10	10	None	False	PASS	10	None	
Lotus_Types_Friendly_Pets_CreaturePets_CreaturePrecepts_AcidBlind.lua_B	True	True	True	True	True	1	PASS	3	3	3	3	None	False	PASS	3	None	
Lotus_Types_Friendly_Pets_CreaturePets_CreaturePrecepts_Chrysalis_InfestedCatbrowChrysalisGoreGlaive.lua_B	True	True	True	True	True	1	PASS	4	4	4	4	None	False	PASS	4	None	
Lotus_Types_Friendly_Pets_CreaturePets_CreaturePrecepts_InfestedCatbrowBulletJumpVanish.lua_B	True	True	True	True	True	1	PASS	6	6	6	6	None	False	PASS	6	None	
Lotus_Types_Friendly_Pets_CreaturePets_CreaturePrecepts_InfestedCatbrowEvasionBuff.lua_B	True	True	True	False	False	2	PASS	10	10	10	10	PASS	False	PASS	10	PASS	
Lotus_Types_Friendly_Pets_CreaturePets_CreaturePrecepts_InfestedCatbrowGoreToss.lua_B	True	True	True	False	False	2	PASS	8	8	8	8	PASS	False	FAIL	7	FAIL	
Lotus_Types_Friendly_Pets_CreaturePets_CreaturePrecepts_InfestedCatbrowVampireShield.lua_B	True	True	True	False	False	2	PASS	9	9	9	9	PASS	False	FAIL	8	FAIL	
Lotus_Types_Friendly_Pets_CreaturePets_CreaturePrecepts_InfestedCritterDeathRespawn.lua_B	True	True	True	True	True	1	PASS	9	9	9	9	None	False	PASS	9	None	
Lotus_Types_Friendly_Pets_CreaturePets_CreaturePrecepts_InfestedKavatPetViralQuills.lua_B	True	True	True	False	False	2	PASS	12	12	12	12	PASS	False	PASS	12	PASS	
Lotus_Types_Friendly_Pets_CreaturePets_CreaturePrecepts_InfestedPredatorBuffSpores.lua_B	True	True	True	True	True	1	PASS	9	9	9	9	None	False	PASS	9	None	
Lotus_Types_Friendly_Pets_CreaturePets_CreaturePrecepts_InfestedPredatorFinisherSpores.lua_B	True	True	True	True	True	1	PASS	6	6	6	6	None	False	FAIL	5	None	
Lotus_Types_Friendly_Pets_CreaturePets_CreaturePrecepts_InfestedPredatorHealingSpores.lua_B	True	True	True	True	True	1	PASS	10	10	10	10	None	False	PASS	10	None	
Lotus_Types_Friendly_Pets_CreaturePets_CreaturePrecepts_InfestedPredatorInfectiousBite.lua_B	True	True	True	False	False	2	PASS	11	11	11	11	PASS	False	PASS	11	PASS	
Lotus_Types_Friendly_Pets_CreaturePets_CreaturePrecepts_InfestedPredatorMaggotSummoner.lua_B	True	True	True	False	False	2	PASS	16	16	16	16	PASS	False	FAIL	15	FAIL	
Lotus_Types_Friendly_Pets_CreaturePets_CreaturePrecepts_InfestedPredatorPetSpitAcid.lua_B	True	True	True	False	False	2	PASS	10	10	10	10	PASS	False	PASS	10	PASS	
Lotus_Types_Friendly_Pets_CreaturePets_CreaturePrecepts_InfestedPredatorSpitParasite.lua_B	True	True	True	True	True	1	PASS	6	6	6	6	None	False	PASS	6	None	
Lotus_Types_Friendly_Pets_CreaturePets_CreaturePrecepts_SpawnSpore.lua_B	True	True	True	False	False	3	PASS	13	13	13	13	PASS	False	FAIL	12	FAIL	
Lotus_Types_Friendly_Pets_CreaturePets_CreaturePrecepts_TentacleParasite.lua_B	True	True	True	True	True	1	PASS	5	5	5	5	None	False	PASS	5	None	
Lotus_Types_Friendly_Pets_KubrowPetBehaviors_KubrowChargerStrainAbility.lua_B	True	True	True	True	True	1	PASS	16	16	16	16	None	False	FAIL	15	None	
Lotus_Types_Friendly_Pets_KubrowPetBehaviors_KubrowDigAbility.lua_B	True	True	True	True	True	1	PASS	6	6	6	6	None	False	PASS	6	None	
Lotus_Types_Friendly_Pets_KubrowPetBehaviors_KubrowDisarmAbility.lua_B	True	True	True	True	True	1	PASS	7	7	7	7	None	False	PASS	7	None	
Lotus_Types_Friendly_Pets_KubrowPetBehaviors_KubrowFearAbility.lua_B	True	True	True	False	False	3	PASS	11	11	11	11	PASS	False	FAIL	10	FAIL	
Lotus_Types_Friendly_Pets_KubrowPetBehaviors_KubrowFerocityAbility.lua_B	True	True	True	False	False	2	PASS	7	7	7	7	PASS	False	FAIL	6	FAIL	
Lotus_Types_Friendly_Pets_KubrowPetBehaviors_KubrowFocusBleederAbility.lua_B	True	True	True	True	True	1	PASS	7	7	7	7	None	False	PASS	7	None	
Lotus_Types_Friendly_Pets_KubrowPetBehaviors_KubrowGrabAbility.lua_B	True	True	True	False	False	2	PASS	12	12	12	12	PASS	False	PASS	12	PASS	
Lotus_Types_Friendly_Pets_KubrowPetBehaviors_KubrowHuntAbility.lua_B	True	True	True	True	True	1	PASS	8	8	8	8	None	False	PASS	8	None	
Lotus_Types_Friendly_Pets_KubrowPetBehaviors_KubrowLootAbility.lua_B	True	True	True	False	False	2	PASS	22	22	22	22	PASS	False	FAIL	21	FAIL	
Lotus_Types_Friendly_Pets_KubrowPetBehaviors_KubrowMarkMechaAbility.lua_B	True	True	True	True	True	1	PASS	8	8	8	8	None	False	FAIL	7	None	
Lotus_Types_Friendly_Pets_KubrowPetBehaviors_KubrowPetCharge.lua_B	True	True	True	True	True	1	PASS	8	8	8	8	None	False	PASS	8	None	
Lotus_Types_Friendly_Pets_KubrowPetBehaviors_KubrowSavageryAbility.lua_B	True	True	True	False	False	2	PASS	8	8	8	8	PASS	False	FAIL	7	FAIL	
Lotus_Types_Friendly_Pets_KubrowPetBehaviors_KubrowShieldRechargeAbility.lua_B	True	True	True	True	True	1	PASS	5	5	5	5	None	False	PASS	5	None	
Lotus_Types_Friendly_Pets_KubrowPetBehaviors_KubrowStealthAbility.lua_B	True	True	True	False	False	3	PASS	11	11	11	11	FAIL	False	PASS	11	FAIL	
Lotus_Types_Friendly_Pets_KubrowPetBehaviors_KubrowThiefAbility.lua_B	True	True	True	False	False	2	PASS	8	8	8	8	PASS	False	PASS	8	PASS	
Lotus_Types_Friendly_Pets_KubrowPetBehaviors_KubrowVipChaseAbility.lua_B	True	True	True	False	False	2	PASS	7	7	7	7	PASS	False	FAIL	6	FAIL	
Lotus_Types_Friendly_Pets_LisetPropCleaningDroneSpawner.lua_B	True	True	True	True	True	1	PASS	3	3	3	3	None	False	PASS	3	None	
Lotus_Types_Friendly_Pets_MoaPets_MoaPetComponents_MoaChargeAbility.lua_B	True	True	True	True	True	1	PASS	13	13	13	13	None	False	PASS	13	None	
Lotus_Types_Friendly_Pets_MoaPets_MoaPetComponents_MoaHackerAbility.lua_B	True	True	True	True	True	1	PASS	11	11	11	11	None	False	PASS	11	None	
Lotus_Types_Friendly_Pets_MoaPets_MoaPetComponents_MoaHubReactions.lua_B	True	True	True	False	False	2	PASS	9	9	9	9	PASS	False	PASS	9	PASS	
Lotus_Types_Friendly_Pets_MoaPets_MoaPetComponents_MoaLiftBomb.lua_B	True	True	True	False	False	2	PASS	16	16	16	16	PASS	False	PASS	16	PASS	
Lotus_Types_Friendly_Pets_MoaPets_MoaPetComponents_MoaMeleeUpgrade.lua_B	True	True	True	False	False	2	PASS	5	5	5	5	PASS	False	PASS	5	PASS	
Lotus_Types_Friendly_Pets_MoaPets_MoaPetComponents_MoaMunitronAbility.lua_B	True	True	True	True	True	1	PASS	3	3	3	3	None	False	PASS	3	None	
Lotus_Types_Friendly_Pets_MoaPets_MoaPetComponents_MoaShieldTransfer.lua_B	True	True	True	True	True	1	PASS	4	4	4	4	None	False	PASS	4	None	
Lotus_Types_Friendly_Pets_MoaPets_MoaPetComponents_MoaShockwave.lua_B	True	True	True	False	False	2	PASS	13	13	13	13	PASS	False	PASS	13	PASS	
Lotus_Types_Friendly_Pets_MoaPets_MoaPetComponents_MoaStasisField.lua_B	True	True	True	False	False	None	PASS	18	18	18	18	None	False	FAIL	16	None	
Lotus_Types_Friendly_Pets_MoaPets_MoaPetComponents_MoaTetherMine.lua_B	True	True	True	False	False	2	PASS	9	9	9	9	PASS	False	PASS	9	PASS	
Lotus_Types_Friendly_Pets_MoaPets_MoaPetComponents_MoaTractorBeam.lua_B	True	True	True	False	False	2	PASS	12	12	12	12	PASS	False	PASS	12	PASS	
Lotus_Types_Friendly_Pets_MoaPets_MoaPetScripts.lua_B	True	True	True	True	True	1	PASS	2	2	2	2	None	False	PASS	2	None	
Lotus_Types_Friendly_PlayerControllable_Abilities_TeshinGrappleGlaive.lua_B	True	True	True	False	False	2	PASS	12	12	12	12	PASS	False	PASS	12	PASS	
Lotus_Types_Friendly_PlayerControllable_Abilities_TeshinStanceChange.lua_B	True	True	True	False	False	2	PASS	9	9	9	9	PASS	False	FAIL	8	FAIL	
Lotus_Types_Friendly_PlayerControllable_DuviriDrifterDefaultCustomizationHelper.lua_B	True	True	True	False	False	2	PASS	2	2	2	2	PASS	False	PASS	2	PASS	
Lotus_Types_Friendly_PlayerControllable_Scripts_ControllableAvatarsSetup.lua_B	True	True	True	True	True	1	PASS	6	6	6	6	None	False	PASS	6	None	
Lotus_Types_Friendly_PlayerControllable_Scripts_DrifterGrappleAbility.lua_B	True	True	True	False	False	2	PASS	12	12	12	12	PASS	False	FAIL	11	FAIL	
Lotus_Types_Friendly_PlayerControllable_Scripts_DrifterHealAbility.lua_B	True	True	True	True	True	1	PASS	5	5	5	5	None	False	PASS	5	None	
Lotus_Types_Friendly_PlayerControllable_Scripts_DrifterHorseAbility.lua_B	True	True	True	False	False	2	PASS	10	10	10	10	PASS	False	FAIL	9	FAIL	
Lotus_Types_Friendly_PlayerControllable_Scripts_DrifterRadarAbility.lua_B	True	True	True	False	False	2	PASS	8	8	8	8	PASS	False	FAIL	7	FAIL	
Lotus_Types_Friendly_PlayerControllable_Scripts_DrifterTossAbility.lua_B	True	True	True	False	False	2	PASS	10	10	10	10	PASS	False	PASS	10	PASS	
Lotus_Types_Friendly_PlayerControllable_Scripts_PlaceCoverSimple.lua_B	True	True	True	True	True	1	PASS	4	4	4	4	None	False	PASS	4	None	
Lotus_Types_Friendly_PlayerControllable_Scripts_VesoBipedUnlockGrid.lua_B	True	True	True	False	False	2	PASS	5	5	5	5	PASS	False	PASS	5	PASS	
Lotus_Types_Friendly_PlayerControllable_Scripts_VesoCommandMoaAbility.lua_B	True	True	True	False	False	2	PASS	19	19	19	19	PASS	False	FAIL	18	FAIL	
Lotus_Types_Friendly_PlayerControllable_Scripts_VesoPlinxOnDamageDone.lua_B	True	True	True	True	True	1	PASS	2	2	2	2	None	False	PASS	2	None	
Lotus_Types_Friendly_PlayerControllable_Weapons_DuviriWeapons_Scripts_DuviriDualNikanaSlamsScript.lua_B	True	True	True	True	True	1	PASS	5	5	5	5	None	False	PASS	5	None	
Lotus_Types_Friendly_PlayerControllable_Weapons_DuviriWeapons_Scripts_DuviriHammerSlamsScript.lua_B	True	True	True	False	False	2	PASS	11	11	11	11	PASS	False	PASS	11	PASS	
Lotus_Types_Friendly_PlayerControllable_Weapons_DuviriWeapons_Scripts_DuviriMaceShieldSlamScript.lua_B	True	True	True	True	True	1	PASS	19	19	19	19	None	False	PASS	19	None	
Lotus_Types_Friendly_PlayerControllable_Weapons_DuviriWeapons_Scripts_DuviriNikanaSlamsScript.lua_B	True	True	True	False	False	2	PASS	9	9	9	9	PASS	False	FAIL	8	FAIL	
Lotus_Types_Friendly_PlayerControllable_Weapons_DuviriWeapons_Scripts_DuviriPolearmSlamsScript.lua_B	True	True	True	False	False	2	PASS	6	6	6	6	PASS	False	PASS	6	PASS	
Lotus_Types_Friendly_PlayerControllable_Weapons_DuviriWeapons_Scripts_DuviriTwoHandedSlamsScript.lua_B	True	True	True	False	False	2	PASS	5	5	5	5	PASS	False	PASS	5	PASS	
Lotus_Types_Friendly_PlayerControllable_Weapons_DuviriWeapons_Scripts_DuviriWeaponSlamUtil.lua_B	True	True	True	False	False	2	FAIL	27	45	27	54	FAIL	False	FAIL	27	FAIL	
Lotus_Types_Friendly_PlayerControllable_Weapons_DuviriWeapons_Scripts_DuviriWeaponsSpecialImmunity.lua_B	True	True	True	True	True	1	PASS	2	2	2	2	None	False	PASS	2	None	
Lotus_Types_Friendly_PlayerControllable_Weapons_KahlGrenade.lua_B	True	True	True	False	False	2	PASS	13	13	13	13	PASS	False	PASS	13	PASS	
Lotus_Types_Friendly_PlayerControllable_Weapons_KahlSniper.lua_B	True	True	True	True	True	1	PASS	2	2	2	2	None	False	PASS	2	None	
Lotus_Types_Friendly_Tenno_OperatorGrappleGlaive.lua_B	True	True	True	False	False	2	PASS	29	29	29	29	PASS	False	PASS	29	PASS	
Lotus_Types_Game_CrewShip_Ships_Abilities_CrewShipAttackAbility.lua_B	True	True	True	False	False	2	PASS	7	7	7	7	PASS	False	PASS	7	PASS	
Lotus_Types_Game_CrewShip_Ships_Abilities_CrewShipAttractorAbility.lua_B	True	True	True	False	False	2	PASS	7	7	7	7	PASS	False	PASS	7	PASS	
Lotus_Types_Game_CrewShip_Ships_Abilities_CrewShipBlackHoleAbility.lua_B	True	True	True	False	False	2	PASS	12	12	12	12	PASS	False	PASS	12	PASS	
Lotus_Types_Game_CrewShip_Ships_Abilities_CrewShipEMPAbility.lua_B	True	True	True	False	False	2	PASS	14	14	14	14	PASS	False	FAIL	13	FAIL	
Lotus_Types_Game_CrewShip_Ships_Abilities_CrewShipFlaresAbility.lua_B	True	True	True	False	False	2	PASS	7	7	7	7	PASS	False	PASS	7	PASS	
Lotus_Types_Game_CrewShip_Ships_Abilities_CrewShipPhoenixAbility.lua_B	True	True	True	False	False	2	PASS	8	8	8	8	PASS	False	PASS	8	PASS	
Lotus_Types_Game_CrewShip_Ships_Abilities_CrewShipRamAbility.lua_B	True	True	True	False	False	2	PASS	9	9	9	9	PASS	False	PASS	9	PASS	
Lotus_Types_Game_CrewShip_Ships_Abilities_CrewShipTetherAbility.lua_B	True	True	True	False	False	2	PASS	9	9	9	9	PASS	False	PASS	9	PASS	
Lotus_Types_Game_CrewShip_Ships_Abilities_CrewShipThumperAbility.lua_B	True	True	True	False	False	2	PASS	12	12	12	12	PASS	False	PASS	12	PASS	
Lotus_Types_Game_CrewShip_Ships_Abilities_Tactical_CrewShipAfterBurnersAbility.lua_B	True	True	True	False	False	2	PASS	5	5	5	5	PASS	False	PASS	5	PASS	
Lotus_Types_Game_CrewShip_Ships_Abilities_Tactical_CrewShipBattleCraftingAbility.lua_B	True	True	True	False	False	2	PASS	4	4	4	4	PASS	False	PASS	4	PASS	
Lotus_Types_Game_CrewShip_Ships_Abilities_Tactical_CrewShipDeathBlossomAbility.lua_B	True	True	True	False	False	2	PASS	5	5	5	5	PASS	False	PASS	5	PASS	
Lotus_Types_Game_CrewShip_Ships_Abilities_Tactical_CrewShipMassRecallAbility.lua_B	True	True	True	False	False	2	PASS	6	6	6	6	PASS	False	PASS	6	PASS	
Lotus_Types_Game_CrewShip_Ships_Abilities_Tactical_CrewShipQuadDamageAbility.lua_B	True	True	True	False	False	2	PASS	5	5	5	5	PASS	False	PASS	5	PASS	
Lotus_Types_Game_CrewShip_Ships_Abilities_Tactical_CrewShipRenewAbility.lua_B	True	True	True	False	False	2	PASS	4	4	4	4	PASS	False	PASS	4	PASS	
Lotus_Types_Game_CrewShip_Ships_Abilities_Tactical_CrewShipStasisAbility.lua_B	True	True	True	False	False	2	PASS	5	5	5	5	PASS	False	PASS	5	PASS	
Lotus_Types_Game_Flappy_FlappyAbility.lua_B	True	True	True	True	True	1	PASS	3	3	3	3	None	False	PASS	3	None	
Lotus_Types_Game_MarkerInfos_ShipFeatureMarkerInfo.lua_B	True	True	True	True	True	1	PASS	2	2	2	2	None	False	PASS	2	None	
Lotus_Types_Game_Simulacrum_ResetSuit.lua_B	True	True	True	True	True	1	PASS	2	2	2	2	None	False	PASS	2	None	
Lotus_Types_Gameplay_1999Wf_HexConquest_MissionConditions_ConquestArcadeScript.lua_B	True	True	True	False	False	2	PASS	5	5	5	5	PASS	False	PASS	5	PASS	
Lotus_Types_Gameplay_1999Wf_HexConquest_MissionConditions_ConquestHostileOvergrowth.lua_B	True	True	True	False	False	2	PASS	7	7	7	7	PASS	False	FAIL	6	FAIL	
Lotus_Types_Gameplay_1999Wf_HexConquest_MissionConditions_ConquestPoisonGasAuraScript.lua_B	True	True	True	True	True	1	PASS	13	13	13	13	None	False	PASS	13	None	
Lotus_Types_Gameplay_1999Wf_HexConquest_MissionConditions_ExplosiveSummerScript.lua_B	True	True	True	True	True	1	PASS	2	2	2	2	None	False	PASS	2	None	
Lotus_Types_Gameplay_1999Wf_HexConquest_MissionConditions_FallFogAuraScript.lua_B	True	True	True	True	True	1	PASS	3	3	3	3	None	False	PASS	3	None	
Lotus_Types_Gameplay_1999Wf_HexConquest_MissionConditions_JadeSpringScript.lua_B	True	True	True	False	False	2	PASS	10	10	10	10	PASS	False	PASS	10	PASS	
Lotus_Types_Gameplay_1999Wf_HexConquest_MissionConditions_PvPvESpilloverAuraScript.lua_B	True	True	True	False	False	2	FAIL	16	16	16	19	FAIL	False	FAIL	16	FAIL	
Lotus_Types_Gameplay_1999Wf_HexConquest_MissionConditions_WinterFrostAuraScript.lua_B	True	True	True	True	True	1	PASS	3	3	3	3	None	False	PASS	3	None	
Lotus_Types_Gameplay_1999Wf_Quest_RusalkaMotorcycleAvatar_RusalkaMotorcycleAvatar.lua_B	True	True	True	False	False	2	PASS	3	3	3	3	PASS	False	PASS	3	PASS	
Lotus_Types_Gameplay_DevilTower_LiteGameModes_CoHDestroyTargets.lua_B	True	True	True	False	False	2	PASS	13	13	13	13	PASS	False	FAIL	11	FAIL	
Lotus_Types_Gameplay_DevilTower_LiteGameModes_CoHExcavationLite.lua_B	True	True	True	False	False	2	PASS	25	25	25	25	PASS	False	FAIL	23	FAIL	
Lotus_Types_Gameplay_DevilTower_LiteGameModes_CoHHiveLite.lua_B	True	True	True	False	False	2	PASS	10	10	10	10	PASS	False	FAIL	9	FAIL	
Lotus_Types_Gameplay_DevilTower_LiteGameModes_CoHNemesis.lua_B	True	True	True	False	False	2	PASS	12	12	12	12	PASS	False	PASS	12	PASS	
Lotus_Types_Gameplay_DevilTower_LiteGameModes_CoHShrineDefenseLite.lua_B	True	True	True	False	False	3	PASS	77	77	77	77	PASS	False	FAIL	76	FAIL	
Lotus_Types_Gameplay_DevilTower_Objects_CoHNarmerDeacon.lua_B	True	True	True	False	False	2	PASS	8	8	8	8	PASS	False	PASS	8	PASS	
Lotus_Types_Gameplay_DevilTower_Objects_CoHNarmerPhobiaSmokeScreen.lua_B	True	True	True	True	True	1	PASS	4	4	4	4	None	False	PASS	4	None	
Lotus_Types_Gameplay_DevilTower_Objects_CoHReadingGlasses.lua_B	True	True	True	False	False	2	PASS	5	5	5	5	PASS	False	PASS	5	PASS	
Lotus_Types_Gameplay_DevilTower_Objects_CoHUFO.lua_B	True	True	True	False	False	2	PASS	12	12	12	12	PASS	False	FAIL	10	FAIL	
Lotus_Types_Gameplay_DevilTower_Objects_FireChainControl.lua_B	True	True	True	True	True	1	PASS	3	3	3	3	None	False	PASS	3	None	
Lotus_Types_Gameplay_DevilTower_Objects_SpikeorbCeiling.lua_B	True	True	True	False	False	2	PASS	8	8	8	8	PASS	False	PASS	8	PASS	
Lotus_Types_Gameplay_DevilTower_Objects_Sunlight.lua_B	True	True	True	False	False	2	PASS	4	4	4	4	PASS	False	FAIL	3	FAIL	
Lotus_Types_Gameplay_DevilTower_Objects_WallLavaControl.lua_B	True	True	True	True	True	1	PASS	4	4	4	4	None	False	PASS	4	None	
Lotus_Types_Gameplay_DevilTower_Upgrades_HarrowArchgunReload.lua_B	True	True	True	False	False	2	PASS	13	13	13	13	PASS	False	PASS	13	PASS	
Lotus_Types_Gameplay_DevilTower_Upgrades_HarrowCondemn.lua_B	True	True	True	True	True	1	PASS	4	4	4	4	None	False	PASS	4	None	
Lotus_Types_Gameplay_DevilTower_Upgrades_HarrowDamageEfficiencyOnSlide.lua_B	True	True	True	True	True	1	PASS	4	4	4	4	None	False	PASS	4	None	
Lotus_Types_Gameplay_DevilTower_Upgrades_HarrowDamageExtraHit.lua_B	True	True	True	True	True	1	PASS	2	2	2	2	None	False	PASS	2	None	
Lotus_Types_Gameplay_DevilTower_Upgrades_HarrowDamagePerShot.lua_B	True	True	True	True	True	1	PASS	3	3	3	3	None	False	PASS	3	None	
Lotus_Types_Gameplay_DevilTower_Upgrades_HarrowDotBoost.lua_B	True	True	True	True	True	1	PASS	3	3	3	3	None	False	PASS	3	None	
Lotus_Types_Gameplay_DevilTower_Upgrades_HarrowEximusNoOrbDrops.lua_B	True	True	True	True	True	1	PASS	4	4	4	4	None	False	PASS	4	None	
Lotus_Types_Gameplay_DevilTower_Upgrades_HarrowHealthToEnergy.lua_B	True	True	True	False	False	2	PASS	8	8	8	8	PASS	False	PASS	8	PASS	
Lotus_Types_Gameplay_DevilTower_Upgrades_HarrowHeatInBubbles.lua_B	True	True	True	False	False	2	FAIL	5	5	5	7	FAIL	False	FAIL	4	FAIL	
Lotus_Types_Gameplay_DevilTower_Upgrades_HarrowInstantKill.lua_B	True	True	True	True	True	1	PASS	4	4	4	4	None	False	PASS	4	None	
Lotus_Types_Gameplay_DevilTower_Upgrades_HarrowOperatorBoost.lua_B	True	True	True	True	True	1	PASS	3	3	3	3	None	False	PASS	3	None	
Lotus_Types_Gameplay_DevilTower_Upgrades_HarrowPickupBoost.lua_B	True	True	True	True	True	1	PASS	3	3	3	3	None	False	PASS	3	None	
Lotus_Types_Gameplay_DevilTower_Upgrades_HarrowProcChanceOnDamage.lua_B	True	True	True	True	True	1	PASS	4	4	4	4	None	False	PASS	4	None	
Lotus_Types_Gameplay_DevilTower_Upgrades_HarrowStopToShoot.lua_B	True	True	True	True	True	1	PASS	4	4	4	4	None	False	PASS	4	None	
Lotus_Types_Gameplay_DevilTower_Upgrades_HarrowWallLatchDrBoost.lua_B	True	True	True	False	False	2	PASS	5	5	5	5	PASS	False	PASS	5	PASS	
Lotus_Types_Gameplay_DevilTower_Upgrades_HarrowWeakDamageBoost.lua_B	True	True	True	True	True	1	PASS	5	5	5	5	None	False	PASS	5	None	
Lotus_Types_Gameplay_DevilTower_Upgrades_WispAllMotes.lua_B	True	True	True	True	True	1	PASS	3	3	3	3	None	False	PASS	3	None	
Lotus_Types_Gameplay_DevilTower_Upgrades_WispAmmoPickups.lua_B	True	True	True	True	True	1	PASS	7	7	7	7	None	False	PASS	7	None	
Lotus_Types_Gameplay_DevilTower_Upgrades_WispArmorBuff.lua_B	True	True	True	False	False	2	PASS	5	5	5	5	PASS	False	PASS	5	PASS	
Lotus_Types_Gameplay_DevilTower_Upgrades_WispBreachSurge.lua_B	True	True	True	False	False	2	PASS	2	2	2	2	PASS	False	FAIL	1	FAIL	
Lotus_Types_Gameplay_DevilTower_Upgrades_WispFullRevive.lua_B	True	True	True	True	True	1	PASS	5	5	5	5	None	False	PASS	5	None	
Lotus_Types_Gameplay_DevilTower_Upgrades_WispStartStealth.lua_B	True	True	True	True	True	1	PASS	8	8	8	8	None	False	PASS	8	None	
Lotus_Types_Gameplay_Duviri_Encounters_CrimesOfKullervo_KullervoCrimesNotice.lua_B	True	True	True	True	True	1	PASS	5	5	5	5	None	False	PASS	5	None	
Lotus_Types_Gameplay_EntratiLab_Resources_CurseItemMover.lua_B	True	True	True	True	True	1	PASS	5	5	5	5	None	False	PASS	5	None	
Lotus_Types_Gameplay_Events_KuvaIceBlade_NarinBlessing.lua_B	True	True	True	False	False	2	PASS	18	18	18	18	PASS	False	FAIL	17	FAIL	
Lotus_Types_Gameplay_Events_KuvaIceBlade_NarinMeleeBuff.lua_B	True	True	True	True	True	1	PASS	3	3	3	3	None	False	PASS	3	None	
Lotus_Types_Gameplay_GasCity_Ropalolyst_GasCityRopalolyst.lua_B	True	True	True	False	False	2	PASS	34	34	34	34	PASS	False	FAIL	33	FAIL	
Lotus_Types_Gameplay_GasCity_Ropalolyst_GasCityRopalolystDebug.lua_B	True	True	True	False	False	2	PASS	10	10	10	10	PASS	False	PASS	10	PASS	
Lotus_Types_Gameplay_GasCity_Ropalolyst_GasCityRopalolystUtils.lua_B	True	True	True	False	False	2	PASS	6	6	6	6	PASS	False	PASS	6	PASS	
Lotus_Types_Gameplay_Shadowgrapher_Curse_GraspingInk_GraspingInk.lua_B	True	True	True	True	True	1	PASS	7	7	7	7	None	False	PASS	7	None	
Lotus_Types_JadeShadowsPart2Mission_Enemies_Ground_Grineer_JS2MGrineerGroundBaseSniper_ArmourAura.lua_B	True	True	True	True	True	1	PASS	3	3	3	3	None	False	PASS	3	None	
Lotus_Types_NeutralCreatures_Conservation_Deimos_CreatureInfected.lua_B	True	True	True	False	False	2	PASS	2	2	2	2	PASS	False	PASS	2	PASS	
Lotus_Types_NeutralCreatures_Conservation_LegendaryKubrow_LegendaryKubrowFlee.lua_B	True	True	True	True	True	1	PASS	6	6	6	6	None	False	PASS	6	None	
Lotus_Types_NeutralCreatures_ErsatzHorse_ErsatzDismount.lua_B	True	True	True	True	True	1	PASS	6	6	6	6	None	False	PASS	6	None	
Lotus_Types_NeutralCreatures_ErsatzHorse_ErsatzProtectionAbility.lua_B	True	True	True	False	False	2	PASS	7	7	7	7	PASS	False	PASS	7	PASS	
Lotus_Types_NeutralCreatures_ErsatzHorse_ErsatzStompAbility.lua_B	True	True	True	False	False	2	PASS	8	8	8	8	PASS	False	PASS	8	PASS	
Lotus_Types_NeutralCreatures_ErsatzHorse_ErsatzWings.lua_B	True	True	True	False	False	2	PASS	7	7	7	7	PASS	False	FAIL	6	FAIL	
Lotus_Types_Player_EmpoweredHeavyMelee.lua_B	True	True	True	True	True	1	PASS	5	5	5	5	None	False	PASS	5	None	
Lotus_Types_Player_ErisMortemGiantVessel_GiantVessel.lua_B	True	True	True	False	False	2	PASS	8	8	8	8	PASS	False	FAIL	7	FAIL	
Lotus_Types_Player_ErisMortemGiantVessel_GiantVesselLaserEyesAbility.lua_B	True	True	True	False	False	2	PASS	9	9	9	9	PASS	False	PASS	9	PASS	
Lotus_Types_Player_ErisMortemGiantVessel_GiantVesselStompAbility.lua_B	True	True	True	True	True	1	PASS	3	3	3	3	None	False	PASS	3	None	
Lotus_Types_Player_SpaceBattle_GiveInventoryItems.lua_B	True	True	True	True	True	1	PASS	18	18	18	18	None	False	PASS	18	None	
Lotus_Types_Player_Transference.lua_B	True	True	True	True	True	1	PASS	3	3	3	3	None	False	PASS	3	None	
Lotus_Types_Scripts_Tau_CoH_CoHArenaLib.lua_B	True	True	True	False	False	2	PASS	11	11	11	11	PASS	False	PASS	11	PASS	
Lotus_Types_Scripts_Tau_CoH_CoHBossMonitor.lua_B	True	True	True	False	False	3	PASS	45	45	45	45	PASS	False	PASS	45	FAIL	
Lotus_Types_Scripts_Tau_CoH_CoHCollectionScript.lua_B	True	True	True	False	False	2	PASS	9	9	9	9	PASS	False	PASS	9	PASS	
Lotus_Types_Scripts_Tau_CoH_CoHCombatBase.lua_B	True	True	True	False	False	2	PASS	20	20	20	20	PASS	False	PASS	20	PASS	
Lotus_Types_Scripts_Tau_CoH_CoHEnums.lua_B	True	True	True	False	False	2	PASS	5	5	5	5	PASS	False	PASS	5	PASS	
Lotus_Types_Scripts_Tau_CoH_CoHInterception.lua_B	True	True	True	False	False	2	PASS	21	21	21	21	PASS	False	FAIL	20	FAIL	
Lotus_Types_Scripts_Tau_CoH_CohKeyTargetMode.lua_B	True	True	True	False	False	2	PASS	13	13	13	13	PASS	False	PASS	13	PASS	
Lotus_Types_Scripts_Tau_CoH_CoHLootRoom.lua_B	True	True	True	False	False	2	PASS	28	28	28	28	PASS	False	FAIL	26	FAIL	
Lotus_Types_Scripts_Tau_CoH_CoHMission.lua_B	True	True	True	False	False	3	PASS	90	90	90	90	PASS	False	FAIL	86	FAIL	
Lotus_Types_Scripts_Tau_CoH_CoHProtoframe.lua_B	True	True	True	False	False	2	PASS	30	30	30	30	FAIL	False	FAIL	29	FAIL	
Lotus_Types_Scripts_Tau_CoH_CohProtoframeDialogue.lua_B	True	True	True	False	False	2	PASS	18	18	18	18	PASS	False	PASS	18	PASS	
Lotus_Types_Scripts_Tau_CoH_CoHRace.lua_B	True	True	True	False	False	3	PASS	22	22	22	22	PASS	False	PASS	22	FAIL	
Lotus_Types_Scripts_Tau_CoH_CoHSpawnHelper.lua_B	True	True	True	False	False	2	PASS	20	20	20	20	PASS	False	PASS	20	PASS	
Lotus_Types_Scripts_Tau_CoH_CohTransmissions.lua_B	True	True	True	True	True	1	PASS	2	2	2	2	None	False	PASS	2	None	
Lotus_Types_Scripts_Tau_CoH_CoHUnique.lua_B	True	True	True	False	False	2	PASS	24	24	24	24	PASS	False	FAIL	22	FAIL	
Lotus_Types_Scripts_Tau_CoH_CoHUpgrades.lua_B	True	True	True	False	False	2	FAIL	29	31	29	33	FAIL	False	FAIL	29	FAIL	
Lotus_Types_Scripts_Tau_CoH_CoHUrielFightMonitor.lua_B	True	True	True	False	False	2	PASS	11	11	11	11	PASS	False	FAIL	9	FAIL	
Lotus_Types_Scripts_Tau_CoH_CoHUtilityLib.lua_B	True	True	True	False	False	3	PASS	56	56	56	56	PASS	False	PASS	56	FAIL	
Lotus_Types_Scripts_Tau_CoH_Complications_CohEnhancementAura.lua_B	True	True	True	True	True	1	PASS	5	5	5	5	None	False	PASS	5	None	
Lotus_Types_Scripts_Tau_CoH_Complications_CoHEscapistsAura.lua_B	True	True	True	True	True	1	PASS	5	5	5	5	None	False	PASS	5	None	
Lotus_Types_Scripts_Tau_CoH_Complications_CoHFieryTrailAura.lua_B	True	True	True	False	False	2	PASS	6	6	6	6	PASS	False	FAIL	5	FAIL	
Lotus_Types_Scripts_Tau_CoH_Complications_CoHGiantRealm.lua_B	True	True	True	False	False	2	PASS	7	7	7	7	PASS	False	PASS	7	PASS	
Lotus_Types_Scripts_Tau_CoH_Complications_CoHHeavyWeaponsOnly.lua_B	True	True	True	False	False	2	PASS	13	13	13	13	PASS	False	FAIL	11	FAIL	
Lotus_Types_Scripts_Tau_CoH_Complications_CoHJumpSmashMode.lua_B	True	True	True	True	True	1	PASS	5	5	5	5	None	False	PASS	5	None	
Lotus_Types_Scripts_Tau_CoH_Complications_CohLevelFeatureAura.lua_B	True	True	True	True	True	1	PASS	5	5	5	5	None	False	PASS	5	None	
Lotus_Types_Scripts_Tau_CoH_Complications_CoHMonitorTriggerAura.lua_B	True	True	True	True	True	1	PASS	2	2	2	2	None	False	PASS	2	None	
Lotus_Types_Scripts_Tau_CoH_Complications_CoHNarmerPhobiaAura.lua_B	True	True	True	False	False	4	PASS	12	12	12	12	PASS	False	FAIL	11	FAIL	
Lotus_Types_Scripts_Tau_CoH_Complications_CoHRaptorTwo.lua_B	True	True	True	False	False	2	PASS	17	17	17	17	PASS	False	FAIL	16	FAIL	
Lotus_Types_Scripts_Tau_CoH_Complications_CoHReviveAura.lua_B	True	True	True	True	True	1	PASS	4	4	4	4	None	False	PASS	4	None	
Lotus_Types_Scripts_Tau_CoH_Complications_CoHSlipAndSideAura.lua_B	True	True	True	True	True	1	PASS	4	4	4	4	None	False	PASS	4	None	
Lotus_Types_Scripts_Tau_CoH_Complications_CoHSpicyKnife.lua_B	True	True	True	False	False	2	PASS	5	5	5	5	PASS	False	FAIL	4	FAIL	
Lotus_Types_Scripts_Tau_CoH_Complications_CoHSpikeOrbAura.lua_B	True	True	True	True	True	1	PASS	3	3	3	3	None	False	PASS	3	None	
Lotus_Types_Scripts_Tau_CoH_Complications_CoHSummonHorse.lua_B	True	True	True	False	False	2	PASS	8	8	8	8	PASS	False	FAIL	7	FAIL	
Lotus_Types_Scripts_Tau_CoH_Complications_CoHSummonMech.lua_B	True	True	True	False	False	2	PASS	9	9	9	9	PASS	False	PASS	9	PASS	
Lotus_Types_Scripts_Tau_CoH_Complications_CoHSummonVehicle.lua_B	True	True	True	False	False	2	PASS	17	17	17	17	PASS	False	PASS	17	PASS	
Lotus_Types_Scripts_Tau_CoH_Complications_CoHSunlightAura.lua_B	True	True	True	True	True	1	PASS	5	5	5	5	None	False	PASS	5	None	
Lotus_Types_Scripts_Tau_CoH_Complications_CoHUnseenFoes.lua_B	True	True	True	True	True	1	PASS	3	3	3	3	None	False	FAIL	2	None	
Lotus_Types_Scripts_Tau_CoH_Complications_CoHWeaponSpawnAura.lua_B	True	True	True	False	False	2	PASS	9	9	9	9	PASS	False	PASS	9	PASS	
Lotus_Types_Scripts_Tau_CoH_Complications_FireChainAura.lua_B	True	True	True	True	True	1	PASS	5	5	5	5	None	False	PASS	5	None	
Lotus_Types_Scripts_Tau_GrappleLookTriggerScript.lua_B	True	True	True	False	False	2	PASS	6	6	6	6	PASS	False	PASS	6	PASS	
Lotus_Types_Sentinels_SentinelAbilities_AlacrityField.lua_B	True	True	True	True	True	1	PASS	11	11	11	11	None	False	PASS	11	None	
Lotus_Types_Sentinels_SentinelAbilities_AmmoBuff.lua_B	True	True	True	True	True	1	PASS	8	8	8	8	None	False	PASS	8	None	
Lotus_Types_Sentinels_SentinelAbilities_AntigravDilator.lua_B	True	True	True	True	True	1	PASS	4	4	4	4	None	False	PASS	4	None	
Lotus_Types_Sentinels_SentinelAbilities_ArcTrap.lua_B	True	True	True	False	False	2	PASS	8	8	8	8	PASS	False	PASS	8	PASS	
Lotus_Types_Sentinels_SentinelAbilities_Bait.lua_B	True	True	True	False	False	3	PASS	10	10	10	10	PASS	False	FAIL	9	FAIL	
Lotus_Types_Sentinels_SentinelAbilities_BondedExaltation.lua_B	True	True	True	False	False	2	PASS	15	15	15	15	PASS	False	FAIL	14	FAIL	
Lotus_Types_Sentinels_SentinelAbilities_BoneSplitter.lua_B	True	True	True	True	True	1	PASS	7	7	7	7	None	False	PASS	7	None	
Lotus_Types_Sentinels_SentinelAbilities_CodexScannerAbility.lua_B	True	True	True	False	False	2	PASS	8	8	8	8	PASS	False	FAIL	6	FAIL	
Lotus_Types_Sentinels_SentinelAbilities_CompanionAbilitiesLib.lua_B	True	True	True	False	False	2	PASS	3	3	3	3	PASS	False	PASS	3	PASS	
Lotus_Types_Sentinels_SentinelAbilities_CompoundingLaceration.lua_B	True	True	True	True	True	1	PASS	10	10	10	10	None	False	PASS	10	None	
Lotus_Types_Sentinels_SentinelAbilities_CoolantLeak.lua_B	True	True	True	True	True	1	PASS	7	7	7	7	None	False	PASS	7	None	
Lotus_Types_Sentinels_SentinelAbilities_Copilot.lua_B	True	True	True	False	False	2	PASS	8	8	8	8	PASS	False	PASS	8	PASS	
Lotus_Types_Sentinels_SentinelAbilities_CrowdDispersion.lua_B	True	True	True	True	True	1	PASS	6	6	6	6	None	False	PASS	6	None	
Lotus_Types_Sentinels_SentinelAbilities_EximusHunter.lua_B	True	True	True	True	True	1	PASS	7	7	7	7	None	False	PASS	7	None	
Lotus_Types_Sentinels_SentinelAbilities_FiredUp.lua_B	True	True	True	False	False	2	PASS	8	8	8	8	PASS	False	PASS	8	PASS	
Lotus_Types_Sentinels_SentinelAbilities_GatherEnemies.lua_B	True	True	True	True	True	1	PASS	6	6	6	6	None	False	PASS	6	None	
Lotus_Types_Sentinels_SentinelAbilities_GhostAbility.lua_B	True	True	True	False	False	3	PASS	11	11	11	11	FAIL	False	PASS	11	FAIL	
Lotus_Types_Sentinels_SentinelAbilities_Guardian.lua_B	True	True	True	True	True	1	PASS	5	5	5	5	None	False	PASS	5	None	
Lotus_Types_Sentinels_SentinelAbilities_Healbot.lua_B	True	True	True	False	False	2	PASS	10	10	10	10	PASS	False	PASS	10	PASS	
Lotus_Types_Sentinels_SentinelAbilities_ItemDropOnAssist.lua_B	True	True	True	True	True	1	PASS	6	6	6	6	None	False	PASS	6	None	
Lotus_Types_Sentinels_SentinelAbilities_LocateCreaturesAbility.lua_B	True	True	True	False	False	2	PASS	5	5	5	5	PASS	False	PASS	5	PASS	
Lotus_Types_Sentinels_SentinelAbilities_LocateResourcesAbility.lua_B	True	True	True	False	False	2	PASS	9	9	9	9	PASS	False	PASS	9	FAIL	
Lotus_Types_Sentinels_SentinelAbilities_Looter.lua_B	True	True	True	True	True	1	PASS	7	7	7	7	None	False	FAIL	6	None	
Lotus_Types_Sentinels_SentinelAbilities_LoyalCompanion.lua_B	True	True	True	True	True	1	PASS	6	6	6	6	None	False	PASS	6	None	
Lotus_Types_Sentinels_SentinelAbilities_LuckyCompanion.lua_B	True	True	True	True	True	1	PASS	5	5	5	5	None	False	PASS	5	None	
Lotus_Types_Sentinels_SentinelAbilities_MutualNourishment.lua_B	True	True	True	False	False	3	PASS	7	7	7	7	PASS	False	PASS	7	PASS	
Lotus_Types_Sentinels_SentinelAbilities_PlantScannerAbility.lua_B	True	True	True	False	False	2	PASS	5	5	5	5	PASS	False	FAIL	4	FAIL	
Lotus_Types_Sentinels_SentinelAbilities_PredatoryResponse.lua_B	True	True	True	False	False	2	PASS	9	9	9	9	PASS	False	PASS	9	PASS	
Lotus_Types_Sentinels_SentinelAbilities_PreyDrive.lua_B	True	True	True	False	False	2	PASS	8	8	8	8	PASS	False	PASS	8	PASS	
Lotus_Types_Sentinels_SentinelAbilities_ProcAbsorb.lua_B	True	True	True	False	False	2	PASS	8	8	8	8	PASS	False	FAIL	7	FAIL	
Lotus_Types_Sentinels_SentinelAbilities_Proliferation.lua_B	True	True	True	False	False	2	PASS	7	7	7	7	PASS	False	PASS	7	PASS	
Lotus_Types_Sentinels_SentinelAbilities_Reawaken.lua_B	True	True	True	False	False	3	PASS	6	6	6	6	PASS	False	PASS	6	PASS	
Lotus_Types_Sentinels_SentinelAbilities_RegenAbility.lua_B	True	True	True	True	True	1	PASS	6	6	6	6	None	False	PASS	6	None	
Lotus_Types_Sentinels_SentinelAbilities_RepairShip.lua_B	True	True	True	True	True	1	PASS	6	6	6	6	None	False	PASS	6	None	
Lotus_Types_Sentinels_SentinelAbilities_RevengeAbility.lua_B	True	True	True	False	False	2	PASS	7	7	7	7	PASS	False	PASS	7	PASS	
Lotus_Types_Sentinels_SentinelAbilities_SalvageScanner.lua_B	True	True	True	True	True	1	PASS	7	7	7	7	None	False	PASS	7	None	
Lotus_Types_Sentinels_SentinelAbilities_Sanctuary.lua_B	True	True	True	False	False	2	PASS	6	6	6	6	PASS	False	PASS	6	PASS	
Lotus_Types_Sentinels_SentinelAbilities_SentinelHealAbility.lua_B	True	True	True	False	False	2	PASS	6	6	6	6	PASS	False	PASS	6	PASS	
Lotus_Types_Sentinels_SentinelAbilities_SentinelOnDeath.lua_B	True	True	True	True	True	1	PASS	6	6	6	6	None	False	PASS	6	None	
Lotus_Types_Sentinels_SentinelAbilities_SentinelOnRevive.lua_B	True	True	True	True	True	1	PASS	3	3	3	3	None	False	PASS	3	None	
Lotus_Types_Sentinels_SentinelAbilities_SentinelOnSpawn.lua_B	True	True	True	True	True	1	PASS	2	2	2	2	None	False	PASS	2	None	
Lotus_Types_Sentinels_SentinelAbilities_SentinelRevivePlayer.lua_B	True	True	True	False	False	3	PASS	10	10	10	10	PASS	False	FAIL	9	FAIL	
Lotus_Types_Sentinels_SentinelAbilities_ShieldAuraAbility.lua_B	True	True	True	True	True	1	PASS	2	2	2	2	None	False	PASS	2	None	
Lotus_Types_Sentinels_SentinelAbilities_ShieldVampire.lua_B	True	True	True	True	True	1	PASS	7	7	7	7	None	False	PASS	7	None	
Lotus_Types_Sentinels_SentinelAbilities_SwiftDethAbility.lua_B	True	True	True	True	True	1	PASS	10	10	10	10	None	False	FAIL	9	None	
Lotus_Types_Sentinels_SentinelAbilities_SynthDeconstruct.lua_B	True	True	True	False	False	2	PASS	6	6	6	6	PASS	False	FAIL	5	FAIL	
Lotus_Types_Sentinels_SentinelAbilities_SynthFibers.lua_B	True	True	True	False	False	3	PASS	7	7	7	7	PASS	False	PASS	7	PASS	
Lotus_Types_Sentinels_SentinelAbilities_SynthSetMod.lua_B	True	True	True	True	True	1	PASS	4	4	4	4	None	False	PASS	4	None	
Lotus_Types_Sentinels_SentinelAbilities_TandemTactics.lua_B	True	True	True	True	True	1	PASS	10	10	10	10	None	False	PASS	10	None	
Lotus_Types_Sentinels_SentinelAbilities_TaserStun.lua_B	True	True	True	True	True	1	PASS	6	6	6	6	None	False	PASS	6	None	
Lotus_Types_Sentinels_SentinelAbilities_TenaciousPartner.lua_B	True	True	True	True	True	1	PASS	11	11	11	11	None	False	PASS	11	None	
Lotus_Types_Sentinels_SentinelAbilities_ThrowGlaiveAbility.lua_B	True	True	True	True	True	1	PASS	6	6	6	6	None	False	PASS	6	None	
Lotus_Types_Sentinels_SentinelAbilities_Vaporize.lua_B	True	True	True	True	True	1	PASS	8	8	8	8	None	False	PASS	8	None	
Lotus_Types_Sentinels_SentinelAbilities_VoidClone.lua_B	True	True	True	False	False	2	PASS	12	12	12	12	PASS	False	FAIL	11	FAIL	
Lotus_Types_Sentinels_SentinelAbilities_VoidCloneOrbHelper.lua_B	True	True	True	True	True	1	PASS	4	4	4	4	None	False	PASS	4	None	
Lotus_Types_Sentinels_SentinelAbilities_VoidVinculum.lua_B	True	True	True	False	False	2	PASS	14	14	14	14	PASS	False	PASS	14	PASS	
Lotus_Types_Sentinels_SentinelAbilities_WarframeSuckAbility.lua_B	True	True	True	False	False	2	PASS	8	8	8	8	FAIL	False	FAIL	7	FAIL	
Lotus_Types_Sentinels_SentinelAbilities_WarriorAbility.lua_B	True	True	True	True	True	1	PASS	9	9	9	9	None	False	FAIL	8	None	
Lotus_Types_Sentinels_SentinelAbilities_WeaknessScan.lua_B	True	True	True	False	False	2	PASS	8	8	8	8	PASS	False	PASS	8	PASS	
Lotus_Types_TauPrequel_Quest_AdisAlly_AdisAllyControl.lua_B	True	True	True	False	False	2	PASS	27	27	27	27	PASS	False	PASS	27	PASS	
Lotus_Types_TauPrequel_Quest_AdisAlly_Powersuit_SlowBeamAbility.lua_B	True	True	True	False	False	2	PASS	10	10	10	10	PASS	False	PASS	10	PASS	
Lotus_Types_TauPrequel_Quest_BattleMapFlight_BattleMapLaunch.lua_B	True	True	True	False	False	2	PASS	14	14	14	14	PASS	False	PASS	14	PASS	
Lotus_Types_TauPrequel_Quest_BattleMapFlight_DemonFrameFlight.lua_B	True	True	True	True	True	1	PASS	4	4	4	4	None	False	PASS	4	None	
Lotus_Types_TauPrequel_Quest_Operator_OperatorUltimateCinematic.lua_B	True	True	True	True	True	1	PASS	11	11	11	11	None	False	PASS	11	None	
Lotus_Types_TauPrequel_Quest_Sensei_SentientSensei.lua_B	True	True	True	False	False	2	PASS	8	8	8	8	PASS	False	PASS	8	PASS	
Lotus_Types_Vehicles_Highway_HighwayVehicle.lua_B	False	None	None	None	None	None	None	None	None	None	None	None	None	None	None	None	decompile: u44 input profile: profile: unsupported opcode 86 decompile-mod-u44: walk error: not a 09 03 container 
Lotus_Types_Vehicles_Hoverboard_HoverboardAbility_HBAbilityInitialize.lua_B	True	True	True	True	True	1	PASS	5	5	5	5	None	False	PASS	5	None	
Lotus_Types_Vehicles_Hoverboard_HoverboardAbility_HBColdLeak.lua_B	True	True	True	False	False	2	PASS	8	8	8	8	PASS	False	PASS	8	PASS	
Lotus_Types_Vehicles_Hoverboard_HoverboardAbility_HBElementalTrail.lua_B	True	True	True	False	False	2	PASS	7	7	7	7	PASS	False	PASS	7	PASS	
Lotus_Types_Vehicles_Hoverboard_HoverboardAbility_HBEnergyInjection.lua_B	True	True	True	True	True	1	PASS	6	6	6	6	None	False	PASS	6	None	
Lotus_Types_Vehicles_Hoverboard_HoverboardAbility_HBEnergyTrick.lua_B	True	True	True	True	True	1	PASS	6	6	6	6	None	False	PASS	6	None	
Lotus_Types_Vehicles_Hoverboard_HoverboardAbility_HBEscapePlan.lua_B	True	True	True	True	True	1	PASS	6	6	6	6	None	False	PASS	6	None	
Lotus_Types_Vehicles_Hoverboard_HoverboardAbility_HBFireWorks.lua_B	True	True	True	True	True	1	PASS	6	6	6	6	None	False	PASS	6	None	
Lotus_Types_Vehicles_Hoverboard_HoverboardAbility_HBGrindElecArea.lua_B	True	True	True	False	False	2	PASS	10	10	10	10	PASS	False	FAIL	9	FAIL	
Lotus_Types_Vehicles_Hoverboard_HoverboardAbility_HBGroundSlamAbility.lua_B	True	True	True	False	False	2	PASS	2	2	2	2	PASS	False	PASS	2	PASS	
Lotus_Types_Vehicles_Hoverboard_HoverboardAbility_HBGroundSlamUpgrade.lua_B	True	True	True	True	True	1	PASS	5	5	5	5	None	False	PASS	5	None	
Lotus_Types_Vehicles_Hoverboard_HoverboardAbility_HBMaxPoint.lua_B	True	True	True	True	True	1	PASS	4	4	4	4	None	False	PASS	4	None	
Lotus_Types_Vehicles_Hoverboard_HoverboardAbility_HBSlayBoard.lua_B	True	True	True	False	False	2	PASS	8	8	8	8	PASS	False	PASS	8	PASS	
Lotus_Types_Vehicles_Hoverboard_HoverboardAbility_HBSonicBoom.lua_B	True	True	True	False	False	2	PASS	7	7	7	7	PASS	False	PASS	7	PASS	
Lotus_Types_Vehicles_Hoverboard_HoverboardAbility_HBTrickExplosions.lua_B	True	True	True	False	False	2	PASS	10	10	10	10	PASS	False	FAIL	9	FAIL	
Lotus_Types_Vehicles_Hoverboard_HoverboardAbility_HoverboardAbilityUtil.lua_B	True	True	True	False	False	2	PASS	16	16	16	16	PASS	False	PASS	16	PASS	
Lotus_Types_Vehicles_Motorcycle_Motorcycle.lua_B	True	True	True	False	False	2	PASS	23	23	23	23	PASS	False	PASS	23	PASS	
Lotus_Types_Vehicles_Motorcycle_MotorcycleLaunchDismountAbility.lua_B	True	True	True	False	False	2	PASS	13	13	13	13	PASS	False	PASS	13	PASS	
Lotus_Types_Vehicles_Motorcycle_MotorcycleMarkAbility.lua_B	True	True	True	False	False	2	PASS	10	10	10	10	PASS	False	PASS	10	PASS	
Lotus_Types_Vehicles_Motorcycle_MotorcycleNitroAbility.lua_B	True	True	True	False	False	2	PASS	6	6	6	6	PASS	False	PASS	6	PASS	
Lotus_Types_Vehicles_Motorcycle_MotorcycleStealthDismountAbility.lua_B	True	True	True	True	True	1	PASS	8	8	8	8	None	False	PASS	8	None	
Lotus_Types_Vehicles_TNWBalloon_TNWBalloon.lua_B	True	True	True	False	False	2	PASS	6	6	6	6	PASS	False	PASS	6	PASS	
Lotus_Upgrades_Boons_BuffAura.lua_B	True	True	True	True	True	1	PASS	4	4	4	4	None	False	PASS	4	None	
Lotus_Upgrades_Boons_Corrupted_HeavyMeleeDamageForEnergy.lua_B	True	True	True	True	True	1	PASS	10	10	10	10	None	False	PASS	10	None	
Lotus_Upgrades_Boons_Corrupted_HurtMe.lua_B	True	True	True	True	True	1	PASS	4	4	4	4	None	False	PASS	4	None	
Lotus_Upgrades_Boons_Corrupted_StatIncreasePerArmorPercentage.lua_B	True	True	True	True	True	1	PASS	5	5	5	5	None	False	PASS	5	None	
Lotus_Upgrades_Boons_Corrupted_StatIncreasePerHealth.lua_B	True	True	True	False	False	2	PASS	5	5	5	5	PASS	False	PASS	5	PASS	
Lotus_Upgrades_Boons_DamageAura.lua_B	True	True	True	False	False	2	PASS	6	6	6	6	PASS	False	PASS	6	PASS	
Lotus_Upgrades_Boons_Defensive_ArmorForDuration.lua_B	True	True	True	True	True	1	PASS	5	5	5	5	None	False	PASS	5	None	
Lotus_Upgrades_Boons_Defensive_ArmorOnLifeOrbPickup.lua_B	True	True	True	True	True	1	PASS	5	5	5	5	None	False	PASS	5	None	
Lotus_Upgrades_Boons_Defensive_DamageRecoverOnRoll.lua_B	True	True	True	True	True	1	PASS	7	7	7	7	None	False	PASS	7	None	
Lotus_Upgrades_Boons_Defensive_HealOnStatusProc.lua_B	True	True	True	False	False	2	PASS	6	6	6	6	PASS	False	PASS	6	PASS	
Lotus_Upgrades_Boons_Defensive_OverguardOnMeleeKill.lua_B	True	True	True	True	True	1	PASS	4	4	4	4	None	False	PASS	4	None	
Lotus_Upgrades_Boons_Defensive_ResistancePerNearbyEnemy.lua_B	True	True	True	True	True	1	PASS	5	5	5	5	None	False	PASS	5	None	
Lotus_Upgrades_Boons_Defensive_SlowAura.lua_B	True	True	True	True	True	1	PASS	5	5	5	5	None	False	PASS	5	None	
Lotus_Upgrades_Boons_Offensive_AoeDamage.lua_B	True	True	True	True	True	1	PASS	4	4	4	4	None	False	PASS	4	None	
Lotus_Upgrades_Boons_Offensive_AoeDamageOnPosture.lua_B	True	True	True	True	True	1	PASS	8	8	8	8	None	False	PASS	8	None	
Lotus_Upgrades_Boons_Offensive_AoeDamagePct.lua_B	True	True	True	True	True	1	PASS	4	4	4	4	None	False	PASS	4	None	
Lotus_Upgrades_Boons_Offensive_AoeEnemyHealthDamage.lua_B	True	True	True	True	True	1	PASS	8	8	8	8	None	False	PASS	8	None	
Lotus_Upgrades_Boons_Offensive_AoeViralOnJumpKicks.lua_B	True	True	True	False	False	2	PASS	8	8	8	8	PASS	False	PASS	8	PASS	
Lotus_Upgrades_Boons_Offensive_BonusDamageOnReload.lua_B	True	True	True	False	False	2	PASS	6	6	6	6	PASS	False	PASS	6	PASS	
Lotus_Upgrades_Boons_Offensive_BonusDamagePerNearbyEnemyWithStatus.lua_B	True	True	True	True	True	1	PASS	6	6	6	6	None	False	PASS	6	None	
Lotus_Upgrades_Boons_Offensive_ChargeDamageWhileMoving.lua_B	True	True	True	False	False	2	PASS	7	7	7	7	PASS	False	PASS	7	PASS	
Lotus_Upgrades_Boons_Offensive_DamageVulnerability.lua_B	True	True	True	True	True	1	PASS	3	3	3	3	None	False	PASS	3	None	
Lotus_Upgrades_Boons_Offensive_ElectricDamageOnReload.lua_B	True	True	True	False	False	2	PASS	11	11	11	11	PASS	False	PASS	11	PASS	
Lotus_Upgrades_Boons_Offensive_ElectricFieldOnWeakPointKill.lua_B	True	True	True	False	False	2	PASS	11	11	11	11	PASS	False	PASS	11	FAIL	
Lotus_Upgrades_Boons_Offensive_EmpoweredAttack.lua_B	True	True	True	False	False	2	PASS	4	4	4	4	PASS	False	PASS	4	PASS	
Lotus_Upgrades_Boons_Offensive_LastingAirborneEffect.lua_B	True	True	True	False	False	2	PASS	7	7	7	7	PASS	False	PASS	7	PASS	
Lotus_Upgrades_Boons_Offensive_MeleeDamageWave.lua_B	True	True	True	False	False	2	PASS	5	5	5	5	PASS	False	PASS	5	PASS	
Lotus_Upgrades_Boons_Offensive_ProcOnHitShot.lua_B	True	True	True	True	True	1	PASS	4	4	4	4	None	False	PASS	4	None	
Lotus_Upgrades_Boons_Offensive_ProcsOnHit.lua_B	True	True	True	True	True	1	PASS	3	3	3	3	None	False	PASS	3	None	
Lotus_Upgrades_Boons_Offensive_ReduceArmor.lua_B	True	True	True	True	True	1	PASS	2	2	2	2	None	False	PASS	2	None	
Lotus_Upgrades_Boons_Offensive_SpreadStatusOnCondition.lua_B	True	True	True	True	True	1	PASS	6	6	6	6	None	False	PASS	6	None	
Lotus_Upgrades_Boons_Offensive_StackOnShotFireballUnleash.lua_B	True	True	True	True	True	1	PASS	7	7	7	7	None	False	PASS	7	None	
Lotus_Upgrades_Boons_Offensive_StatIncreasePerArmor.lua_B	True	True	True	False	False	2	PASS	10	10	10	10	PASS	False	PASS	10	PASS	
Lotus_Upgrades_Boons_Offensive_UpgradeForNextAbility.lua_B	True	True	True	False	False	2	PASS	7	7	7	7	PASS	False	PASS	7	PASS	
Lotus_Upgrades_Boons_StatIncreasePerBoon.lua_B	True	True	True	True	True	1	PASS	5	5	5	5	None	False	PASS	5	None	
Lotus_Upgrades_Boons_Utility_EnergyRegenAndBeastModePointsWhenFullHealth.lua_B	True	True	True	True	True	1	PASS	5	5	5	5	None	False	PASS	5	None	
Lotus_Upgrades_Boons_Utility_EnergyRegenOnAbilityCast.lua_B	True	True	True	True	True	1	PASS	3	3	3	3	None	False	PASS	3	None	
Lotus_Upgrades_Boons_Utility_LiftEnemyInTrigger.lua_B	True	True	True	True	True	1	PASS	4	4	4	4	None	False	PASS	4	None	
Lotus_Upgrades_Boons_Utility_NoCostCastChanceOnCast.lua_B	True	True	True	True	True	1	PASS	5	5	5	5	None	False	PASS	5	None	
Lotus_Upgrades_Boons_Utility_SlideSpeedBoostOnSlideKill.lua_B	True	True	True	True	True	1	PASS	3	3	3	3	None	False	PASS	3	None	
Lotus_Upgrades_Boons_Utility_UniqueUpgradeDrifterVsWarframe.lua_B	True	True	True	True	True	1	PASS	4	4	4	4	None	False	PASS	4	None	
Lotus_Upgrades_Calendar_AmmoSpentUpgrade.lua_B	True	True	True	False	False	2	PASS	11	11	11	11	PASS	False	PASS	11	PASS	
Lotus_Upgrades_Calendar_CloneDeadEnemy.lua_B	True	True	True	True	True	1	PASS	10	10	10	10	None	False	PASS	10	None	
Lotus_Upgrades_Calendar_CloneFriend.lua_B	True	True	True	False	False	2	PASS	12	12	12	12	PASS	False	PASS	12	FAIL	
Lotus_Upgrades_Calendar_ComboMultiplierUpgrade.lua_B	True	True	True	False	False	2	PASS	10	10	10	10	PASS	False	PASS	10	PASS	
Lotus_Upgrades_Calendar_ElectricDamagePerDistance.lua_B	True	True	True	True	True	1	PASS	12	12	12	12	None	False	PASS	12	None	
Lotus_Upgrades_Calendar_ElementEveryXShots.lua_B	True	True	True	True	True	1	PASS	2	2	2	2	None	False	PASS	2	None	
Lotus_Upgrades_Calendar_Explode.lua_B	True	True	True	True	True	1	PASS	3	3	3	3	None	False	PASS	3	None	
Lotus_Upgrades_Calendar_FreeAbilityCastsForEveryone.lua_B	True	True	True	True	True	1	PASS	5	5	5	5	None	False	PASS	5	None	
Lotus_Upgrades_Calendar_GuidingMissilesChance.lua_B	True	True	True	False	False	2	PASS	17	17	17	17	PASS	False	PASS	17	PASS	
Lotus_Upgrades_Calendar_HealShields.lua_B	True	True	True	True	True	1	PASS	2	2	2	2	None	False	PASS	2	None	
Lotus_Upgrades_Calendar_SpawnPickup.lua_B	True	True	True	True	True	1	PASS	3	3	3	3	None	False	PASS	3	None	
Lotus_Upgrades_Calendar_UpgradePerAvatarInRange.lua_B	True	True	True	True	True	1	PASS	9	9	9	9	None	False	PASS	9	None	
Lotus_Upgrades_Calendar_UpgradePerEnergySpent.lua_B	True	True	True	False	False	2	PASS	11	11	11	11	PASS	False	PASS	11	PASS	
Lotus_Upgrades_ChoirWeapons_ChoirSetApplicator.lua_B	True	True	True	False	False	2	PASS	8	8	8	8	PASS	False	PASS	8	PASS	
Lotus_Upgrades_CosmeticEnhancers_Antiques_NonStackingTimedWarframeBuff.lua_B	True	True	True	True	True	1	PASS	6	6	6	6	None	False	PASS	6	None	
Lotus_Upgrades_CosmeticEnhancers_Antiques_PermaHitBuff.lua_B	True	True	True	True	True	1	PASS	12	12	12	12	None	False	PASS	12	None	
Lotus_Upgrades_CosmeticEnhancers_Antiques_StatusChanceOnUltimateHit.lua_B	True	True	True	True	True	1	PASS	14	14	14	14	None	False	PASS	14	None	
Lotus_Upgrades_CosmeticEnhancers_Antiques_UltimateInvisibility.lua_B	True	True	True	True	True	1	PASS	9	9	9	9	None	False	PASS	9	None	
Lotus_Upgrades_CosmeticEnhancers_Antiques_VoidSlingsOverguardStrip.lua_B	True	True	True	True	True	1	PASS	6	6	6	6	None	False	PASS	6	None	
Lotus_Upgrades_CosmeticEnhancers_Defensive_DamageResistanceStacksOverTime.lua_B	True	True	True	False	False	2	PASS	8	8	8	8	PASS	False	PASS	8	PASS	
Lotus_Upgrades_CosmeticEnhancers_Defensive_IncreaseMaxHealthOnHealthPickup.lua_B	True	True	True	True	True	1	PASS	5	5	5	5	None	False	PASS	5	None	
Lotus_Upgrades_CosmeticEnhancers_Defensive_InstantShieldOnDamage.lua_B	True	True	True	True	True	1	PASS	5	5	5	5	None	False	PASS	5	None	
Lotus_Upgrades_CosmeticEnhancers_Defensive_InvulnerabilityOnDeathOnCondition.lua_B	True	True	True	False	False	2	PASS	9	9	9	9	PASS	False	FAIL	8	FAIL	
Lotus_Upgrades_CosmeticEnhancers_Defensive_MaxDPSTakenForArmour.lua_B	True	True	True	False	False	2	PASS	8	8	8	8	PASS	False	PASS	8	PASS	
Lotus_Upgrades_CosmeticEnhancers_Defensive_RadialAttackOnOverguardGain.lua_B	True	True	True	True	True	1	PASS	8	8	8	8	None	False	PASS	8	None	
Lotus_Upgrades_CosmeticEnhancers_Defensive_StealDefensiveStatsOnRoll.lua_B	True	True	True	True	True	1	PASS	5	5	5	5	None	False	PASS	5	None	
Lotus_Upgrades_CosmeticEnhancers_Offensive_AmmoEfficiencyOnSliding.lua_B	True	True	True	False	False	2	PASS	5	5	5	5	PASS	False	PASS	5	PASS	
Lotus_Upgrades_CosmeticEnhancers_Offensive_AoeOnCondition.lua_B	True	True	True	True	True	1	PASS	5	5	5	5	None	False	PASS	5	None	
Lotus_Upgrades_CosmeticEnhancers_Offensive_ApplyUpgrade.lua_B	True	True	True	True	True	1	PASS	3	3	3	3	None	False	PASS	3	None	
Lotus_Upgrades_CosmeticEnhancers_Offensive_BonusDamageForNextShot.lua_B	True	True	True	False	False	2	PASS	6	6	6	6	PASS	False	PASS	6	PASS	
Lotus_Upgrades_CosmeticEnhancers_Offensive_BonusDamageNextShotForCurEnergy.lua_B	True	True	True	True	True	1	PASS	8	8	8	8	None	False	PASS	8	None	
Lotus_Upgrades_CosmeticEnhancers_Offensive_BonusDamageOnNextHit.lua_B	True	True	True	False	False	2	PASS	7	7	7	7	PASS	False	PASS	7	PASS	
Lotus_Upgrades_CosmeticEnhancers_Offensive_CorrosiveMeleePerAbilityCast.lua_B	True	True	True	True	True	1	PASS	9	9	9	9	None	False	PASS	9	None	
Lotus_Upgrades_CosmeticEnhancers_Offensive_CritOnHit.lua_B	True	True	True	False	False	2	PASS	9	9	9	9	PASS	False	PASS	9	PASS	
Lotus_Upgrades_CosmeticEnhancers_Offensive_DuplicateStatus.lua_B	True	True	True	False	False	2	PASS	7	7	7	7	PASS	False	PASS	7	PASS	
Lotus_Upgrades_CosmeticEnhancers_Offensive_GiveStatForDamageType.lua_B	True	True	True	False	False	2	PASS	10	10	10	10	PASS	False	FAIL	9	FAIL	
Lotus_Upgrades_CosmeticEnhancers_Offensive_GiveStatForStat.lua_B	True	True	True	False	False	2	PASS	7	7	7	7	PASS	False	PASS	7	PASS	
Lotus_Upgrades_CosmeticEnhancers_Offensive_GiveStatOnCondition.lua_B	True	True	True	True	True	1	PASS	8	8	8	8	None	False	PASS	8	None	
Lotus_Upgrades_CosmeticEnhancers_Offensive_HealCompanion.lua_B	True	True	True	True	True	1	PASS	3	3	3	3	None	False	PASS	3	None	
Lotus_Upgrades_CosmeticEnhancers_Offensive_HeavyCritEachHit.lua_B	True	True	True	True	True	1	PASS	15	15	15	15	None	False	PASS	15	None	
Lotus_Upgrades_CosmeticEnhancers_Offensive_InvisibilityOnFinisher.lua_B	True	True	True	False	False	2	PASS	3	3	3	3	PASS	False	PASS	3	PASS	
Lotus_Upgrades_CosmeticEnhancers_Offensive_IsWeakpoint.lua_B	True	True	True	True	True	1	PASS	2	2	2	2	None	False	PASS	2	None	
Lotus_Upgrades_CosmeticEnhancers_Offensive_MeleeArcaneOnJumpProjectile.lua_B	True	True	True	False	False	2	PASS	7	7	7	7	PASS	False	PASS	7	PASS	
Lotus_Upgrades_CosmeticEnhancers_Offensive_MeleeArcaneOnJumpShockwave.lua_B	True	True	True	False	False	2	PASS	6	6	6	6	PASS	False	PASS	6	PASS	
Lotus_Upgrades_CosmeticEnhancers_Offensive_MeleeArcanePull.lua_B	True	True	True	True	True	1	PASS	4	4	4	4	None	False	PASS	4	None	
Lotus_Upgrades_CosmeticEnhancers_Offensive_MeleeArcaneRadialDamage.lua_B	True	True	True	True	True	1	PASS	3	3	3	3	None	False	PASS	3	None	
Lotus_Upgrades_CosmeticEnhancers_Offensive_MeleeDamageForActiveShields.lua_B	True	True	True	True	True	1	PASS	10	10	10	10	None	False	PASS	10	None	
Lotus_Upgrades_CosmeticEnhancers_Offensive_MultishotForCombo.lua_B	True	True	True	False	False	2	PASS	5	5	5	5	PASS	False	PASS	5	PASS	
Lotus_Upgrades_CosmeticEnhancers_Offensive_OnSummonHitCondition.lua_B	True	True	True	True	True	1	PASS	2	2	2	2	None	False	FAIL	1	None	
Lotus_Upgrades_CosmeticEnhancers_Offensive_OverguardLifesteal.lua_B	True	True	True	True	True	1	PASS	3	3	3	3	None	False	PASS	3	None	
Lotus_Upgrades_CosmeticEnhancers_Offensive_PermaComboUpgrade.lua_B	True	True	True	False	False	2	PASS	11	11	11	11	PASS	False	PASS	11	PASS	
Lotus_Upgrades_CosmeticEnhancers_Offensive_PrimaryDamagePerAmmoOnReload.lua_B	True	True	True	True	True	1	PASS	3	3	3	3	None	False	PASS	3	None	
Lotus_Upgrades_CosmeticEnhancers_Offensive_ProcOnCrit.lua_B	True	True	True	True	True	1	PASS	4	4	4	4	None	False	PASS	4	None	
Lotus_Upgrades_CosmeticEnhancers_Offensive_PullEnemiesOnMeleeKill.lua_B	True	True	True	True	True	1	PASS	8	8	8	8	None	False	PASS	8	None	
Lotus_Upgrades_CosmeticEnhancers_Offensive_RadialDamageOnMaxRadiationStackHit.lua_B	True	True	True	False	False	2	PASS	8	8	8	8	PASS	False	PASS	8	PASS	
Lotus_Upgrades_CosmeticEnhancers_Offensive_ReplayLightCritHits.lua_B	True	True	True	False	False	2	PASS	2	2	2	2	PASS	False	PASS	2	PASS	
Lotus_Upgrades_CosmeticEnhancers_Offensive_SeekerProjOnHeadshotKill.lua_B	True	True	True	True	True	1	PASS	4	4	4	4	None	False	PASS	4	None	
Lotus_Upgrades_CosmeticEnhancers_Offensive_SplitStatusProcsOnStackedStatusHit.lua_B	True	True	True	True	True	1	PASS	4	4	4	4	None	False	PASS	4	None	
Lotus_Upgrades_CosmeticEnhancers_Offensive_SpreadStatusOnCondition.lua_B	True	True	True	False	False	2	PASS	6	6	6	6	PASS	False	PASS	6	PASS	
Lotus_Upgrades_CosmeticEnhancers_Offensive_StatusAndAmmoEfficiencyOnWeakpointHit.lua_B	True	True	True	False	False	2	PASS	5	5	5	5	PASS	False	PASS	5	PASS	
Lotus_Upgrades_CosmeticEnhancers_Offensive_UpgradeOnMeleeTransference.lua_B	True	True	True	False	False	2	PASS	9	9	9	9	PASS	False	PASS	9	PASS	
Lotus_Upgrades_CosmeticEnhancers_Offensive_UpgradePerAllyBuff.lua_B	True	True	True	False	False	2	PASS	5	5	5	5	PASS	False	PASS	5	PASS	
Lotus_Upgrades_CosmeticEnhancers_Offensive_UpgradeStackOnAbilityCast.lua_B	True	True	True	False	False	2	PASS	6	6	6	6	PASS	False	PASS	6	PASS	
Lotus_Upgrades_CosmeticEnhancers_OperatorAmps_DamageConversion.lua_B	True	True	True	True	True	1	PASS	3	3	3	3	None	False	PASS	3	None	
Lotus_Upgrades_CosmeticEnhancers_OperatorArmour_DashHeal.lua_B	True	True	True	True	True	1	PASS	3	3	3	3	None	False	PASS	3	None	
Lotus_Upgrades_CosmeticEnhancers_OperatorArmour_HeatDamageOnDash.lua_B	True	True	True	True	True	1	PASS	4	4	4	4	None	False	PASS	4	None	
Lotus_Upgrades_CosmeticEnhancers_OperatorArmour_HoverboardSpeed.lua_B	True	True	True	True	True	1	PASS	4	4	4	4	None	False	PASS	4	None	
Lotus_Upgrades_CosmeticEnhancers_OperatorArmour_PullOnTransferenceIn.lua_B	True	True	True	True	True	1	PASS	4	4	4	4	None	False	PASS	4	None	
Lotus_Upgrades_CosmeticEnhancers_OperatorArmour_ReverseVoidDash.lua_B	True	True	True	False	False	2	PASS	4	4	4	4	PASS	False	PASS	4	PASS	
Lotus_Upgrades_CosmeticEnhancers_OperatorArmour_TetherMineOnDash.lua_B	True	True	True	False	False	2	PASS	4	4	4	4	PASS	False	PASS	4	PASS	
Lotus_Upgrades_CosmeticEnhancers_OperatorArmour_TransferenceHeal.lua_B	True	True	True	False	False	2	PASS	5	5	5	5	PASS	False	FAIL	4	FAIL	
Lotus_Upgrades_CosmeticEnhancers_OperatorArmour_VoidFirewall.lua_B	True	True	True	False	False	2	PASS	4	4	4	4	PASS	False	PASS	4	PASS	
Lotus_Upgrades_CosmeticEnhancers_OperatorArmour_VoidHeal.lua_B	True	True	True	True	True	1	PASS	4	4	4	4	None	False	PASS	4	None	
Lotus_Upgrades_CosmeticEnhancers_Peculiars_CyoteStarSpawn.lua_B	True	True	True	True	True	1	PASS	3	3	3	3	None	False	PASS	3	None	
Lotus_Upgrades_CosmeticEnhancers_Peculiars_DissolveEnemyMod.lua_B	True	True	True	True	True	1	PASS	2	2	2	2	None	False	PASS	2	None	
Lotus_Upgrades_CosmeticEnhancers_Peculiars_EvilSpirit.lua_B	True	True	True	True	True	1	PASS	3	3	3	3	None	False	PASS	3	None	
Lotus_Upgrades_CosmeticEnhancers_Peculiars_FlowerSpawn.lua_B	True	True	True	True	True	1	PASS	2	2	2	2	None	False	PASS	2	None	
Lotus_Upgrades_CosmeticEnhancers_Peculiars_InflationMode.lua_B	True	True	True	False	False	2	PASS	8	8	8	8	PASS	False	PASS	8	PASS	
Lotus_Upgrades_CosmeticEnhancers_Utility_AbilityEfficiencyOnAbilityObjectCreation.lua_B	True	True	True	True	True	1	PASS	6	6	6	6	None	False	PASS	6	None	
Lotus_Upgrades_CosmeticEnhancers_Utility_ApplyStatusToEnemiesOnRoll.lua_B	True	True	True	False	False	2	PASS	6	6	6	6	PASS	False	PASS	6	PASS	
Lotus_Upgrades_CosmeticEnhancers_Utility_ConvergeRadialAttackOnAim.lua_B	True	True	True	False	False	2	PASS	13	13	13	13	PASS	False	FAIL	12	FAIL	
Lotus_Upgrades_CosmeticEnhancers_Utility_DropPickupsOnKillForStatusProcsFromAbilities.lua_B	True	True	True	True	True	1	PASS	7	7	7	7	None	False	PASS	7	None	
Lotus_Upgrades_CosmeticEnhancers_Utility_GiveStatsForStatusProcsFromAbilities.lua_B	True	True	True	True	True	1	PASS	2	2	2	2	None	False	PASS	2	None	
Lotus_Upgrades_CosmeticEnhancers_Utility_GiveStatsForUniqueStatusProcsFromAbilities.lua_B	True	True	True	False	False	2	PASS	8	8	8	8	PASS	False	PASS	8	PASS	
Lotus_Upgrades_CosmeticEnhancers_Utility_GiveStatsWhileInvisible.lua_B	True	True	True	True	True	1	PASS	7	7	7	7	None	False	PASS	7	None	
Lotus_Upgrades_CosmeticEnhancers_Utility_HealAlliesOnEnergySpent.lua_B	True	True	True	False	False	2	PASS	4	4	4	4	PASS	False	PASS	4	PASS	
Lotus_Upgrades_CosmeticEnhancers_Utility_OnAbilityDamageCondition.lua_B	True	True	True	True	True	1	PASS	3	3	3	3	None	False	PASS	3	None	
Lotus_Upgrades_CosmeticEnhancers_Utility_OnWarframeAbilityCondition.lua_B	True	True	True	True	True	1	PASS	2	2	2	2	None	False	PASS	2	None	
Lotus_Upgrades_CosmeticEnhancers_Utility_RadialHeal.lua_B	True	True	True	True	True	1	PASS	5	5	5	5	None	False	PASS	5	None	
Lotus_Upgrades_CosmeticEnhancers_Utility_RadialKnockdown.lua_B	True	True	True	True	True	1	PASS	2	2	2	2	None	False	PASS	2	None	
Lotus_Upgrades_CosmeticEnhancers_Utility_ResidualTrigger.lua_B	True	True	True	False	False	3	PASS	17	17	17	17	PASS	False	FAIL	16	FAIL	
Lotus_Upgrades_CosmeticEnhancers_Utility_ToxicBloodOnKill.lua_B	True	True	True	True	True	1	PASS	2	2	2	2	None	False	PASS	2	None	
Lotus_Upgrades_CosmeticEnhancers_Utility_UltimateInitialChargeLoc.lua_B	True	True	True	True	True	1	PASS	4	4	4	4	None	False	PASS	4	None	
Lotus_Upgrades_CosmeticEnhancers_Utility_UpgradePerActiveChanneledAbility.lua_B	True	True	True	True	True	1	PASS	9	9	9	9	None	False	PASS	9	None	
Lotus_Upgrades_CosmeticEnhancers_Zariman_AmpOnEnergyDepletedCritChance.lua_B	True	True	True	False	False	2	PASS	3	3	3	3	PASS	False	PASS	3	PASS	
Lotus_Upgrades_CosmeticEnhancers_Zariman_OperatorOnDeathInvulnerability.lua_B	True	True	True	True	True	1	PASS	7	7	7	7	None	False	PASS	7	None	
Lotus_Upgrades_CosmeticEnhancers_Zariman_OperatorOnEnergyDepletedRegenEnergy.lua_B	True	True	True	True	True	1	PASS	3	3	3	3	None	False	PASS	3	None	
Lotus_Upgrades_CosmeticEnhancers_Zariman_SecondaryOnOvershieldCritChance.lua_B	True	True	True	True	True	1	PASS	3	3	3	3	None	False	PASS	3	None	
Lotus_Upgrades_CosmeticEnhancers_Zariman_SecondaryOnStatusProcBonusDamage.lua_B	True	True	True	True	True	1	PASS	3	3	3	3	None	False	PASS	3	None	
Lotus_Upgrades_CosmeticEnhancers_Zariman_WarframeOnShieldUptimePowerDuration.lua_B	True	True	True	True	True	1	PASS	3	3	3	3	None	False	PASS	3	None	
Lotus_Upgrades_EmpoweredHeavyMelee_CertainStrike.lua_B	True	True	True	False	False	2	PASS	7	7	7	7	PASS	False	PASS	7	PASS	
Lotus_Upgrades_EmpoweredHeavyMelee_CursedSyndicateEmpoweredHeaveMelee.lua_B	True	True	True	True	True	1	PASS	9	9	9	9	None	False	PASS	9	None	
Lotus_Upgrades_EmpoweredHeavyMelee_FocusedAttack.lua_B	True	True	True	True	True	1	PASS	2	2	2	2	None	False	PASS	2	None	
Lotus_Upgrades_EmpoweredHeavyMelee_HeavyAgression.lua_B	True	True	True	True	True	1	PASS	5	5	5	5	None	False	PASS	5	None	
Lotus_Upgrades_EmpoweredHeavyMelee_OnEmpoweredHeavyMeleeActivateCondition.lua_B	True	True	True	True	True	1	PASS	2	2	2	2	None	False	PASS	2	None	
Lotus_Upgrades_EmpoweredHeavyMelee_OnEmpoweredHeavyMeleeKillCondition.lua_B	True	True	True	True	True	1	PASS	2	2	2	2	None	False	PASS	2	None	
Lotus_Upgrades_EmpoweredHeavyMelee_PerfectReach.lua_B	True	True	True	True	True	1	PASS	5	5	5	5	None	False	PASS	5	None	
Lotus_Upgrades_Evolutions_Challenges_MatchEximusEnemy.lua_B	True	True	True	False	False	2	PASS	2	2	2	2	PASS	False	PASS	2	PASS	
Lotus_Upgrades_Evolutions_IncarnonUpgradesCommon.lua_B	True	True	True	True	True	1	PASS	6	6	6	6	None	False	PASS	6	None	
Lotus_Upgrades_Evolutions_Melee_Dagger_EvoDaggerFinisherStunAoE.lua_B	True	True	True	True	True	1	PASS	4	4	4	4	None	False	PASS	4	None	
Lotus_Upgrades_Evolutions_Melee_Dagger_EvoDaggerVoidFormFinisherBuff.lua_B	True	True	True	True	True	1	PASS	2	2	2	2	None	False	PASS	2	None	
Lotus_Upgrades_Evolutions_Shotgun_EvoShotgunAmmoEffOnPunchthrough.lua_B	True	True	True	False	False	2	PASS	2	2	2	2	PASS	False	PASS	2	PASS	
Lotus_Upgrades_Evolutions_Shotgun_EvoShotgunReloadShellFireRate.lua_B	True	True	True	True	True	1	PASS	4	4	4	4	None	False	PASS	4	None	
Lotus_Upgrades_Evolutions_Shotgun_EvoShotgunShellReloadToggle.lua_B	True	True	True	False	False	2	PASS	2	2	2	2	PASS	False	PASS	2	PASS	
Lotus_Upgrades_Grimoire_GrimoireAmmoPickup.lua_B	True	True	True	True	True	1	PASS	5	5	5	5	None	False	PASS	5	None	
Lotus_Upgrades_Grimoire_GrimoireStrike.lua_B	True	True	True	True	True	1	PASS	2	2	2	2	None	False	PASS	2	None	
Lotus_Upgrades_Grimoire_KhraAuraMod.lua_B	True	True	True	True	True	1	PASS	5	5	5	5	None	False	PASS	5	None	
Lotus_Upgrades_Grimoire_RangeUpgradeApplicator.lua_B	True	True	True	False	False	2	PASS	12	12	12	12	PASS	False	PASS	12	PASS	
Lotus_Upgrades_Intrinsics_HealOnMeleeParry.lua_B	True	True	True	True	True	1	PASS	3	3	3	3	None	False	PASS	3	None	
Lotus_Upgrades_Intrinsics_HealOverTime.lua_B	True	True	True	True	True	1	PASS	4	4	4	4	None	False	PASS	4	None	
Lotus_Upgrades_Intrinsics_InvulnerabilityOnFatalDamage.lua_B	True	True	True	False	False	2	PASS	9	9	9	9	PASS	False	FAIL	8	FAIL	
Lotus_Upgrades_Intrinsics_RegenerateHealthEnergy.lua_B	True	True	True	True	True	1	PASS	3	3	3	3	None	False	PASS	3	None	
Lotus_Upgrades_Invigorations_InvigorationStatusImmune.lua_B	True	True	True	True	True	1	PASS	3	3	3	3	None	False	PASS	3	None	
Lotus_Upgrades_Mods_Antiques_AddWarframeUpgrade.lua_B	True	True	True	True	True	1	PASS	4	4	4	4	None	False	PASS	4	None	
Lotus_Upgrades_Mods_Antiques_AntiqueUpgrades.lua_B	True	True	True	False	False	2	PASS	6	6	6	6	PASS	False	PASS	6	PASS	
Lotus_Upgrades_Mods_Antiques_EnterVoidMode.lua_B	True	True	True	False	False	2	PASS	8	8	8	8	PASS	False	PASS	8	PASS	
Lotus_Upgrades_Mods_Antiques_Looter.lua_B	True	True	True	False	False	2	PASS	8	8	8	8	PASS	False	PASS	8	PASS	
Lotus_Upgrades_Mods_Antiques_NextShootMultiplier.lua_B	True	True	True	True	True	1	PASS	5	5	5	5	None	False	PASS	5	None	
Lotus_Upgrades_Mods_Bayonet_UpgradeOnRifleHeadshot.lua_B	True	True	True	False	False	2	PASS	9	9	9	9	PASS	False	PASS	9	PASS	
Lotus_Upgrades_Mods_DataSpike_Assassin_BlindingFinisher.lua_B	True	True	True	True	True	1	PASS	3	3	3	3	None	False	PASS	3	None	
Lotus_Upgrades_Mods_DataSpike_Assassin_LethalPresence.lua_B	True	True	True	True	True	1	PASS	3	3	3	3	None	False	PASS	3	None	
Lotus_Upgrades_Mods_DataSpike_Assassin_MagazineRefillFinisher.lua_B	True	True	True	True	True	1	PASS	3	3	3	3	None	False	PASS	3	None	
Lotus_Upgrades_Mods_DataSpike_Assassin_MercyKillReviveCompanion.lua_B	True	True	True	True	True	1	PASS	5	5	5	5	None	False	PASS	5	None	
Lotus_Upgrades_Mods_DataSpike_Assassin_ParkourSpeed.lua_B	True	True	True	True	True	1	PASS	3	3	3	3	None	False	PASS	3	None	
Lotus_Upgrades_Mods_DataSpike_Assassin_SpawnGlobeFinisher.lua_B	True	True	True	True	True	1	PASS	3	3	3	3	None	False	PASS	3	None	
Lotus_Upgrades_Mods_DataSpike_Assassin_SwiftMercy.lua_B	True	True	True	True	True	1	PASS	2	2	2	2	None	False	PASS	2	None	
Lotus_Upgrades_Mods_DataSpike_Cipher_DamageReductionWhileHacking.lua_B	True	True	True	True	True	1	PASS	3	3	3	3	None	False	PASS	3	None	
Lotus_Upgrades_Mods_DataSpike_Cipher_ElectricWhileHacking.lua_B	True	True	True	True	True	1	PASS	3	3	3	3	None	False	PASS	3	None	
Lotus_Upgrades_Mods_DataSpike_Cipher_InvisAfterHacking.lua_B	True	True	True	False	False	2	PASS	4	4	4	4	PASS	False	PASS	4	PASS	
Lotus_Upgrades_Mods_DataSpike_Cipher_InvisWhileHacking.lua_B	True	True	True	False	False	2	PASS	3	3	3	3	PASS	False	PASS	3	PASS	
Lotus_Upgrades_Mods_DataSpike_Cipher_RunningAfterHacking.lua_B	True	True	True	True	True	1	PASS	2	2	2	2	None	False	PASS	2	None	
Lotus_Upgrades_Mods_DataSpike_Cipher_UnlockLockers.lua_B	True	True	True	True	True	1	PASS	3	3	3	3	None	False	PASS	3	None	
Lotus_Upgrades_Mods_DataSpike_Potency_GainAntivirusEffect.lua_B	True	True	True	True	True	1	PASS	7	7	7	7	None	False	PASS	7	None	
Lotus_Upgrades_Mods_Melee_WeaponBlockingTaunt.lua_B	True	True	True	True	True	1	PASS	6	6	6	6	None	False	PASS	6	None	
Lotus_Upgrades_Mods_Melee_WeaponGlaiveOnKillBuffSecondary.lua_B	True	True	True	True	True	1	PASS	2	2	2	2	None	False	PASS	2	None	
Lotus_Upgrades_Mods_ModOnAimGlideOrSlide.lua_B	True	True	True	False	False	2	PASS	3	3	3	3	PASS	False	FAIL	2	FAIL	
Lotus_Upgrades_Mods_Necromech_NecromechReflectOnShieldBreakMod.lua_B	True	True	True	True	True	1	PASS	3	3	3	3	None	False	PASS	3	None	
Lotus_Upgrades_Mods_Necromech_NecromechRegenOnLowHealthMod.lua_B	True	True	True	True	True	1	PASS	3	3	3	3	None	False	PASS	3	None	
Lotus_Upgrades_Mods_Nightwave_BroncoNightwaveMod.lua_B	True	True	True	True	True	1	PASS	4	4	4	4	None	False	PASS	4	None	
Lotus_Upgrades_Mods_Nightwave_GlaxionNightwaveMod.lua_B	True	True	True	True	True	1	PASS	3	3	3	3	None	False	PASS	3	None	
Lotus_Upgrades_Mods_Nightwave_MagnumNightwaveMod.lua_B	True	True	True	True	True	1	PASS	3	3	3	3	None	False	PASS	3	None	
Lotus_Upgrades_Mods_Nightwave_NightwaveCephPrimaryAugmentMod.lua_B	True	True	True	True	True	1	PASS	6	6	6	6	None	False	PASS	6	None	
Lotus_Upgrades_Mods_Nightwave_SobekNightwaveMod.lua_B	True	True	True	True	True	1	PASS	4	4	4	4	None	False	PASS	4	None	
Lotus_Upgrades_Mods_Railjack_DelayMegaBreach.lua_B	True	True	True	True	True	1	PASS	4	4	4	4	None	False	PASS	4	None	
Lotus_Upgrades_Mods_Railjack_Engineering_MaxShieldOnKill.lua_B	True	True	True	False	False	2	PASS	8	8	8	8	PASS	False	PASS	8	PASS	
Lotus_Upgrades_Mods_Railjack_Engineering_PilotlessArmor.lua_B	True	True	True	True	True	1	PASS	2	2	2	2	None	False	PASS	2	None	
Lotus_Upgrades_Mods_Railjack_Engineering_ShieldRechargeOnCrit.lua_B	True	True	True	False	False	2	PASS	5	5	5	5	PASS	False	PASS	5	PASS	
Lotus_Upgrades_Mods_Railjack_FixMalfunction.lua_B	True	True	True	True	True	1	PASS	4	4	4	4	None	False	PASS	4	None	
Lotus_Upgrades_Mods_Railjack_Gunnery_DamageOnKill.lua_B	True	True	True	False	False	2	PASS	9	9	9	9	PASS	False	PASS	9	PASS	
Lotus_Upgrades_Mods_Railjack_Gunnery_DesperateMeasures.lua_B	True	True	True	True	True	1	PASS	3	3	3	3	None	False	PASS	3	None	
Lotus_Upgrades_Mods_Railjack_Gunnery_MaxOrdnanceMunitions.lua_B	True	True	True	True	True	1	PASS	4	4	4	4	None	False	PASS	4	None	
Lotus_Upgrades_Mods_Railjack_Gunnery_OffensiveMatrix.lua_B	True	True	True	False	False	2	PASS	10	10	10	10	PASS	False	PASS	10	PASS	
Lotus_Upgrades_Mods_Railjack_Gunnery_ProtectiveShots.lua_B	True	True	True	False	False	2	PASS	5	5	5	5	PASS	False	PASS	5	PASS	
Lotus_Upgrades_Mods_Railjack_Piloting_HijackMatrix.lua_B	True	True	True	False	False	2	PASS	6	6	6	6	PASS	False	PASS	6	PASS	
Lotus_Upgrades_Mods_Railjack_Piloting_NonCombatSpeed.lua_B	True	True	True	False	False	2	PASS	5	5	5	5	PASS	False	FAIL	4	FAIL	
Lotus_Upgrades_Mods_Railjack_Piloting_PilotingModScripts.lua_B	True	True	True	False	False	2	PASS	11	11	11	11	PASS	False	PASS	11	PASS	
Lotus_Upgrades_Mods_Railjack_Piloting_RailjackCrewshipSpeedDamageAura.lua_B	True	True	True	True	True	1	PASS	4	4	4	4	None	False	PASS	4	None	
Lotus_Upgrades_Mods_Railjack_Piloting_SiegeMatrix.lua_B	True	True	True	False	False	2	PASS	5	5	5	5	PASS	False	PASS	5	PASS	
Lotus_Upgrades_Mods_Railjack_RailjackArchwingAura.lua_B	True	True	True	True	True	1	PASS	4	4	4	4	None	False	PASS	4	None	
Lotus_Upgrades_Mods_Railjack_Subroutines_RailjackSubroutines.lua_B	True	True	True	False	False	2	PASS	62	62	62	62	PASS	False	FAIL	61	FAIL	
Lotus_Upgrades_Mods_Railjack_VoidCloakSpeed.lua_B	True	True	True	True	True	1	PASS	8	8	8	8	None	False	PASS	8	None	
Lotus_Upgrades_Mods_Rifle_BleedOnImpactFireRateCheck.lua_B	True	True	True	False	False	2	PASS	9	9	9	9	PASS	False	PASS	9	PASS	
Lotus_Upgrades_Mods_Rifle_Event_Amalgam_PickUpArrows.lua_B	True	True	True	False	False	2	PASS	4	4	4	4	PASS	False	FAIL	3	FAIL	
Lotus_Upgrades_Mods_Rifle_Event_Nightwave_PetrifyOnHitCondition.lua_B	True	True	True	True	True	1	PASS	5	5	5	5	None	False	PASS	5	None	
Lotus_Upgrades_Mods_Rifle_WeaponDamageAmountInvisibleMod.lua_B	True	True	True	True	True	1	PASS	3	3	3	3	None	False	PASS	3	None	
Lotus_Upgrades_Mods_Sets_Ashen_AshenModSetBonusAbility.lua_B	True	True	True	False	False	2	PASS	6	6	6	6	PASS	False	PASS	6	PASS	
Lotus_Upgrades_Mods_Sets_Boneblade_BonebladeModTentacleAbility.lua_B	True	True	True	False	False	2	PASS	11	11	11	11	PASS	False	PASS	11	PASS	
Lotus_Upgrades_Mods_Sets_Femur_FemurModSetBonusAbility.lua_B	True	True	True	True	True	1	PASS	4	4	4	4	None	False	PASS	4	None	
Lotus_Upgrades_Mods_Sets_Hawk_ReloadOnAimGlide.lua_B	True	True	True	False	False	2	PASS	3	3	3	3	PASS	False	PASS	3	PASS	
Lotus_Upgrades_Mods_Sets_Tek_TekGravity.lua_B	True	True	True	True	True	1	PASS	4	4	4	4	None	False	PASS	4	None	
Lotus_Upgrades_Mods_Warframe_Kahl_AddTimedUpgrade.lua_B	True	True	True	False	False	2	PASS	3	3	3	3	PASS	False	PASS	3	PASS	
Lotus_Upgrades_Mods_Warframe_Kahl_ProcAbilityStack.lua_B	True	True	True	False	False	2	PASS	3	3	3	3	PASS	False	PASS	3	PASS	
Lotus_Upgrades_Mods_Warframe_Kahl_SpawnGlobe.lua_B	True	True	True	True	True	1	PASS	3	3	3	3	None	False	PASS	3	None	
Lotus_Upgrades_Mods_WeaponStatOverride_LimitFireRate.lua_B	True	True	True	True	True	1	PASS	3	3	3	3	None	False	PASS	3	None	
Lotus_Upgrades_Mods_WeaponStatOverride_LimitMultishot.lua_B	True	True	True	True	True	1	PASS	3	3	3	3	None	False	PASS	3	None	
Lotus_Upgrades_Stickers_Scripts_Burgerfest.lua_B	True	True	True	True	True	1	PASS	4	4	4	4	None	False	PASS	4	None	
Lotus_Upgrades_Stickers_Scripts_CoolantRounds.lua_B	True	True	True	True	True	1	PASS	3	3	3	3	None	False	PASS	3	None	
Lotus_Upgrades_Stickers_Scripts_CreateChasingAntiMatterDrop.lua_B	True	True	True	True	True	1	PASS	5	5	5	5	None	False	PASS	5	None	
Lotus_Upgrades_Stickers_Scripts_CreateShieldOnHeavySlam.lua_B	True	True	True	False	False	2	PASS	8	8	8	8	PASS	False	FAIL	7	FAIL	
Lotus_Upgrades_Stickers_Scripts_DecoyOnDamaged.lua_B	True	True	True	True	True	1	PASS	9	9	9	9	None	False	PASS	9	None	
Lotus_Upgrades_Stickers_Scripts_EfervonGrenades.lua_B	True	True	True	True	True	1	PASS	8	8	8	8	None	False	PASS	8	None	
Lotus_Upgrades_Stickers_Scripts_EjectButton.lua_B	True	True	True	True	True	1	PASS	6	6	6	6	None	False	FAIL	5	None	
Lotus_Upgrades_Stickers_Scripts_EmergencyRescue.lua_B	True	True	True	False	False	2	PASS	4	4	4	4	PASS	False	PASS	4	PASS	
Lotus_Upgrades_Stickers_Scripts_GasMask.lua_B	True	True	True	False	False	2	PASS	5	5	5	5	PASS	False	PASS	5	PASS	
Lotus_Upgrades_Stickers_Scripts_HighScoreDeathPrevention.lua_B	True	True	True	False	False	2	PASS	5	5	5	5	PASS	False	PASS	5	PASS	
Lotus_Upgrades_Stickers_Scripts_NullStarOnWeakpointKill.lua_B	True	True	True	False	False	2	PASS	8	8	8	8	PASS	False	PASS	8	PASS	
Lotus_Upgrades_Stickers_Scripts_PizzaParty.lua_B	True	True	True	True	True	1	PASS	5	5	5	5	None	False	PASS	5	None	
Lotus_Upgrades_Stickers_Scripts_POM-2Networking.lua_B	True	True	True	True	True	1	PASS	3	3	3	3	None	False	PASS	3	None	
Lotus_Upgrades_Stickers_Scripts_RemoveStatusesOnHeavyAttack.lua_B	True	True	True	True	True	1	PASS	6	6	6	6	None	False	PASS	6	None	
Lotus_Upgrades_Stickers_Scripts_SpecialItemOnWeakpointKill.lua_B	True	True	True	True	True	1	PASS	4	4	4	4	None	False	PASS	4	None	
Lotus_Upgrades_Stickers_Scripts_SporePrimer.lua_B	True	True	True	False	False	3	PASS	16	16	16	16	PASS	False	FAIL	15	FAIL	
Lotus_Upgrades_Stickers_Scripts_StickerWeaponReplace.lua_B	True	True	True	True	True	1	PASS	5	5	5	5	None	False	PASS	5	None	
Lotus_Upgrades_Stickers_Scripts_ThermianRPGSummon.lua_B	True	True	True	False	False	2	PASS	17	17	17	17	PASS	False	PASS	17	PASS	
Lotus_Upgrades_Stickers_Scripts_TokenGamble3.lua_B	True	True	True	False	False	2	PASS	7	7	7	7	PASS	False	PASS	7	PASS	
Lotus_Upgrades_Stickers_Scripts_ToxinProcOnDamage.lua_B	True	True	True	True	True	1	PASS	2	2	2	2	None	False	PASS	2	None	
Lotus_Weapons_Corpus_BoardExec_Secondary_CrpBEPlinx_CrpBEPlinx.lua_B	True	True	True	True	True	1	PASS	6	6	6	6	None	False	PASS	6	None	
Lotus_Weapons_Corpus_Melee_KickAndPunch_ObexIncarnonEvolutions_ObexIncarnon.lua_B	True	True	True	True	True	1	PASS	11	11	11	11	None	False	PASS	11	None	
Lotus_Weapons_Corpus_Melee_KickAndPunch_ObexIncarnonEvolutions_StatIncreaseOnFinisherKill.lua_B	True	True	True	True	True	1	PASS	4	4	4	4	None	False	PASS	4	None	
Lotus_Weapons_Corpus_Melee_KickAndPunch_ObexIncarnonEvolutions_StunOnNeutralComboHit.lua_B	True	True	True	True	True	1	PASS	3	3	3	3	None	False	PASS	3	None	
Lotus_Weapons_Corpus_Pistols_CorpusMinigun_IncarnonCestra_CestraIncarnon.lua_B	True	True	True	True	True	1	PASS	5	5	5	5	None	False	FAIL	4	None	
Lotus_Weapons_Grineer_LongGuns_GrineerSawbladeGun_MiterIncarnonEvolutions_ProjectileIndexOnExtraCharge.lua_B	True	True	True	True	True	1	PASS	5	5	5	5	None	False	PASS	5	None	
Lotus_Weapons_Grineer_LongGuns_GrnOrokinRifle_GrnOrokinRifleRedCrit.lua_B	True	True	True	True	True	1	PASS	3	3	3	3	None	False	PASS	3	None	
Lotus_Weapons_Grineer_Pistols_GrineerCrossbow_IncarnonAdapterGrineerCrossbow_StugIncarnon.lua_B	True	True	True	False	False	2	PASS	10	10	10	10	PASS	False	PASS	10	PASS	
Lotus_Weapons_Grineer_Pistols_GrnOrokinPistol_GrnOrokinPistol.lua_B	True	True	True	True	True	1	PASS	3	3	3	3	None	False	PASS	3	None	
Lotus_Weapons_Infested_InfestedLich_LongGuns_1999InfShotgun_1999InfShotgun.lua_B	True	True	True	False	False	3	PASS	11	11	11	11	PASS	False	PASS	11	PASS	
Lotus_Weapons_Infested_InfestedLich_Pistols_1999InfSporePistol_1999InfSporePistol.lua_B	True	True	True	False	False	2	PASS	17	17	17	17	PASS	False	PASS	17	PASS	
Lotus_Weapons_Infested_LongGuns_InfWFAccompanyingPri_NightwaveHemaAugmentModScript.lua_B	True	True	True	True	True	1	PASS	8	8	8	8	None	False	PASS	8	None	
Lotus_Weapons_Infested_Melee_Swords_SwordWhip_WhipGrapple.lua_B	True	True	True	True	True	1	PASS	7	7	7	7	None	False	PASS	7	None	
Lotus_Weapons_Operator_Antiques_NoXPUpgrade.lua_B	True	True	True	True	True	1	PASS	2	2	2	2	None	False	PASS	2	None	
Lotus_Weapons_Operator_Melee_DrifterTazer_DrifterTazer.lua_B	True	True	True	True	True	1	PASS	2	2	2	2	None	False	PASS	2	None	
Lotus_Weapons_Operator_Pistols_DrifterPistol_DrifterPistol.lua_B	True	True	True	True	True	1	PASS	11	11	11	11	None	False	PASS	11	None	
Lotus_Weapons_Sentients_SentRifleNewWar_SentRifleNewWar.lua_B	True	True	True	False	False	2	PASS	6	6	6	6	PASS	False	FAIL	5	FAIL	
Lotus_Weapons_Sentients_Shedu_SheduArm.lua_B	True	True	True	True	True	1	PASS	3	3	3	3	None	False	PASS	3	None	
Lotus_Weapons_Tenno_Archwing_Primary_NokkoArchGun_NokkoArchGunInnateMod.lua_B	True	True	True	False	False	2	PASS	5	5	5	5	PASS	False	PASS	5	PASS	
Lotus_Weapons_Tenno_Archwing_Primary_TnConcreteArchgun_TnConcreteArchgun.lua_B	True	True	True	False	False	2	PASS	8	8	8	8	PASS	False	PASS	8	PASS	
Lotus_Weapons_Tenno_Bayonet_TnBayonet.lua_B	True	True	True	False	False	2	PASS	11	11	11	11	PASS	False	FAIL	9	FAIL	
Lotus_Weapons_Tenno_Bows_DuelistBow_DuelistBow.lua_B	True	True	True	False	False	3	PASS	16	16	16	16	PASS	False	PASS	16	PASS	
Lotus_Weapons_Tenno_Bows_Omicrus_OmicrusWeapon.lua_B	True	True	True	True	True	1	PASS	3	3	3	3	None	False	PASS	3	None	
Lotus_Weapons_Tenno_Bows_TnChoirBow_TnChoirBow.lua_B	True	True	True	False	False	2	PASS	4	4	4	4	PASS	False	PASS	4	PASS	
Lotus_Weapons_Tenno_HackingDevices_TnHackingDevice_TnHackingDevice.lua_B	True	True	True	True	True	1	PASS	3	3	3	3	None	False	PASS	3	None	
Lotus_Weapons_Tenno_LongGuns_Gunbrella_GunbrellaShield.lua_B	True	True	True	False	False	2	PASS	12	12	12	12	PASS	False	PASS	12	PASS	
Lotus_Weapons_Tenno_LongGuns_PrimeLightningGun_PrimeLightningGun.lua_B	True	True	True	False	False	3	PASS	11	11	11	11	PASS	False	FAIL	10	FAIL	
Lotus_Weapons_Tenno_LongGuns_TnInkRifle_TnInkRifle.lua_B	True	True	True	False	False	2	PASS	12	12	12	12	PASS	False	FAIL	11	FAIL	
Lotus_Weapons_Tenno_Melee_Axe_DualIchorIncarnonEvolutions_DualIchorAltFormBuff.lua_B	True	True	True	True	True	1	PASS	3	3	3	3	None	False	PASS	3	None	
Lotus_Weapons_Tenno_Melee_Fist_FuraxIncarnonEvolutions_FuraxSlamField.lua_B	True	True	True	True	True	1	PASS	5	5	5	5	None	False	PASS	5	None	
Lotus_Weapons_Tenno_Melee_Gunblade_RedeemerPrime_Disarm.lua_B	True	True	True	False	False	2	PASS	16	16	16	16	PASS	False	PASS	16	PASS	
Lotus_Weapons_Tenno_Melee_Hammer_IceHammer_SibearIncarnonEvolutions_SibearFieldOnSlam.lua_B	True	True	True	False	False	2	PASS	10	10	10	10	PASS	False	PASS	10	PASS	
Lotus_Weapons_Tenno_Melee_HeavyScythe_TnOrionSiriusScythe_TnOrionSiriusHeavyScythe.lua_B	True	True	True	False	False	2	PASS	6	6	6	6	PASS	False	PASS	6	PASS	
Lotus_Weapons_Tenno_Melee_Scythe_AnkuIncarnonEvolutions_VoidModeSliding.lua_B	True	True	True	True	True	1	PASS	5	5	5	5	None	False	PASS	5	None	
Lotus_Weapons_Tenno_Melee_Scythe_TnChoirScythe_TnChoirScythe.lua_B	True	True	True	True	True	1	PASS	2	2	2	2	None	False	PASS	2	None	
Lotus_Weapons_Tenno_Melee_Swords_TennoSai_Incarnon_OkinaIncarnon.lua_B	True	True	True	False	False	2	PASS	19	19	19	19	PASS	False	FAIL	18	FAIL	
Lotus_Weapons_Tenno_Melee_Swords_TnoRapier_IncarnonDestreza_DestrezaIncarnon.lua_B	True	True	True	False	False	2	PASS	9	9	9	9	PASS	False	PASS	9	PASS	
Lotus_Weapons_Tenno_Melee_Whips_SpiderWhip_SpiderWhip.lua_B	True	True	True	True	True	1	PASS	3	3	3	3	None	False	PASS	3	None	
Lotus_Weapons_Tenno_Pistols_ConclaveLeverPistol_ZylokIncarnonEvolutions_ZylokOnBurstHeadShot.lua_B	True	True	True	True	True	1	PASS	4	4	4	4	None	False	PASS	4	None	
Lotus_Weapons_Tenno_Pistols_DuelistPistols_DuelistPistols.lua_B	True	True	True	False	False	2	PASS	10	10	10	10	PASS	False	PASS	10	PASS	
Lotus_Weapons_Tenno_Pistols_DuelistPistols_DuelistPistolsPassive.lua_B	True	True	True	False	False	2	PASS	6	6	6	6	PASS	False	FAIL	5	FAIL	
Lotus_Weapons_Tenno_Rifle_VectisIncarnon.lua_B	True	True	True	False	False	2	PASS	5	5	5	5	PASS	False	PASS	5	PASS	
Lotus_Weapons_Tenno_ThrowingWeapons_TnChoirframeKunai_TnChoirframeKunai.lua_B	True	True	True	True	True	1	PASS	2	2	2	2	None	False	PASS	2	None	
Lotus_Weapons_Tenno_Zariman_Melee_HeavyScythe_ZarimanHeavyScythe_Incarnon_VoidScytheIncarnon.lua_B	True	True	True	False	False	2	PASS	15	15	15	15	PASS	False	PASS	15	PASS	
Lotus_Weapons_Tenno_Zariman_Melee_HeavyScythe_ZarimanHeavyScythe_Incarnon_VoidScytheIncarnonEvos.lua_B	True	True	True	False	False	2	PASS	6	6	6	6	PASS	False	PASS	6	PASS	
Lotus_Weapons_Thanotech_EntFistIncarnon_EntratiFistClawIncarnonEvolutions_EntratiFistClawIncarnon.lua_B	True	True	True	False	False	2	PASS	13	13	13	13	PASS	False	PASS	13	PASS	
Lotus_Weapons_Thanotech_EntFistIncarnon_EntratiFistClawIncarnonEvolutions_EntratiFistClawIncarnonChallenges_EntratiFistClawIncarnonMatchChallengeB.lua_B	True	True	True	False	False	2	PASS	2	2	2	2	PASS	False	PASS	2	PASS	
Lotus_Weapons_Thanotech_EntFistIncarnon_EntratiFistClawIncarnonEvolutions_EntratiFistClawIncarnonSubUpgrades_EntratiFistClawIncarnonEvoUtils.lua_B	True	True	True	True	True	1	PASS	8	8	8	8	None	False	PASS	8	None	
Lotus_Weapons_Thanotech_EntFistIncarnon_EntratiFistClawIncarnonEvolutions_EntratiFistClawIncarnonSubUpgrades_EntratiFistClawIncarnonPunctureProcsOnImpale.lua_B	True	True	True	True	True	1	PASS	4	4	4	4	None	False	PASS	4	None	
Lotus_Weapons_Thanotech_EntFistIncarnon_EntratiFistClawIncarnonEvolutions_EntratiFistClawIncarnonSubUpgrades_EntratiFistClawIncarnonSpeedPerCombo.lua_B	True	True	True	True	True	1	PASS	7	7	7	7	None	False	PASS	7	None	
Lotus_Weapons_Thanotech_EntFistIncarnon_EntratiFistClawIncarnonEvolutions_EntratiFistClawIncarnonSubUpgrades_EntratiFistClawIncarnonVulnerabilityOnImpale.lua_B	True	True	True	True	True	1	PASS	4	4	4	4	None	False	PASS	4	None	
Lotus_Weapons_Thanotech_EntratiWristGun_WristGunIncarnonEvolutions_EntratiWristGunIncarnon.lua_B	True	True	True	False	False	2	PASS	16	16	16	16	PASS	False	PASS	16	PASS	
Lotus_Weapons_Thanotech_EntratiWristGun_WristGunIncarnonEvolutions_EntratiWristGunIncarnonBeamChargeHit.lua_B	True	True	True	True	True	1	PASS	2	2	2	2	None	False	PASS	2	None	
Lotus_Weapons_Thanotech_EntratiWristGun_WristGunIncarnonEvolutions_WristGunIncarnonSubUpgrades_EntratiWristGunIncarnonConsecutiveHeadshots.lua_B	True	True	True	False	False	2	PASS	6	6	6	6	PASS	False	PASS	6	PASS	
Lotus_Weapons_Thanotech_EntratiWristGun_WristGunIncarnonEvolutions_WristGunIncarnonSubUpgrades_EntratiWristGunIncarnonCritsForHits.lua_B	True	True	True	False	False	2	PASS	7	7	7	7	PASS	False	PASS	7	PASS	
Lotus_Weapons_Thanotech_EntratiWristGun_WristGunIncarnonEvolutions_WristGunIncarnonSubUpgrades_EntratiWristGunIncarnonDamageForPunchthrough.lua_B	True	True	True	True	True	1	PASS	3	3	3	3	None	False	PASS	3	None	
Lotus_Weapons_Thanotech_EntratiWristGun_WristGunIncarnonEvolutions_WristGunIncarnonSubUpgrades_EntratiWristGunIncarnonReplenishAmmoOnKill.lua_B	True	True	True	True	True	1	PASS	3	3	3	3	None	False	PASS	3	None	
Lotus_Weapons_Thanotech_ThanoRifle_ThanotechRifle.lua_B	True	True	True	False	False	2	PASS	2	2	2	2	PASS	False	PASS	2	PASS	
Tests_CombatSoak_CombatSoak.lua_B	True	True	True	False	False	2	PASS	4	4	4	4	PASS	False	FAIL	3	FAIL	
Tutorials_Script_ScriptedBehaviorHelp.lua_B	True	True	True	True	True	1	PASS	5	5	5	5	None	False	PASS	5	None	
Tutorials_Script_ScriptedConditionHelp.lua_B	True	True	True	True	True	1	PASS	2	2	2	2	None	False	PASS	2	None	
